$date
	Thu May  8 12:19:11 2025
$end

$version
	Synopsys VCS version V-2023.12_Full64
$end

$timescale
	10ps
$end

$comment Csum: 1 a7a2cbf33de0bb45 $end


$scope module $unit $end
$upscope $end


$scope module testfixture $end
$var integer 32 ! fd $end
$var reg 10 " ix [9:0] $end
$var reg 10 # iy [9:0] $end
$var integer 32 $ patnum $end
$var integer 32 % objnum $end
$var integer 32 & obj_isin $end
$var integer 32 ' charcount $end
$var integer 32 ( pass $end
$var integer 32 ) fail $end
$var reg 1 * CLK $end
$var reg 1 + RST $end
$var reg 5 , PT_XY [4:0] $end
$var wire 1 - READ_PT $end
$var wire 10 . DROP_XY [9:0] $end
$var wire 1 / DROP_V $end
$var wire 1 0 valid $end
$var wire 1 1 is_inside $end
$var reg 23 2 cycle [22:0] $end
$var reg 8 3 PTWIDROP_idx [7:0] $end
$var reg 32 4 i [31:0] $end
$var reg 32 5 j [31:0] $end
$var reg 4 6 boundid [3:0] $end
$var reg 4 7 dropid [3:0] $end
$var reg 32 8 pointid [31:0] $end
$var reg 10 9 total_failed_points [9:0] $end
$var reg 32 : point_total [31:0] $end
$var reg 8 ; READ_PT_num [7:0] $end
$var reg 3 < READ_PT_count [2:0] $end
$var reg 10 = DROP_X [9:0] $end
$var reg 10 > DROP_Y [9:0] $end
$var reg 32 ? match_drop [31:0] $end
$var reg 1 @ DROP_PT_count $end
$var reg 8 A ERROR_PT_ID [7:0] $end

$scope begin unnamed$$_0 $end
$upscope $end


$scope begin unnamed$$_1 $end
$upscope $end


$scope begin unnamed$$_2 $end
$upscope $end


$scope begin unnamed$$_3 $end
$upscope $end


$scope module u_CONVEX $end
$var wire 1 B CLK $end
$var wire 1 C RST $end
$var wire 5 D PT_XY [4:0] $end
$var reg 1 E READ_PT $end
$var reg 10 F DROP_XY [9:0] $end
$var reg 1 G DROP_V $end
$var reg 4 H cstate [3:0] $end
$var reg 4 I nstate [3:0] $end
$var reg 10 J new_point_X_r [9:0] $end
$var reg 10 K new_point_Y_r [9:0] $end
$var reg 4 L num_points_r [3:0] $end
$var reg 4 M num_points_w [3:0] $end
$var reg 4 N generic_cnt [3:0] $end
$var reg 10 O centroid_X_r [9:0] $end
$var reg 10 P centroid_Y_r [9:0] $end
$var reg 19 Q centroid_X_w [18:0] $end
$var reg 19 R centroid_Y_w [18:0] $end
$var reg 3 S num_drop_r [2:0] $end
$var reg 4 T idx_closest_point_r [3:0] $end
$var reg 21 U min_distance_r [20:0] $end
$var reg 4 V idx_upper_r [3:0] $end
$var reg 4 W idx_lower_r [3:0] $end
$var reg 4 X idx_tranverse_r [3:0] $end
$var reg 5 Y out_cnt_r [4:0] $end
$var wire 1 Z is_outside_w $end
$var wire 11 [ s_xA_w [10:0] $end
$var wire 11 \ s_yA_w [10:0] $end
$var wire 11 ] s_xB_w [10:0] $end
$var wire 11 ^ s_yB_w [10:0] $end
$var wire 11 _ s_xC_w [10:0] $end
$var wire 11 ` s_yC_w [10:0] $end
$var wire 11 a s_xP_w [10:0] $end
$var wire 11 b s_yP_w [10:0] $end
$var wire 11 c s_xD_w [10:0] $end
$var wire 11 d s_yD_w [10:0] $end
$var wire 11 e s_xE_w [10:0] $end
$var wire 11 f s_yE_w [10:0] $end
$var wire 11 g s_xF_w [10:0] $end
$var wire 11 h s_yF_w [10:0] $end
$var wire 11 i s_xG_w [10:0] $end
$var wire 11 j s_yG_w [10:0] $end
$var wire 21 k side_of_centroid_w [20:0] $end
$var wire 21 l side_of_newpoint_w [20:0] $end
$var wire 21 m side_of_C_w [20:0] $end
$var wire 21 n distance_to_P_w [20:0] $end
$var reg 11 o xa [10:0] $end
$var reg 11 p ya [10:0] $end
$var reg 11 q xb [10:0] $end
$var reg 11 r yb [10:0] $end
$var reg 11 s xc [10:0] $end
$var reg 11 t yc [10:0] $end
$var wire 21 u orientation_w [20:0] $end
$var integer 32 v i $end
$upscope $end

$upscope $end

$enddefinitions $end

#0
$dumpvars
0*
x@
0/
0-
1+
z1
xZ
0G
0E
1C
z0
bxxxxxxxxxx =
bxxxxxxxxxx .
bxxxxxxxxxx >
bxxxxxxxx A
b00000001 3
bxxxxx ,
bxxx <
bxxxxxxxx ;
b1000 6
b0000000000 O
b0000000000000000000 Q
b0000000000 P
b0000000000000000000 R
b00000000000000000000000000000000 '
b0000 H
b00000000000000000000000 2
bxxxxxxxxxxxxxxxxxxxxx n
b0001 7
b00000000000000000000000000000000 )
b10000000000000000000000000000011 !
b0000 N
b0000 T
b0000 W
b0000 X
b0000 V
b0111111011 "
b1110111100 #
b011111111111111111111 U
bxxxxxxxxxx J
bxxxxxxxxxx K
b1000 I
b000 S
b0000 L
b0000 M
bxxxxxxxxxxxxxxxxxxxxxxxxxxxxxxxx &
bxxxxxxxxxxxxxxxxxxxxxxxxxxxxxxxx %
bxxxxxxxxxxxxxxxxxxxxx u
b00000 Y
b00000000000000000000000000000000 (
bxxxxxxxxxxxxxxxxxxxxxxxxxxxxxxxx $
b00000000000 [
b0xxxxxxxxxx ]
b00000000000 _
b00000000000 c
b0xxxxxxxxxx e
b00000000000 g
b0xxxxxxxxxx i
b0xxxxxxxxxx a
b00000000000 \
b0xxxxxxxxxx ^
b00000000000 `
b00000000000 d
b0xxxxxxxxxx f
b00000000000 h
b0xxxxxxxxxx j
b0xxxxxxxxxx b
bxxxxxxxxxxxxxxxxxxxxx m
bxxxxxxxxxxxxxxxxxxxxx k
bxxxxxxxxxxxxxxxxxxxxx l
bxxxxxxxxxx 9
bxxxxxxxxxx F
bxxxxx D
b00000000000000000000000000000110 v
b0xxxxxxxxxx o
b00000000000 q
b0xxxxxxxxxx s
b0xxxxxxxxxx p
b00000000000 r
b0xxxxxxxxxx t
b00000000000000000000000000000000 4
b00000000000000000000000000000000 5
b00000000000000000000000000000000 ?
b00000000000000000000000000110010 :
b00000000000000000000000000110010 8
0B
$end
#400
1*
1B
b00000000000000000000001 2
b00000000 ;
b000 <
0@
b00000 ,
b00000 D
#800
0*
0B
#1200
1*
1B
b00000000000000000000010 2
#1600
0*
0B
#2000
1*
1B
b00000000000000000000011 2
#2100
0+
0C
#2400
0*
0B
#2800
1*
1B
b0000101111 9
b00000000000000000000100 2
b1000 H
1E
1-
b00000000000000000000000000001110 v
b00000000000000000000000000000110 v
b0001 I
#3200
0*
0B
#3600
1*
1B
b00000000000000000000101 2
b0001 H
0E
0-
b00000000000000000000000000001110 v
b00000000000000000000000000000110 v
#3700
b00000001 ;
b100 <
b10101 ,
b10101 D
#4000
0*
0B
#4400
1*
1B
b00000000000000000000110 2
b0001 N
b1010100000 J
b01010100000 a
b00000000000000000000000000001110 v
b00000000000000000000000000000110 v
b01010100000 o
#4500
b011 <
b11101 ,
b11101 D
#4800
0*
0B
#5200
1*
1B
b00000000000000000000111 2
b0010 N
b1010111101 J
b01010111101 a
b00000000000000000000000000001110 v
b00000000000000000000000000000110 v
b01010111101 o
#5300
b010 <
b01101 ,
b01101 D
#5600
0*
0B
#6000
1*
1B
b00000000000000000001000 2
b0011 N
b0110100000 K
b00110100000 b
b00000000000000000000000000001110 v
b00000000000000000000000000000110 v
b00110100000 p
b010100010001110001001 n
#6100
b001 <
b10010 ,
b10010 D
#6400
0*
0B
#6800
1*
1B
b00000000000000000001001 2
b000 <
b0100 N
b0110110010 K
b00110110010 b
b00000 ,
b00000 D
b1001 I
b00000000000000000000000000001110 v
b00000000000000000000000000000110 v
b00110110010 p
b010100101111101001101 n
#7200
0*
0B
#7600
1*
1B
b00000000000000000001010 2
b0000 N
b1001 H
b1000 I
b0001 M
b00000000000000000000000000001101 v
b00000000000000000000000000000110 v
#8000
0*
0B
#8400
1*
1B
b00000000000000000001011 2
b1000 H
b0001 L
b00110110010 h
b00110110010 d
b00110110010 \
b01010111101 g
b01010111101 c
b01010111101 [
1E
1-
b00000000000000000000000000001110 v
b00000000000000000000000000000110 v
b00110110010 r
b01010111101 q
b0001 I
b01010111101 i
b00110110010 j
b01010111101 e
b00110110010 f
b00110110010 ^
b01010111101 ]
b000000000000000000000 n
b00110110010 t
b01010111101 s
b000000000000000000000 m
b000000000000000000000 l
b000000000000000000000 k
0Z
b000000000000000000000 u
#8800
0*
0B
#9200
1*
1B
b00000000000000000001100 2
b0001 H
0E
0-
b00000000000000000000000000001110 v
b00000000000000000000000000000110 v
#9300
b00000010 ;
b100 <
b10110 ,
b10110 D
#9600
0*
0B
#10000
1*
1B
b00000000000000000001101 2
b0001 N
b0xxxxxxxxxx \
b0xxxxxxxxxx [
b1011000000 J
b01011000000 a
bxxxxxxxxxxxxxxxxxxxxx n
bxxxxxxxxxxxxxxxxxxxxx m
bxxxxxxxxxxxxxxxxxxxxx l
xZ
bxxxxxxxxxxxxxxxxxxxxx k
b00000000000000000000000000001110 v
b00000000000000000000000000000110 v
b01011000000 o
#10100
b011 <
b11100 ,
b11100 D
#10400
0*
0B
#10800
1*
1B
b00000000000000000001110 2
b0010 N
b1011011100 J
b01011011100 a
b00000000000000000000000000001110 v
b00000000000000000000000000000110 v
b01011011100 o
#10900
b010 <
b01100 ,
b01100 D
#11200
0*
0B
#11600
1*
1B
b00000000000000000001111 2
b0011 N
b0110000000 K
b00110000000 b
b00000000000000000000000000001110 v
b00000000000000000000000000000110 v
b00110000000 p
#11700
b001 <
b10011 ,
b10011 D
#12000
0*
0B
#12400
1*
1B
b00000000000000000010000 2
b000 <
b0100 N
b0110010011 K
b00110010011 b
b00000 ,
b00000 D
b1001 I
b00000000000000000000000000001110 v
b00000000000000000000000000000110 v
b00110010011 p
#12800
0*
0B
#13200
1*
1B
b00000000000000000010001 2
b0000 N
b00110110010 \
b01010111101 [
b1001 H
b1000 I
b000000000011110000010 n
b000000000000000000000 m
b000000000000000000000 l
b000000000000000000000 k
0Z
b0010 M
b00000000000000000000000000001101 v
b00000000000000000000000000000110 v
#13600
0*
0B
#14000
1*
1B
b00000000000000000010010 2
b1000 H
b0010 L
b00110010011 h
b00110010011 d
b00110010011 \
b01011011100 g
b01011011100 c
b01011011100 [
1E
1-
b00000000000000000000000000001110 v
b00000000000000000000000000000110 v
b00110010011 r
b01011011100 q
b0001 I
b01010111101 i
b00110110010 j
b01010111101 e
b00110110010 f
b00110110010 ^
b01010111101 ]
b000000000000000000000 n
b000000000000000000000 m
b000000000000000000000 l
b000001000100101110001 k
b000000000000000000000 u
#14400
0*
0B
#14800
1*
1B
b00000000000000000010011 2
b0001 H
0E
0-
b00000000000000000000000000001110 v
b00000000000000000000000000000110 v
#14900
b00000011 ;
b100 <
b11001 ,
b11001 D
#15200
0*
0B
#15600
1*
1B
b00000000000000000010100 2
b0001 N
b00110110010 \
b01010111101 [
b1100100000 J
b01100100000 a
b00110010011 ^
b01011011100 ]
b000000010101000001010 n
b000000000100000111100 m
b000000000100000111100 l
b111110111011010001111 k
1Z
b00000000000000000000000000001110 v
b00000000000000000000000000000110 v
b01100100000 o
b000000000100000111100 u
#15700
b011 <
b00111 ,
b00111 D
#16000
0*
0B
#16400
1*
1B
b00000000000000000010101 2
b0010 N
b1100100111 J
b01100100111 a
b00110110010 ^
b01010111101 ]
b00000000000000000000000000001110 v
b00000000000000000000000000000110 v
b01100100111 o
b000000010111110100101 n
b000000000000000000000 m
b000000000000000000000 l
b000000000000000000000 k
0Z
b000000000100100010101 u
#16500
b010 <
b10110 ,
b10110 D
#16800
0*
0B
#17200
1*
1B
b00000000000000000010110 2
b0011 N
b1011000000 K
b01011000000 b
b00110010011 ^
b01011011100 ]
b00000000000000000000000000001110 v
b00000000000000000000000000000110 v
b01011000000 p
b000010100100010101000 n
b000000010110110001000 m
b000000010110110001000 l
b111110111011010001111 k
1Z
b000000010110110001000 u
#17300
b001 <
b11110 ,
b11110 D
#17600
0*
0B
#18000
1*
1B
b00000000000000000010111 2
b000 <
b0100 N
b1011011110 K
b01011011110 b
b00000 ,
b00000 D
b1001 I
b00110110010 ^
b01010111101 ]
b00000000000000000000000000001110 v
b00000000000000000000000000000110 v
b01011011110 p
b000011000101101110100 n
b000000000000000000000 m
b000000000000000000000 l
b000000000000000000000 k
0Z
b000000011000100101010 u
#18400
0*
0B
#18800
1*
1B
b00000000000000000011000 2
b0000 N
b00110010011 \
b01011011100 [
b1001 H
b1000 I
b000011100000111110010 n
b111111100111011010110 m
b111111100111011010110 l
1Z
b000001000100101110001 k
b0011 M
b00000000000000000000000000001101 v
b00000000000000000000000000000110 v
b1010 I
#19200
0*
0B
#19600
1*
1B
b00000000000000000011001 2
b1010 H
b0011 L
b01011011110 h
b01011011110 d
b01011011110 \
b01100100111 g
b01100100111 c
b01100100111 [
b00000000000000000000000000001110 v
b00000000000000000000000000000110 v
b01011011110 r
b01100100111 q
b1000 I
b00110010011 f
b00110010011 ^
b000000000000000000000 n
b000000000000000000000 m
b000000000000000000000 l
0Z
b111010001110001111111 k
1Z
b01011011100 e
b01011011100 ]
b000000000000000000000 u
b111001100001110011101 k
#20000
0*
0B
#20400
1*
1B
b00000000000000000011010 2
b1000 H
1E
1-
b00000000000000000000000000001110 v
b00000000000000000000000000000110 v
b0010000011111100001 R
b0010111100001000000 Q
b0001 I
b00110010011 j
b00110110010 f
b00110110010 ^
b01011011100 i
b01010111101 e
b01010111101 ]
b00110010011 t
b01011011100 s
b111010111111000111000 k
#20800
0*
0B
#21200
1*
1B
b00000000000000000011011 2
b0001 H
b1011110000 O
b01011110000 _
b1000001111 P
b01000001111 `
0E
0-
b00000000000000000000000000001110 v
b00000000000000000000000000000110 v
b0010000011110000000 R
b0010111100000000000 Q
b000000001010101000010 k
0Z
#21300
b00000100 ;
b100 <
b11010 ,
b11010 D
#21600
0*
0B
#22000
1*
1B
b00000000000000000011100 2
b0001 N
b00110110010 \
b01010111101 [
b1101000000 J
b01101000000 a
b00110010011 ^
b01011011100 ]
b000011010001010011001 n
b000000011010000110001 m
b000000011010000110001 l
b000000001000101110000 k
b00000000000000000000000000001110 v
b00000000000000000000000000000110 v
b01101000000 o
b111111101111110101101 u
#22100
b011 <
b00110 ,
b00110 D
#22400
0*
0B
#22800
1*
1B
b00000000000000000011101 2
b0010 N
b00110010011 \
b01011011100 [
b1101000110 J
b01101000110 a
b01011011110 ^
b01100100111 ]
b000011101011111011101 n
b111111101011111101011 m
b111111101011111101011 l
1Z
b000000000101001111000 k
b00000000000000000000000000001110 v
b00000000000000000000000000000110 v
b01101000110 o
b111111101011111101011 u
#22900
b010 <
b00010 ,
b00010 D
#23200
0*
0B
#23600
1*
1B
b00000000000000000011110 2
b0011 N
b0001000000 K
b00001000000 b
b00110110010 ^
b01010111101 ]
b00000000000000000000000000001110 v
b00000000000000000000000000000110 v
b00001000000 p
b000011110110011001101 n
b000000001110000110111 m
b000000001110000110111 l
0Z
b111111110111010010000 k
1Z
b111110001001110100001 u
#23700
b001 <
b01000 ,
b01000 D
#24000
0*
0B
#24400
1*
1B
b00000000000000000011111 2
b000 <
b0100 N
b00110110010 \
b01010111101 [
b0001001000 K
b00001001000 b
b00000 ,
b00000 D
b0010 I
b00110010011 ^
b01011011100 ]
b000100100100100110101 n
b111111110010011000001 m
b111111110010011000001 l
0Z
b000000001000101110000 k
1Z
b00000000000000000000000000001110 v
b00000000000000000000000000000110 v
b00001001000 p
b111110001010111111001 u
#24800
0*
0B
#25200
1*
1B
b00000000000000000100000 2
b0000 N
b01011011110 \
b01100100111 [
b0010 H
b0011 I
b00110110010 ^
b01010111101 ]
b001101011001110100101 n
b000010011011001110000 m
b000010011011001110000 l
0Z
b000000001010101000010 k
b00000000000000000000000000001110 v
b00000000000000000000000000000110 v
b0010 I
#25600
0*
0B
#26000
1*
1B
b00000000000000000100001 2
b0001 N
b00110110010 \
b01010111101 [
b00110010011 ^
b01011011100 ]
b000100100100100110101 n
b111111110010011000001 m
b111111110010011000001 l
1Z
b000000001000101110000 k
b0011 I
#26400
0*
0B
#26800
1*
1B
b00000000000000000100010 2
b0000 N
b01011011110 \
b01100100111 [
b0011 H
b00110110010 ^
b01010111101 ]
b001101011001110100101 n
b000010011011001110000 m
b000010011011001110000 l
0Z
b000000001010101000010 k
b00000000000000000000000000001110 v
b00000000000000000000000000000110 v
#27200
0*
0B
#27600
1*
1B
b00000000000000000100011 2
b0001 N
b00110110010 \
b01010111101 [
b001101011001110100101 U
b00110010011 ^
b01011011100 ]
b000100100100100110101 n
b111111110010011000001 m
b111111110010011000001 l
1Z
b000000001000101110000 k
#28000
0*
0B
#28400
1*
1B
b00000000000000000100100 2
b0010 N
b00110010011 \
b01011011100 [
b000100100100100110101 U
b0001 T
b0001 V
b00110110010 d
b01010111101 c
b0001 W
b00110110010 h
b01010111101 g
b0100 I
b01011011110 ^
b01100100111 ]
b000011101011111011101 n
b111110001010111111001 m
b111110001010111111001 l
b000000000101001111000 k
b00000000000000000000000000001110 v
b01011011100 e
b00110010011 f
b00110110010 r
b01010111101 q
b01100100111 i
b01011011110 j
b000000001101100111111 u
b01011011110 t
b01100100111 s
b000010011011001110000 u
#28800
0*
0B
#29200
1*
1B
b00000000000000000100101 2
b0000 N
b01011011110 \
b01100100111 [
b0100 H
b000011101011111011101 U
b0010 T
b0010 V
b00110010011 d
b01011011100 c
b0010 W
b00110010011 h
b01011011100 g
b00110110010 ^
b01010111101 ]
b001101011001110100101 n
b000010011011001110000 m
b000010011011001110000 l
0Z
b000000001010101000010 k
b00000000000000000000000000000110 v
b00110010011 t
b01011011100 s
b00110010011 r
b01011011100 q
b01100100111 e
b01011011110 f
b01010111101 i
b00110110010 j
b000000000000000000000 u
b01011011110 t
b01100100111 s
b000001110101000000111 u
#29600
0*
0B
#30000
1*
1B
b00000000000000000100110 2
b0001 N
b00110110010 \
b01010111101 [
b011111111111111111111 U
b0000 V
b01011011110 d
b01100100111 c
b00110010011 ^
b01011011100 ]
b000100100100100110101 n
b111111110010011000001 m
b111111110010011000001 l
1Z
b000000001000101110000 k
b00000000000000000000000000001110 v
b01010111101 e
b00110110010 f
b00110110010 t
b01010111101 s
b01011011110 r
b01100100111 q
b111101100100110010000 u
b0101 I
#30400
0*
0B
#30800
1*
1B
b00000000000000000100111 2
b0000 N
b01011011110 \
b01100100111 [
b0101 H
b00110110010 ^
b01010111101 ]
b001101011001110100101 n
b000010011011001110000 m
b000010011011001110000 l
0Z
b000000001010101000010 k
b00000000000000000000000000000110 v
b00110010011 r
b01011011100 q
b111111110010011000001 u
#31200
0*
0B
#31600
1*
1B
b00000000000000000101000 2
b0001 N
b00110110010 \
b01010111101 [
b0001 W
b00110110010 h
b01010111101 g
b00110010011 ^
b01011011100 ]
b000100100100100110101 n
b111111110010011000001 m
b111111110010011000001 l
1Z
b000000001000101110000 k
b00110110010 r
b01010111101 q
b01100100111 i
b01011011110 j
b000000000000000000000 u
b01011011110 t
b01100100111 s
b000010011011001110000 u
b0110 I
#32000
0*
0B
#32400
1*
1B
b00000000000000000101001 2
b0000 N
b01011011110 \
b01100100111 [
b0110 H
b0010 X
b00110110010 ^
b01010111101 ]
b001101011001110100101 n
b000010011011001110000 m
b000010011011001110000 l
0Z
b000000001010101000010 k
b00000000000000000000000000001110 v
b00000000000000000000000000000110 v
#32800
0*
0B
#33200
1*
1B
b00000000000000000101010 2
b0001 N
b00110110010 \
b01010111101 [
b001 S
b0000 X
b0111 I
b00110010011 ^
b01011011100 ]
b000100100100100110101 n
b111111110010011000001 m
b111111110010011000001 l
1Z
b000000001000101110000 k
b00000000000000000000000000001110 v
b00000000000000000000000000000110 v
#33600
0*
0B
#34000
1*
1B
b00000000000000000101011 2
b0000 N
b01011011110 \
b01100100111 [
b0111 H
b00010 Y
b0001 X
b00110110010 ^
b01010111101 ]
b001101011001110100101 n
b000010011011001110000 m
b000010011011001110000 l
0Z
b000000001010101000010 k
b1011011100 F
b1011011100 .
1G
1/
b00000000000000000000000000001110 v
b00000000000000000000000000000110 v
#34400
0*
0B
#34800
1*
1B
b00000000000000000101100 2
1@
b1011011100 =
b0001 N
b00110110010 \
b01010111101 [
b00001 Y
b00110010011 ^
b01011011100 ]
b000100100100100110101 n
b111111110010011000001 m
b111111110010011000001 l
1Z
b000000001000101110000 k
b0110010011 F
b0110010011 .
#35200
0*
0B
#35600
1*
1B
b0110010011 >
b00000000000000000000000000000001 ?
b00000010 3
b00000000000000000101101 2
0@
b0010 N
b00110010011 \
b01011011100 [
b00000 Y
b1001 I
b01011011110 ^
b01100100111 ]
b000011101011111011101 n
b111110001010111111001 m
b111110001010111111001 l
b000000000101001111000 k
bxxxxxxxxxx F
bxxxxxxxxxx .
0G
0/
#36000
0*
0B
#36400
1*
1B
b0000101110 9
b00000000000000000101110 2
b0000 N
b01011011110 \
b01100100111 [
b1001 H
b11111 Y
b1000 I
b00110110010 ^
b01010111101 ]
b001101011001110100101 n
b000010011011001110000 m
b000010011011001110000 l
0Z
b000000001010101000010 k
b00000000000000000000000000001101 v
b00000000000000000000000000000110 v
#36800
0*
0B
#37200
1*
1B
b00000000000000000101111 2
b1000 H
b01011011110 h
b00001001000 d
b00001001000 \
b01100100111 g
b01101000110 c
b01101000110 [
1E
1-
b00000000000000000000000000001110 v
b00000000000000000000000000000110 v
b0001101000001001000 R
b0011000101000001110 Q
b01011011110 r
b01100100111 q
b0001 I
b00001001000 j
b01011011110 f
b01011011110 ^
b000000000000000000000 n
b000000000000000000000 m
b000000000000000000000 l
b111111110101011100101 k
1Z
b01101000110 i
b01100100111 e
b01100100111 ]
b000000000000000000000 u
b00001001000 t
b01101000110 s
b000001010011101001011 k
0Z
b000000000000000000000 u
#37600
0*
0B
#38000
1*
1B
b00000000000000000110000 2
b0001 H
b1100010100 O
b01100010100 _
b0110100000 P
b00110100000 `
b000 S
0E
0-
b00000000000000000000000000001110 v
b00000000000000000000000000000110 v
b0001101000000000000 R
b0011000101000000000 Q
b000000101011110100100 k
#38100
b00000101 ;
b100 <
b11001 ,
b11001 D
#38400
0*
0B
#38800
1*
1B
b00000000000000000110001 2
b0001 N
b01011011110 \
b01100100111 [
b1100100000 J
b01100100000 a
b00110110010 ^
b01010111101 ]
b001101011000000010101 n
b000010000100111101000 m
b000010000100111101000 l
b000000110110101101000 k
b00000000000000000000000000001110 v
b00000000000000000000000000000110 v
b01100100000 o
b000000110001001000100 u
#38900
b011 <
b00111 ,
b00111 D
#39200
0*
0B
#39600
1*
1B
b00000000000000000110010 2
b0010 N
b00110110010 \
b01010111101 [
b1100100111 J
b01100100111 a
b00001001000 ^
b01101000110 ]
b000100010101111001000 n
b111111101010000101010 m
b111111101010000101010 l
1Z
b000000111000101100100 k
b00000000000000000000000000001110 v
b00000000000000000000000000000110 v
b01100100111 o
b000000101000000101010 u
#39700
b010 <
b01010 ,
b01010 D
#40000
0*
0B
#40400
1*
1B
b00000000000000000110011 2
b0011 N
b00110010011 \
b01011011100 [
b0101000000 K
b00101000000 b
b01011011110 ^
b01100100111 ]
b000000011000011100010 n
b111111000011010110110 m
b111111000011010110110 l
b111111011101101100111 k
0Z
b00000000000000000000000000001110 v
b00000000000000000000000000000110 v
b00101000000 p
b000000011001000100010 u
#40500
b001 <
b00010 ,
b00010 D
#40800
0*
0B
#41200
1*
1B
b00000000000000000110100 2
b000 <
b0100 N
b01011011110 \
b01100100111 [
b0101000010 K
b00101000010 b
b00000 ,
b00000 D
b0010 I
b00110110010 ^
b01010111101 ]
b000101001011100010000 n
b000001010101010011000 m
b000001010101010011000 l
1Z
b000000110110101101000 k
0Z
b00000000000000000000000000001110 v
b00000000000000000000000000000110 v
b00101000010 p
b000000011000111100100 u
#41600
0*
0B
#42000
1*
1B
b00000000000000000110101 2
b0000 N
b00001001000 \
b01101000110 [
b0010 H
b01011011110 ^
b01100100111 ]
b000001111011111100101 n
b000000011000111100100 m
b000000011000111100100 l
b000000101011110100100 k
b00000000000000000000000000001110 v
b00000000000000000000000000000110 v
#42400
0*
0B
#42800
1*
1B
b00000000000000000110110 2
b0001 N
b01011011110 \
b01100100111 [
b00110110010 ^
b01010111101 ]
b000101001011100010000 n
b000001010101010011000 m
b000001010101010011000 l
b000000110110101101000 k
#43200
0*
0B
#43600
1*
1B
b00000000000000000110111 2
b0010 N
b00110110010 \
b01010111101 [
b1011 I
b00001001000 ^
b01101000110 ]
b000000101110011100100 n
b000000101100111110100 m
b000000101100111110100 l
b000000111000101100100 k
#44000
0*
0B
#44400
1*
1B
b00000000000000000111000 2
b0000 N
b00001001000 \
b01101000110 [
b1011 H
b0111 I
b01011011110 ^
b01100100111 ]
b000001111011111100101 n
b000000011000111100100 m
b000000011000111100100 l
b000000101011110100100 k
b00000000000000000000000000001110 v
b00000000000000000000000000000110 v
#44800
0*
0B
#45200
1*
1B
b00000000000000000111001 2
b0111 H
b111 S
b00010 Y
b1100100111 F
b1100100111 .
1G
1/
b00000000000000000000000000001110 v
b00000000000000000000000000000110 v
#45600
0*
0B
#46000
1*
1B
b00000000000000000111010 2
1@
b1100100111 =
b0001 N
b01011011110 \
b01100100111 [
b00001 Y
b00110110010 ^
b01010111101 ]
b000101001011100010000 n
b000001010101010011000 m
b000001010101010011000 l
b000000110110101101000 k
b0101000010 F
b0101000010 .
#46400
0*
0B
#46800
1*
1B
b0101000010 >
b00000000000000000000000000000000 ?
b00000000000000000000000000000001 ?
b00000011 3
b00000000000000000111011 2
0@
b0010 N
b00110110010 \
b01010111101 [
b00000 Y
b1001 I
b00001001000 ^
b01101000110 ]
b000000101110011100100 n
b000000101100111110100 m
b000000101100111110100 l
b000000111000101100100 k
bxxxxxxxxxx F
bxxxxxxxxxx .
0G
0/
#47200
0*
0B
#47600
1*
1B
b0000101100 9
b00000000000000000111100 2
b0000 N
b00001001000 \
b01101000110 [
b1001 H
b11111 Y
b1000 I
b01011011110 ^
b01100100111 ]
b000001111011111100101 n
b000000011000111100100 m
b000000011000111100100 l
b000000101011110100100 k
b00000000000000000000000000001110 v
b00000000000000000000000000000110 v
#48000
0*
0B
#48400
1*
1B
b00000000000000000111101 2
b1000 H
1E
1-
b00000000000000000000000000001110 v
b00000000000000000000000000000110 v
b0001101000001001000 R
b0011000101000001110 Q
b0001 I
#48800
0*
0B
#49200
1*
1B
b00000000000000000111110 2
b0001 H
b000 S
0E
0-
b00000000000000000000000000001110 v
b00000000000000000000000000000110 v
b0001101000000000000 R
b0011000101000000000 Q
#49300
b00000110 ;
b100 <
b11010 ,
b11010 D
#49600
0*
0B
#50000
1*
1B
b00000000000000000111111 2
b0001 N
b01011011110 \
b01100100111 [
b1101000000 J
b01101000000 a
b00110110010 ^
b01010111101 ]
b000101001100110000001 n
b000001100011111100100 m
b000001100011111100100 l
b000000110110101101000 k
b00000000000000000000000000001110 v
b00000000000000000000000000000110 v
b01101000000 o
b111111111000100111110 u
#50100
b011 <
b00101 ,
b00101 D
#50400
0*
0B
#50800
1*
1B
b00000000000000001000000 2
b0010 N
b00110110010 \
b01010111101 [
b1101000101 J
b01101000101 a
b00001001000 ^
b01101000110 ]
b000000111100101000000 n
b000001000010001100000 m
b000001000010001100000 l
b000000111000101100100 k
b00000000000000000000000000001110 v
b00000000000000000000000000000110 v
b01101000101 o
b111111110010001010000 u
#50900
b010 <
b10101 ,
b10101 D
#51200
0*
0B
#51600
1*
1B
b00000000000000001000001 2
b0011 N
b00110010011 \
b01011011100 [
b1010100000 K
b01010100000 b
b01011011110 ^
b01100100111 ]
b000010100010110111010 n
b111111100011100001100 m
b111111100011100001100 l
1Z
b111111011101101100111 k
0Z
b00000000000000000000000000001110 v
b00000000000000000000000000000110 v
b01010100000 p
b111111011100111101110 u
#51700
b001 <
b11000 ,
b11000 D
#52000
0*
0B
#52400
1*
1B
b00000000000000001000010 2
b000 <
b0100 N
b01011011110 \
b01100100111 [
b1010111000 K
b01010111000 b
b00000 ,
b00000 D
b0010 I
b00110110010 ^
b01010111101 ]
b000000000100100101000 n
b000000011001011100100 m
b000000011001011100100 l
1Z
b000000110110101101000 k
0Z
b00000000000000000000000000001110 v
b00000000000000000000000000000110 v
b01010111000 p
b111111011011100000110 u
#52800
0*
0B
#53200
1*
1B
b00000000000000001000011 2
b0000 N
b00001001000 \
b01101000110 [
b0010 H
b01011011110 ^
b01100100111 ]
b001011111000100000001 n
b111111011011100000110 m
b111111011011100000110 l
1Z
b000000101011110100100 k
b00000000000000000000000000001110 v
b00000000000000000000000000000110 v
b0011 I
#53600
0*
0B
#54000
1*
1B
b00000000000000001000100 2
b0011 H
b00000000000000000000000000001110 v
b00000000000000000000000000000110 v
#54400
0*
0B
#54800
1*
1B
b00000000000000001000101 2
b0001 N
b01011011110 \
b01100100111 [
b001011111000100000001 U
b0000 T
b0000 W
b00001001000 h
b01101000110 g
b00110110010 ^
b01010111101 ]
b000000000100100101000 n
b000000011001011100100 m
b000000011001011100100 l
0Z
b000000110110101101000 k
b00001001000 r
b01101000110 q
b01010111101 i
b00110110010 j
b000000000000000000000 u
b00110110010 t
b01010111101 s
b000010100110010000110 u
#55200
0*
0B
#55600
1*
1B
b00000000000000001000110 2
b0010 N
b00110110010 \
b01010111101 [
b000000000100100101000 U
b0001 T
b0001 V
b01011011110 d
b01100100111 c
b0001 W
b01011011110 h
b01100100111 g
b0100 I
b00001001000 ^
b01101000110 ]
b000010101010001100100 n
b000010100110010000110 m
b000010100110010000110 l
b000000111000101100100 k
b00000000000000000000000000001110 v
b01010111101 e
b00110110010 f
b01011011110 r
b01100100111 q
b01101000110 i
b00001001000 j
b111111100110100011100 u
b00001001000 t
b01101000110 s
b111111011011100000110 u
#56000
0*
0B
#56400
1*
1B
b00000000000000001000111 2
b0000 N
b00001001000 \
b01101000110 [
b0100 H
b0101 I
b01011011110 ^
b01100100111 ]
b001011111000100000001 n
b111111011011100000110 m
b111111011011100000110 l
1Z
b000000101011110100100 k
b00000000000000000000000000000110 v
b00110110010 t
b01010111101 s
b111111100110100011100 u
#56800
0*
0B
#57200
1*
1B
b00000000000000001001000 2
b0101 H
b011111111111111111111 U
b00000000000000000000000000001110 v
b00000000000000000000000000000110 v
b00001001000 t
b01101000110 s
b111111011011100000110 u
#57600
0*
0B
#58000
1*
1B
b00000000000000001001001 2
b0001 N
b01011011110 \
b01100100111 [
b0000 W
b00001001000 h
b01101000110 g
b0010 X
b00110110010 ^
b01010111101 ]
b000000000100100101000 n
b000000011001011100100 m
b000000011001011100100 l
0Z
b000000110110101101000 k
b00001001000 r
b01101000110 q
b01010111101 i
b00110110010 j
b000000000000000000000 u
b00110110010 t
b01010111101 s
b000010100110010000110 u
b0110 I
#58400
0*
0B
#58800
1*
1B
b00000000000000001001010 2
b0000 N
b00001001000 \
b01101000110 [
b0110 H
b0001 X
b0111 I
b01011011110 ^
b01100100111 ]
b001011111000100000001 n
b111111011011100000110 m
b111111011011100000110 l
1Z
b000000101011110100100 k
b00000000000000000000000000001110 v
b00000000000000000000000000000110 v
#59200
0*
0B
#59600
1*
1B
b00000000000000001001011 2
b0111 H
b00000 Y
b0010 X
b00000000000000000000000000001110 v
b00000000000000000000000000000110 v
b1001 I
#60000
0*
0B
#60400
1*
1B
b00000000000000001001100 2
b1001 H
b11111 Y
b0100 M
b00000000000000000000000000001101 v
b00000000000000000000000000000110 v
b1000 I
#60800
0*
0B
#61200
1*
1B
b00000000000000001001101 2
b1000 H
b0100 L
b01010111000 h
b01010111000 \
b01101000101 g
b01101000101 [
1E
1-
b00000000000000000000000000001110 v
b00000000000000000000000000000110 v
b01010111000 r
b01101000101 q
b0001 I
b01101000110 i
b00001001000 j
b000000000000000000000 n
b000000000000000000000 m
b000000000000000000000 l
0Z
b000000010100000010110 k
b000000000000000000000 u
b00001001000 t
b01101000110 s
#61600
0*
0B
#62000
1*
1B
b00000000000000001001110 2
b0001 H
0E
0-
b00000000000000000000000000001110 v
b00000000000000000000000000000110 v
#62100
b00000111 ;
b100 <
b11111 ,
b11111 D
#62400
0*
0B
#62800
1*
1B
b00000000000000001001111 2
b0001 N
b01011011110 \
b01100100111 [
b1111100000 J
b01111100000 a
b00110110010 ^
b01010111101 ]
b000001000101101010101 n
b000001110100010001000 m
b000001110100010001000 l
b000000110110101101000 k
b00000000000000000000000000001110 v
b00000000000000000000000000000110 v
b01111100000 o
b111101000011000110000 u
#62900
b011 <
b01011 ,
b01011 D
#63200
0*
0B
#63600
1*
1B
b00000000000000001010000 2
b0010 N
b00110110010 \
b01010111101 [
b1111101011 J
b01111101011 a
b00001001000 ^
b01101000110 ]
b000100111000001101000 n
b000100011011101000010 m
b000100011011101000010 l
b000000111000101100100 k
b00000000000000000000000000001110 v
b00000000000000000000000000000110 v
b01111101011 o
b111100110101101100000 u
#63700
b010 <
b01111 ,
b01111 D
#64000
0*
0B
#64400
1*
1B
b00000000000000001010001 2
b0011 N
b00001001000 \
b01101000110 [
b0111100000 K
b00111100000 b
b01010111000 ^
b01101000101 ]
b000101111010010011001 n
b111100110110000111000 m
b111100110110000111000 l
1Z
b000000111100010001000 k
b00000000000000000000000000001110 v
b00000000000000000000000000000110 v
b00111100000 p
b111100110110000111000 u
#64500
b001 <
b11001 ,
b11001 D
#64800
0*
0B
#65200
1*
1B
b00000000000000001010010 2
b000 <
b0100 N
b01011011110 \
b01100100111 [
b0111111001 K
b00111111001 b
b00000 ,
b00000 D
b0010 I
b01011011110 ^
b01100100111 ]
b000010110001011101001 n
b000000000000000000000 m
b000000000000000000000 l
0Z
b000000000000000000000 k
b00000000000000000000000000001110 v
b00000000000000000000000000000110 v
b00111111001 p
b111100110110000011111 u
#65600
0*
0B
#66000
1*
1B
b00000000000000001010011 2
b0000 N
b01010111000 \
b01101000101 [
b0010 H
b000001111101000100101 n
b111111111110110111110 m
b111111111110110111110 l
1Z
b000000010100000010110 k
b00000000000000000000000000001110 v
b00000000000000000000000000000110 v
b0011 I
#66400
0*
0B
#66800
1*
1B
b00000000000000001010100 2
b0011 H
b00000000000000000000000000001110 v
b00000000000000000000000000000110 v
#67200
0*
0B
#67600
1*
1B
b00000000000000001010101 2
b0001 N
b01011011110 \
b01100100111 [
b000001111101000100101 U
b0000 T
b0000 V
b01010111000 d
b01101000101 c
b00110110010 ^
b01010111101 ]
b000010110001011101001 n
b000010100010010000010 m
b000010100010010000010 l
0Z
b000000110110101101000 k
b00000000000000000000000000001110 v
b01100100111 e
b01011011110 f
#68000
0*
0B
#68400
1*
1B
b00000000000000001010110 2
b0010 N
b00110110010 \
b01010111101 [
b00001001000 ^
b01101000110 ]
b000010111011111110101 n
b000011101000100001011 m
b000011101000100001011 l
b000000111000101100100 k
#68800
0*
0B
#69200
1*
1B
b00000000000000001010111 2
b0011 N
b00001001000 \
b01101000110 [
b0100 I
b01010111000 ^
b01101000101 ]
b000110100011010111010 n
b111100110110000011111 m
b111100110110000011111 l
1Z
b000000111100010001000 k
#69600
0*
0B
#70000
1*
1B
b00000000000000001011000 2
b0000 N
b01010111000 \
b01101000101 [
b0100 H
b0101 I
b01011011110 ^
b01100100111 ]
b000001111101000100101 n
b111111111110110111110 m
b111111111110110111110 l
b000000010100000010110 k
b00000000000000000000000000000110 v
b01011011110 t
b01100100111 s
b000000000001001000010 u
b0100 I
#70400
0*
0B
#70800
1*
1B
b00000000000000001011001 2
b0001 N
b01011011110 \
b01100100111 [
b011111111111111111111 U
b0001 V
b01011011110 d
b01100100111 c
b00110110010 ^
b01010111101 ]
b000010110001011101001 n
b000010100010010000010 m
b000010100010010000010 l
0Z
b000000110110101101000 k
b00000000000000000000000000001110 v
b01010111101 e
b00110110010 f
b00110110010 t
b01010111101 s
b01011011110 r
b01100100111 q
b111101011101101111110 u
b0101 I
#71200
0*
0B
#71600
1*
1B
b00000000000000001011010 2
b0000 N
b01010111000 \
b01101000101 [
b0101 H
b01011011110 ^
b01100100111 ]
b000001111101000100101 n
b111111111110110111110 m
b111111111110110111110 l
1Z
b000000010100000010110 k
b00000000000000000000000000000110 v
b00001001000 t
b01101000110 s
b01010111000 r
b01101000101 q
b111100110110000011111 u
#72000
0*
0B
#72400
1*
1B
b00000000000000001011011 2
b0001 N
b01011011110 \
b01100100111 [
b0011 W
b00001001000 h
b01101000110 g
b0001 X
b00110110010 ^
b01010111101 ]
b000010110001011101001 n
b000010100010010000010 m
b000010100010010000010 l
0Z
b000000110110101101000 k
b00001001000 r
b01101000110 q
b01010111101 i
b00110110010 j
b000000000000000000000 u
b00110110010 t
b01010111101 s
b000011101000100001011 u
b0110 I
#72800
0*
0B
#73200
1*
1B
b00000000000000001011100 2
b0000 N
b01010111000 \
b01101000101 [
b0110 H
b0000 X
b01011011110 ^
b01100100111 ]
b000001111101000100101 n
b111111111110110111110 m
b111111111110110111110 l
1Z
b000000010100000010110 k
b00000000000000000000000000001110 v
b00000000000000000000000000000110 v
#73600
0*
0B
#74000
1*
1B
b00000000000000001011101 2
b0001 N
b01011011110 \
b01100100111 [
b001 S
b00000 Y
b0001 X
b0111 I
b00110110010 ^
b01010111101 ]
b000010110001011101001 n
b000010100010010000010 m
b000010100010010000010 l
0Z
b000000110110101101000 k
b00000000000000000000000000001110 v
b00000000000000000000000000000110 v
#74400
0*
0B
#74800
1*
1B
b00000000000000001011110 2
b0000 N
b01010111000 \
b01101000101 [
b0111 H
b00010 Y
b0010 X
b01011011110 ^
b01100100111 ]
b000001111101000100101 n
b111111111110110111110 m
b111111111110110111110 l
1Z
b000000010100000010110 k
b1101000101 F
b1101000101 .
1G
1/
b00000000000000000000000000001110 v
b00000000000000000000000000000110 v
#75200
0*
0B
#75600
1*
1B
b00000000000000001011111 2
1@
b1101000101 =
b0001 N
b01011011110 \
b01100100111 [
b00001 Y
b00110110010 ^
b01010111101 ]
b000010110001011101001 n
b000010100010010000010 m
b000010100010010000010 l
0Z
b000000110110101101000 k
b1010111000 F
b1010111000 .
#76000
0*
0B
#76400
1*
1B
b1010111000 >
b00000000000000000000000000000000 ?
b00000000000000000000000000000001 ?
b00000100 3
b00000000000000001100000 2
0@
b0010 N
b00110110010 \
b01010111101 [
b00000 Y
b1001 I
b00001001000 ^
b01101000110 ]
b000010111011111110101 n
b000011101000100001011 m
b000011101000100001011 l
b000000111000101100100 k
bxxxxxxxxxx F
bxxxxxxxxxx .
0G
0/
#76800
0*
0B
#77200
1*
1B
b0000101000 9
b00000000000000001100001 2
b0000 N
b01010111000 \
b01101000101 [
b1001 H
b11111 Y
b1000 I
b01011011110 ^
b01100100111 ]
b000001111101000100101 n
b111111111110110111110 m
b111111111110110111110 l
1Z
b000000010100000010110 k
b00000000000000000000000000001101 v
b00000000000000000000000000000110 v
#77600
0*
0B
#78000
1*
1B
b00000000000000001100010 2
b1000 H
b00111111001 \
b01111101011 [
1E
1-
b00000000000000000000000000001110 v
b00000000000000000000000000000110 v
b0001 I
b000000000000000000000 n
b000000000000000000000 m
b000000000000000000000 l
0Z
b000010000010001110111 k
#78400
0*
0B
#78800
1*
1B
b00000000000000001100011 2
b0001 H
b000 S
0E
0-
b00000000000000000000000000001110 v
b00000000000000000000000000000110 v
#78900
b00001000 ;
b100 <
b11101 ,
b11101 D
#79200
0*
0B
#79600
1*
1B
b00000000000000001100100 2
b0001 N
b01011011110 \
b01100100111 [
b1110100000 J
b01110100000 a
b00110110010 ^
b01010111101 ]
b000010000011000001010 n
b000001110110010011110 m
b000001110110010011110 l
b000000110110101101000 k
b00000000000000000000000000001110 v
b00000000000000000000000000000110 v
b01110100000 o
b000010110011011111101 u
#79700
b011 <
b01110 ,
b01110 D
#80000
0*
0B
#80400
1*
1B
b00000000000000001100101 2
b0010 N
b00110110010 \
b01010111101 [
b1110101110 J
b01110101110 a
b00001001000 ^
b01101000110 ]
b000001111011010010010 n
b000010111101011001001 m
b000010111101011001001 l
b000000111000101100100 k
b00000000000000000000000000001110 v
b00000000000000000000000000000110 v
b01110101110 o
b000010111101011001001 u
#80500
b010 <
b11000 ,
b11000 D
#80800
0*
0B
#81200
1*
1B
b00000000000000001100110 2
b0011 N
b00001001000 \
b01101000110 [
b1100000000 K
b01100000000 b
b00111111001 ^
b01111101011 ]
b001111000111010000000 n
b000010001000010110000 m
b000010001000010110000 l
b000010011001001001010 k
b00000000000000000000000000001110 v
b00000000000000000000000000000110 v
b01100000000 p
b000100000011110001000 u
#81300
b001 <
b10110 ,
b10110 D
#81600
0*
0B
#82000
1*
1B
b00000000000000001100111 2
b000 <
b0100 N
b01010111000 \
b01101000101 [
b1100010110 K
b01100010110 b
b00000 ,
b00000 D
b0010 I
b01011011110 ^
b01100100111 ]
b000000100110110010101 n
b111111110010101100110 m
b111111110010101100110 l
1Z
b000000010100000010110 k
b00000000000000000000000000001110 v
b00000000000000000000000000000110 v
b01100010110 p
b000100001001101001110 u
#82400
0*
0B
#82800
1*
1B
b00000000000000001101000 2
b0000 N
b00111111001 \
b01111101011 [
b0010 H
b0011 I
b000010100101111010010 n
b111110101110001011101 m
b111110101110001011101 l
b000010000010001110111 k
b00000000000000000000000000001110 v
b00000000000000000000000000000110 v
#83200
0*
0B
#83600
1*
1B
b00000000000000001101001 2
b0011 H
b00000000000000000000000000001110 v
b00000000000000000000000000000110 v
#84000
0*
0B
#84400
1*
1B
b00000000000000001101010 2
b0001 N
b01011011110 \
b01100100111 [
b000010100101111010010 U
b0000 V
b00111111001 d
b01111101011 c
b0000 W
b00111111001 h
b01111101011 g
b00110110010 ^
b01010111101 ]
b000000101001101110001 n
b000001000011100000100 m
b000001000011100000100 l
0Z
b000000110110101101000 k
b00000000000000000000000000001110 v
b01100100111 e
b01011011110 f
b00111111001 r
b01111101011 q
b01101000110 i
b00001001000 j
b000010110000100100001 u
b00001001000 t
b01101000110 s
b000010001111011011110 u
#84800
0*
0B
#85200
1*
1B
b00000000000000001101011 2
b0010 N
b00110110010 \
b01010111101 [
b000000101001101110001 U
b0001 T
b0001 V
b01011011110 d
b01100100111 c
b0001 W
b01011011110 h
b01100100111 g
b00001001000 ^
b01101000110 ]
b000101101000111110001 n
b000100001001101001110 m
b000100001001101001110 l
b000000111000101100100 k
b01010111101 e
b00110110010 f
b01011011110 r
b01100100111 q
b01111101011 i
b00111111001 j
b111101001110000011110 u
b00111111001 t
b01111101011 s
b111110101110001011101 u
#85600
0*
0B
#86000
1*
1B
b00000000000000001101100 2
b0011 N
b00001001000 \
b01101000110 [
b0100 I
b00111111001 ^
b01111101011 ]
b010000000100000000100 n
b000010001111011011110 m
b000010001111011011110 l
b000010011001001001010 k
#86400
0*
0B
#86800
1*
1B
b00000000000000001101101 2
b0000 N
b00111111001 \
b01111101011 [
b0100 H
b0101 I
b01011011110 ^
b01100100111 ]
b000010100101111010010 n
b111110101110001011101 m
b111110101110001011101 l
1Z
b000010000010001110111 k
b00000000000000000000000000000110 v
b00110110010 t
b01010111101 s
b111110111100011111100 u
#87200
0*
0B
#87600
1*
1B
b00000000000000001101110 2
b0101 H
b011111111111111111111 U
b00000000000000000000000000001110 v
b00000000000000000000000000000110 v
b00111111001 t
b01111101011 s
b111110101110001011101 u
#88000
0*
0B
#88400
1*
1B
b00000000000000001101111 2
b0001 N
b01011011110 \
b01100100111 [
b0000 W
b00111111001 h
b01111101011 g
b00110110010 ^
b01010111101 ]
b000000101001101110001 n
b000001000011100000100 m
b000001000011100000100 l
0Z
b000000110110101101000 k
b00111111001 r
b01111101011 q
b01101000110 i
b00001001000 j
b000000000000000000000 u
b00001001000 t
b01101000110 s
b000010001111011011110 u
b0110 I
#88800
0*
0B
#89200
1*
1B
b00000000000000001110000 2
b0000 N
b00111111001 \
b01111101011 [
b0110 H
b0001 X
b0111 I
b01011011110 ^
b01100100111 ]
b000010100101111010010 n
b111110101110001011101 m
b111110101110001011101 l
1Z
b000010000010001110111 k
b00000000000000000000000000001110 v
b00000000000000000000000000000110 v
#89600
0*
0B
#90000
1*
1B
b00000000000000001110001 2
b0111 H
b00000 Y
b0010 X
b00000000000000000000000000001110 v
b00000000000000000000000000000110 v
b1001 I
#90400
0*
0B
#90800
1*
1B
b00000000000000001110010 2
b1001 H
b11111 Y
b0101 M
b00000000000000000000000000001101 v
b00000000000000000000000000000110 v
b1000 I
#91200
0*
0B
#91600
1*
1B
b00000000000000001110011 2
b1000 H
b0101 L
b01100010110 h
b01100010110 \
b01110101110 g
b01110101110 [
1E
1-
b00000000000000000000000000001110 v
b00000000000000000000000000000110 v
b01100010110 r
b01110101110 q
b0001 I
b01111101011 i
b00111111001 j
b000000000000000000000 n
b000000000000000000000 m
b000000000000000000000 l
0Z
b000001010001110001010 k
b000000000000000000000 u
b00111111001 t
b01111101011 s
#92000
0*
0B
#92400
1*
1B
b00000000000000001110100 2
b0001 H
0E
0-
b00000000000000000000000000001110 v
b00000000000000000000000000000110 v
#92500
b00001001 ;
b100 <
b11100 ,
b11100 D
#92800
0*
0B
#93200
1*
1B
b00000000000000001110101 2
b0001 N
b01011011110 \
b01100100111 [
b1110000000 J
b01110000000 a
b00110110010 ^
b01010111101 ]
b000000010101100110001 n
b000000101000100011100 m
b000000101000100011100 l
b000000110110101101000 k
b00000000000000000000000000001110 v
b00000000000000000000000000000110 v
b01110000000 o
b000000011001100110110 u
#93300
b011 <
b01111 ,
b01111 D
#93600
0*
0B
#94000
1*
1B
b00000000000000001110110 2
b0010 N
b00110110010 \
b01010111101 [
b1110001111 J
b01110001111 a
b00001001000 ^
b01101000110 ]
b000101001101101010100 n
b000011110011101111000 m
b000011110011101111000 l
b000000111000101100100 k
b00000000000000000000000000001110 v
b00000000000000000000000000000110 v
b01110001111 o
b000000010001010000011 u
#94100
b010 <
b00100 ,
b00100 D
#94400
0*
0B
#94800
1*
1B
b00000000000000001110111 2
b0011 N
b00001001000 \
b01101000110 [
b0010000000 K
b00010000000 b
b00111111001 ^
b01111101011 ]
b000000010000100010001 n
b111111010100010011111 m
b111111010100010011111 l
1Z
b000010011001001001010 k
b00000000000000000000000000001110 v
b00000000000000000000000000000110 v
b00010000000 p
b000001100000001000001 u
#94900
b001 <
#95200
0*
0B
#95600
1*
1B
b00000000000000001111000 2
b000 <
b0100 N
b00111111001 \
b01111101011 [
b0010000100 K
b00010000100 b
b00000 ,
b00000 D
b0010 I
b01100010110 ^
b01110101110 ]
b000100100000010001001 n
b000001011111101001101 m
b000001011111101001101 l
0Z
b000010000010010010000 k
b00000000000000000000000000001110 v
b00000000000000000000000000000110 v
b00010000100 p
b000001011111101001101 u
#96000
0*
0B
#96400
1*
1B
b00000000000000001111001 2
b0000 N
b01100010110 \
b01110101110 [
b0010 H
b01011011110 ^
b01100100111 ]
b001101001111100000101 n
b000010101010000110110 m
b000010101010000110110 l
b000001010001110001010 k
b00000000000000000000000000001110 v
b00000000000000000000000000000110 v
#96800
0*
0B
#97200
1*
1B
b00000000000000001111010 2
b0001 N
b01011011110 \
b01100100111 [
b00110110010 ^
b01010111101 ]
b001011011000111100100 n
b000010111001100100100 m
b000010111001100100100 l
b000000110110101101000 k
#97600
0*
0B
#98000
1*
1B
b00000000000000001111011 2
b0010 N
b00110110010 \
b01010111101 [
b00001001000 ^
b01101000110 ]
b000100001000010001000 n
b000001000011101010110 m
b000001000011101010110 l
b000000111000101100100 k
#98400
0*
0B
#98800
1*
1B
b00000000000000001111100 2
b0011 N
b00001001000 \
b01101000110 [
b00111111001 ^
b01111101011 ]
b000000010001011100001 n
b111111010101100110011 m
b111111010101100110011 l
1Z
b000010011001001001010 k
b0011 I
#99200
0*
0B
#99600
1*
1B
b00000000000000001111101 2
b0000 N
b01100010110 \
b01110101110 [
b0011 H
b01011011110 ^
b01100100111 ]
b001101001111100000101 n
b000010101010000110110 m
b000010101010000110110 l
0Z
b000001010001110001010 k
b00000000000000000000000000001110 v
b00000000000000000000000000000110 v
#100000
0*
0B
#100400
1*
1B
b00000000000000001111110 2
b0001 N
b01011011110 \
b01100100111 [
b001101001111100000101 U
b0000 T
b0000 V
b01100010110 d
b01110101110 c
b00110110010 ^
b01010111101 ]
b001011011000111100100 n
b000010111001100100100 m
b000010111001100100100 l
b000000110110101101000 k
b00000000000000000000000000001110 v
b01100100111 e
b01011011110 f
#100800
0*
0B
#101200
1*
1B
b00000000000000001111111 2
b0010 N
b00110110010 \
b01010111101 [
b001011011000111100100 U
b0001 T
b0001 V
b01011011110 d
b01100100111 c
b0001 W
b01011011110 h
b01100100111 g
b00001001000 ^
b01101000110 ]
b000100001000010001000 n
b000001000011101010110 m
b000001000011101010110 l
b000000111000101100100 k
b01010111101 e
b00110110010 f
b01011011110 r
b01100100111 q
b01110101110 i
b01100010110 j
b000010110111111100000 u
b01100010110 t
b01110101110 s
b000010101010000110110 u
#101600
0*
0B
#102000
1*
1B
b00000000000000010000000 2
b0011 N
b00001001000 \
b01101000110 [
b000100001000010001000 U
b0010 T
b0010 V
b00110110010 d
b01010111101 c
b0010 W
b00110110010 h
b01010111101 g
b00111111001 ^
b01111101011 ]
b000000010001011100001 n
b111111010101100110011 m
b111111010101100110011 l
1Z
b000010011001001001010 k
b01101000110 e
b00001001000 f
b00110110010 r
b01010111101 q
b01100100111 i
b01011011110 j
b000100100000001010110 u
b01011011110 t
b01100100111 s
b000010111001100100100 u
#102400
0*
0B
#102800
1*
1B
b00000000000000010000001 2
b0100 N
b00111111001 \
b01111101011 [
b000000010001011100001 U
b0011 T
b0011 V
b00001001000 d
b01101000110 c
b0011 W
b00001001000 h
b01101000110 g
b0100 I
b01100010110 ^
b01110101110 ]
b000100100000010001001 n
b000001011111101001101 m
b000001011111101001101 l
0Z
b000010000010010010000 k
b01111101011 e
b00111111001 f
b00001001000 r
b01101000110 q
b01010111101 i
b00110110010 j
b000001100010000001010 u
b00110110010 t
b01010111101 s
b000001000011101010110 u
#103200
0*
0B
#103600
1*
1B
b00000000000000010000010 2
b0000 N
b01100010110 \
b01110101110 [
b0100 H
b01011011110 ^
b01100100111 ]
b001101001111100000101 n
b000010101010000110110 m
b000010101010000110110 l
b000001010001110001010 k
b00000000000000000000000000000110 v
b00111111001 t
b01111101011 s
b000000101010011001101 u
#104000
0*
0B
#104400
1*
1B
b00000000000000010000011 2
b0001 N
b01011011110 \
b01100100111 [
b011111111111111111111 U
b0100 V
b00111111001 d
b01111101011 c
b00110110010 ^
b01010111101 ]
b001011011000111100100 n
b000010111001100100100 m
b000010111001100100100 l
b000000110110101101000 k
b00000000000000000000000000001110 v
b01110101110 e
b01100010110 f
b01100010110 t
b01110101110 s
b00111111001 r
b01111101011 q
b111110100000010110011 u
b0101 I
#104800
0*
0B
#105200
1*
1B
b00000000000000010000100 2
b0000 N
b01100010110 \
b01110101110 [
b0101 H
b01011011110 ^
b01100100111 ]
b001101001111100000101 n
b000010101010000110110 m
b000010101010000110110 l
b000001010001110001010 k
b00000000000000000000000000000110 v
b00110110010 t
b01010111101 s
b00001001000 r
b01101000110 q
b000001000011101010110 u
b0110 I
#105600
0*
0B
#106000
1*
1B
b00000000000000010000101 2
b0110 H
b0100 X
b00000000000000000000000000001110 v
b00000000000000000000000000000110 v
b0111 I
#106400
0*
0B
#106800
1*
1B
b00000000000000010000110 2
b0111 H
b00000 Y
b0000 X
b00000000000000000000000000001110 v
b00000000000000000000000000000110 v
b1001 I
#107200
0*
0B
#107600
1*
1B
b00000000000000010000111 2
b1001 H
b11111 Y
b0110 M
b00000000000000000000000000001101 v
b00000000000000000000000000000110 v
b1000 I
#108000
0*
0B
#108400
1*
1B
b00000000000000010001000 2
b1000 H
b0110 L
b01011011110 h
b00110110010 d
b00010000100 \
b01100100111 g
b01010111101 c
b01110001111 [
1E
1-
b00000000000000000000000000001110 v
b00000000000000000000000000000110 v
b01011011110 r
b01100100111 q
b0001 I
b01110101110 i
b01100010110 j
b01101000110 e
b00001001000 f
b00111111001 ^
b000000000000000000000 n
b000000000000000000000 m
b000000000000000000000 l
b000000011111111010111 k
b01111101011 ]
b111101000110011011100 u
b01100010110 t
b01110101110 s
b000010001100101000111 k
b000010101010000110110 u
#108800
0*
0B
#109200
1*
1B
b00000000000000010001001 2
b0001 H
0E
0-
b00000000000000000000000000001110 v
b00000000000000000000000000000110 v
#109300
b00001010 ;
b100 <
b11100 ,
b11100 D
#109600
0*
0B
#110000
1*
1B
b00000000000000010001010 2
b0001 N
b00111111001 \
b01111101011 [
b1110000000 J
b01110000000 a
b01100010110 ^
b01110101110 ]
b000100100110000110010 n
b000001101000000000000 m
b000001101000000000000 l
b000010000010010010000 k
b00000000000000000000000000001110 v
b00000000000000000000000000000110 v
b01110000000 o
b000010101000011101110 u
#110100
b011 <
b11111 ,
b11111 D
#110400
0*
0B
#110800
1*
1B
b00000000000000010001011 2
b0010 N
b01100010110 \
b01110101110 [
b1110011111 J
b01110011111 a
b01011011110 ^
b01100100111 ]
b001101001110000100101 n
b000010101011110110110 m
b000010101011110110110 l
b000001010001110001010 k
b00000000000000000000000000001110 v
b00000000000000000000000000000110 v
b01110011111 o
b000010101011110110110 u
#110900
b010 <
b00101 ,
b00101 D
#111200
0*
0B
#111600
1*
1B
b00000000000000010001100 2
b0011 N
b01011011110 \
b01100100111 [
b0010100000 K
b00010100000 b
b00110110010 ^
b01010111101 ]
b001010011111101000100 n
b000010111101001001100 m
b000010111101001001100 l
b000000110110101101000 k
b00000000000000000000000000001110 v
b00000000000000000000000000000110 v
b00010100000 p
b000010100100011110010 u
#111700
b001 <
b11000 ,
b11000 D
#112000
0*
0B
#112400
1*
1B
b00000000000000010001101 2
b000 <
b0100 N
b00110110010 \
b01010111101 [
b0010111000 K
b00010111000 b
b00000 ,
b00000 D
b0010 I
b00001001000 ^
b01101000110 ]
b000011011101110101000 n
b000001011100111001010 m
b000001011100111001010 l
b000000111000101100100 k
b00000000000000000000000000001110 v
b00000000000000000000000000000110 v
b00010111000 p
b000010011110001001010 u
#112800
0*
0B
#113200
1*
1B
b00000000000000010001110 2
b0000 N
b00010000100 \
b01110001111 [
b0010 H
b00111111001 ^
b01111101011 ]
b000000000101110010000 n
b111111111101101100000 m
b111111111101101100000 l
1Z
b000010001100101000111 k
b00000000000000000000000000001110 v
b00000000000000000000000000000110 v
b0011 I
#113600
0*
0B
#114000
1*
1B
b00000000000000010001111 2
b0011 H
b00000000000000000000000000001110 v
b00000000000000000000000000000110 v
#114400
0*
0B
#114800
1*
1B
b00000000000000010010000 2
b0001 N
b00111111001 \
b01111101011 [
b000000000101110010000 U
b0000 T
b0000 V
b00010000100 d
b01110001111 c
b0000 W
b00010000100 h
b01110001111 g
b01100010110 ^
b01110101110 ]
b000011010100100010001 n
b000001010000100011001 m
b000001010000100011001 l
0Z
b000010000010010010000 k
b00000000000000000000000000001110 v
b01111101011 e
b00111111001 f
b00010000100 r
b01110001111 q
b01101000110 i
b00001001000 j
b000000010001011010100 u
b00001001000 t
b01101000110 s
b000000000101100010100 u
#115200
0*
0B
#115600
1*
1B
b00000000000000010010001 2
b0010 N
b01100010110 \
b01110101110 [
b01011011110 ^
b01100100111 ]
b001011001101101100101 n
b000010011110001001010 m
b000010011110001001010 l
b000001010001110001010 k
#116000
0*
0B
#116400
1*
1B
b00000000000000010010010 2
b0011 N
b01011011110 \
b01100100111 [
b00110110010 ^
b01010111101 ]
b001001101010111100100 n
b000010111000001011100 m
b000010111000001011100 l
b000000110110101101000 k
#116800
0*
0B
#117200
1*
1B
b00000000000000010010011 2
b0100 N
b00110110010 \
b01010111101 [
b00001001000 ^
b01101000110 ]
b000011011101110101000 n
b000001011100111001010 m
b000001011100111001010 l
b000000111000101100100 k
#117600
0*
0B
#118000
1*
1B
b00000000000000010010100 2
b0101 N
b00001001000 \
b01101000110 [
b0100 I
b00010000100 ^
b01110001111 ]
b000000100111111110001 n
b000000000101100010100 m
b000000000101100010100 l
b000000110110111010000 k
#118400
0*
0B
#118800
1*
1B
b00000000000000010010101 2
b0000 N
b00010000100 \
b01110001111 [
b0100 H
b00111111001 ^
b01111101011 ]
b000000000101110010000 n
b111111111101101100000 m
b111111111101101100000 l
1Z
b000010001100101000111 k
b00000000000000000000000000000110 v
b00111111001 t
b01111101011 s
b000000000010010100000 u
#119200
0*
0B
#119600
1*
1B
b00000000000000010010110 2
b0001 N
b00111111001 \
b01111101011 [
b011111111111111111111 U
b0001 V
b00111111001 d
b01111101011 c
b01100010110 ^
b01110101110 ]
b000011010100100010001 n
b000001010000100011001 m
b000001010000100011001 l
0Z
b000010000010010010000 k
b00000000000000000000000000001110 v
b01110101110 e
b01100010110 f
b01100010110 t
b01110101110 s
b00111111001 r
b01111101011 q
b111110101111011100111 u
b0101 I
#120000
0*
0B
#120400
1*
1B
b00000000000000010010111 2
b0000 N
b00010000100 \
b01110001111 [
b0101 H
b00111111001 ^
b01111101011 ]
b000000000101110010000 n
b111111111101101100000 m
b111111111101101100000 l
1Z
b000010001100101000111 k
b00000000000000000000000000000110 v
b00001001000 t
b01101000110 s
b00010000100 r
b01110001111 q
b000000000101100010100 u
b0110 I
#120800
0*
0B
#121200
1*
1B
b00000000000000010011000 2
b0110 H
b0001 X
b00000000000000000000000000001110 v
b00000000000000000000000000000110 v
b0111 I
#121600
0*
0B
#122000
1*
1B
b00000000000000010011001 2
b0111 H
b00000 Y
b0010 X
b00000000000000000000000000001110 v
b00000000000000000000000000000110 v
b1001 I
#122400
0*
0B
#122800
1*
1B
b00000000000000010011010 2
b1001 H
b11111 Y
b0111 M
b00000000000000000000000000001101 v
b00000000000000000000000000000110 v
b1000 I
#123200
0*
0B
#123600
1*
1B
b00000000000000010011011 2
b1000 H
b0111 L
b00010111000 h
b00010111000 \
b01110011111 g
b01110011111 [
1E
1-
b00000000000000000000000000001110 v
b00000000000000000000000000000110 v
b00010111000 r
b01110011111 q
b0001 I
b01110001111 i
b00010000100 j
b000000000000000000000 n
b000000000000000000000 m
b000000000000000000000 l
0Z
b000001111001100101011 k
b000000000000000000000 u
b00010000100 t
b01110001111 s
#124000
0*
0B
#124400
1*
1B
b00000000000000010011100 2
b0001 H
0E
0-
b00000000000000000000000000001110 v
b00000000000000000000000000000110 v
#124500
b00001011 ;
b100 <
b11001 ,
b11001 D
#124800
0*
0B
#125200
1*
1B
b00000000000000010011101 2
b0001 N
b00111111001 \
b01111101011 [
b1100100000 J
b01100100000 a
b01100010110 ^
b01110101110 ]
b000100011001101111010 n
b000010010111001111100 m
b000010010111001111100 l
b000010000010010010000 k
b00000000000000000000000000001110 v
b00000000000000000000000000000110 v
b01100100000 o
b000000001100111001100 u
#125300
b011 <
b01100 ,
b01100 D
#125600
0*
0B
#126000
1*
1B
b00000000000000010011110 2
b0010 N
b01100010110 \
b01110101110 [
b1100101100 J
b01100101100 a
b01011011110 ^
b01100100111 ]
b001011101110010001000 n
b000010010001100100010 m
b000010010001100100010 l
b000001010001110001010 k
b00000000000000000000000000001110 v
b00000000000000000000000000000110 v
b01100101100 o
b000000001011101011100 u
#126100
b010 <
b00110 ,
b00110 D
#126400
0*
0B
#126800
1*
1B
b00000000000000010011111 2
b0011 N
b01011011110 \
b01100100111 [
b0011000000 K
b00011000000 b
b00110110010 ^
b01010111101 ]
b001000111101110011101 n
b000001110011001001000 m
b000001110011001001000 l
b000000110110101101000 k
b00000000000000000000000000001110 v
b00000000000000000000000000000110 v
b00011000000 p
b000000001011111011100 u
#126900
b001 <
b11101 ,
b11101 D
#127200
0*
0B
#127600
1*
1B
b00000000000000010100000 2
b000 <
b0100 N
b00110110010 \
b01010111101 [
b0011011101 K
b00011011101 b
b00000 ,
b00000 D
b0010 I
b00001001000 ^
b01101000110 ]
b000001110000101011010 n
b000000010101011111001 m
b000000010101011111001 l
b000000111000101100100 k
b00000000000000000000000000001110 v
b00000000000000000000000000000110 v
b00011011101 p
b000000001100110101100 u
#128000
0*
0B
#128400
1*
1B
b00000000000000010100001 2
b0000 N
b00010111000 \
b01110011111 [
b0010 H
b00111111001 ^
b01111101011 ]
b000000011100100000010 n
b000001001101100101111 m
b000001001101100101111 l
b000001111001100101011 k
b00000000000000000000000000001110 v
b00000000000000000000000000000110 v
#128800
0*
0B
#129200
1*
1B
b00000000000000010100010 2
b0001 N
b00111111001 \
b01111101011 [
b01100010110 ^
b01110101110 ]
b000011100100110010001 n
b000010001100001001111 m
b000010001100001001111 l
b000010000010010010000 k
#129600
0*
0B
#130000
1*
1B
b00000000000000010100011 2
b0010 N
b01100010110 \
b01110101110 [
b01011011110 ^
b01100100111 ]
b001010011001010110101 n
b000010000111110011111 m
b000010000111110011111 l
b000001010001110001010 k
#130400
0*
0B
#130800
1*
1B
b00000000000000010100100 2
b0011 N
b01011011110 \
b01100100111 [
b00110110010 ^
b01010111101 ]
b001000000010000011010 n
b000001101101001000110 m
b000001101101001000110 l
b000000110110101101000 k
#131200
0*
0B
#131600
1*
1B
b00000000000000010100101 2
b0100 N
b00110110010 \
b01010111101 [
b00001001000 ^
b01101000110 ]
b000001110000101011010 n
b000000010101011111001 m
b000000010101011111001 l
b000000111000101100100 k
#132000
0*
0B
#132400
1*
1B
b00000000000000010100110 2
b0101 N
b00001001000 \
b01101000110 [
b00010000100 ^
b01110001111 ]
b000000101100101011101 n
b000000011000010010101 m
b000000011000010010101 l
b000000110110111010000 k
#132800
0*
0B
#133200
1*
1B
b00000000000000010100111 2
b0110 N
b00010000100 \
b01110001111 [
b1011 I
b00010111000 ^
b01110011111 ]
b000000100010100111010 n
b000000001100110101100 m
b000000001100110101100 l
b000000010101010111100 k
#133600
0*
0B
#134000
1*
1B
b00000000000000010101000 2
b0000 N
b00010111000 \
b01110011111 [
b1011 H
b0111 I
b00111111001 ^
b01111101011 ]
b000000011100100000010 n
b000001001101100101111 m
b000001001101100101111 l
b000001111001100101011 k
b00000000000000000000000000001110 v
b00000000000000000000000000000110 v
#134400
0*
0B
#134800
1*
1B
b00000000000000010101001 2
b0111 H
b111 S
b00010 Y
b1100101100 F
b1100101100 .
1G
1/
b00000000000000000000000000001110 v
b00000000000000000000000000000110 v
#135200
0*
0B
#135600
1*
1B
b00000000000000010101010 2
1@
b1100101100 =
b0001 N
b00111111001 \
b01111101011 [
b00001 Y
b01100010110 ^
b01110101110 ]
b000011100100110010001 n
b000010001100001001111 m
b000010001100001001111 l
b000010000010010010000 k
b0011011101 F
b0011011101 .
#136000
0*
0B
#136400
1*
1B
b0011011101 >
b00000000000000000000000000000000 ?
b00000000000000000000000000000001 ?
b00000101 3
b00000000000000010101011 2
0@
b0010 N
b01100010110 \
b01110101110 [
b00000 Y
b1001 I
b01011011110 ^
b01100100111 ]
b001010011001010110101 n
b000010000111110011111 m
b000010000111110011111 l
b000001010001110001010 k
bxxxxxxxxxx F
bxxxxxxxxxx .
0G
0/
#136800
0*
0B
#137200
1*
1B
b0000100111 9
b00000000000000010101100 2
b0000 N
b00010111000 \
b01110011111 [
b1001 H
b11111 Y
b1000 I
b00111111001 ^
b01111101011 ]
b000000011100100000010 n
b000001001101100101111 m
b000001001101100101111 l
b000001111001100101011 k
b00000000000000000000000000001110 v
b00000000000000000000000000000110 v
#137600
0*
0B
#138000
1*
1B
b00000000000000010101101 2
b1000 H
1E
1-
b00000000000000000000000000001110 v
b00000000000000000000000000000110 v
b0001 I
#138400
0*
0B
#138800
1*
1B
b00000000000000010101110 2
b0001 H
b000 S
0E
0-
b00000000000000000000000000001110 v
b00000000000000000000000000000110 v
#138900
b00001100 ;
b100 <
b11010 ,
b11010 D
#139200
0*
0B
#139600
1*
1B
b00000000000000010101111 2
b0001 N
b00111111001 \
b01111101011 [
b1101000000 J
b01101000000 a
b01100010110 ^
b01110101110 ]
b000011010110101001001 n
b000010000001000001011 m
b000010000001000001011 l
b000010000010010010000 k
b00000000000000000000000000001110 v
b00000000000000000000000000000110 v
b01101000000 o
b000000001010110011100 u
#139700
b011 <
b01011 ,
b01011 D
#140000
0*
0B
#140400
1*
1B
b00000000000000010110000 2
b0010 N
b01100010110 \
b01110101110 [
b1101001011 J
b01101001011 a
b01011011110 ^
b01100100111 ]
b001010001011011111010 n
b000010001011001100111 m
b000010001011001100111 l
b000001010001110001010 k
b00000000000000000000000000001110 v
b00000000000000000000000000000110 v
b01101001011 o
b000000001001101100000 u
#140500
b010 <
b00111 ,
b00111 D
#140800
0*
0B
#141200
1*
1B
b00000000000000010110001 2
b0011 N
b01011011110 \
b01100100111 [
b0011100000 K
b00011100000 b
b00110110010 ^
b01010111101 ]
b000111111110100010100 n
b000001111110101011100 m
b000001111110101011100 l
b000000110110101101000 k
b00000000000000000000000000001110 v
b00000000000000000000000000000110 v
b00011100000 p
b000000001001110010000 u
#141300
b001 <
b10001 ,
b10001 D
#141600
0*
0B
#142000
1*
1B
b00000000000000010110010 2
b000 <
b0100 N
b00110110010 \
b01010111101 [
b0011110001 K
b00011110001 b
b00000 ,
b00000 D
b0010 I
b00001001000 ^
b01101000110 ]
b000001110000001000101 n
b000000110000110000011 m
b000000110000110000011 l
b000000111000101100100 k
b00000000000000000000000000001110 v
b00000000000000000000000000000110 v
b00011110001 p
b000000001010010100000 u
#142400
0*
0B
#142800
1*
1B
b00000000000000010110011 2
b0000 N
b00010111000 \
b01110011111 [
b0010 H
b00111111001 ^
b01111101011 ]
b000000010100001000001 n
b000000111101001000000 m
b000000111101001000000 l
b000001111001100101011 k
b00000000000000000000000000001110 v
b00000000000000000000000000000110 v
#143200
0*
0B
#143600
1*
1B
b00000000000000010110100 2
b0001 N
b00111111001 \
b01111101011 [
b01100010110 ^
b01110101110 ]
b000010111010001000000 n
b000001111000100001000 m
b000001111000100001000 l
b000010000010010010000 k
#144000
0*
0B
#144400
1*
1B
b00000000000000010110101 2
b0010 N
b01100010110 \
b01110101110 [
b01011011110 ^
b01100100111 ]
b001001011111110100010 n
b000010000101111011011 m
b000010000101111011011 l
b000001010001110001010 k
#144800
0*
0B
#145200
1*
1B
b00000000000000010110110 2
b0011 N
b01011011110 \
b01100100111 [
b00110110010 ^
b01010111101 ]
b000111011101001111001 n
b000001111011001010010 m
b000001111011001010010 l
b000000110110101101000 k
#145600
0*
0B
#146000
1*
1B
b00000000000000010110111 2
b0100 N
b00110110010 \
b01010111101 [
b00001001000 ^
b01101000110 ]
b000001110000001000101 n
b000000110000110000011 m
b000000110000110000011 l
b000000111000101100100 k
#146400
0*
0B
#146800
1*
1B
b00000000000000010111000 2
b0101 N
b00001001000 \
b01101000110 [
b00010000100 ^
b01110001111 ]
b000000110111110101010 n
b000000010111100000101 m
b000000010111100000101 l
b000000110110111010000 k
#147200
0*
0B
#147600
1*
1B
b00000000000000010111001 2
b0110 N
b00010000100 \
b01110001111 [
b1011 I
b00010111000 ^
b01110011111 ]
b000000100000001111001 n
b000000001010010100000 m
b000000001010010100000 l
b000000010101010111100 k
#148000
0*
0B
#148400
1*
1B
b00000000000000010111010 2
b0000 N
b00010111000 \
b01110011111 [
b1011 H
b0111 I
b00111111001 ^
b01111101011 ]
b000000010100001000001 n
b000000111101001000000 m
b000000111101001000000 l
b000001111001100101011 k
b00000000000000000000000000001110 v
b00000000000000000000000000000110 v
#148800
0*
0B
#149200
1*
1B
b00000000000000010111011 2
b0111 H
b111 S
b00010 Y
b1101001011 F
b1101001011 .
1G
1/
b00000000000000000000000000001110 v
b00000000000000000000000000000110 v
#149600
0*
0B
#150000
1*
1B
b00000000000000010111100 2
1@
b1101001011 =
b0001 N
b00111111001 \
b01111101011 [
b00001 Y
b01100010110 ^
b01110101110 ]
b000010111010001000000 n
b000001111000100001000 m
b000001111000100001000 l
b000010000010010010000 k
b0011110001 F
b0011110001 .
#150400
0*
0B
#150800
1*
1B
b0011110001 >
b00000000000000000000000000000000 ?
b00000000000000000000000000000001 ?
b00000110 3
b00000000000000010111101 2
0@
b0010 N
b01100010110 \
b01110101110 [
b00000 Y
b1001 I
b01011011110 ^
b01100100111 ]
b001001011111110100010 n
b000010000101111011011 m
b000010000101111011011 l
b000001010001110001010 k
bxxxxxxxxxx F
bxxxxxxxxxx .
0G
0/
#151200
0*
0B
#151600
1*
1B
b0000100110 9
b00000000000000010111110 2
b0000 N
b00010111000 \
b01110011111 [
b1001 H
b11111 Y
b1000 I
b00111111001 ^
b01111101011 ]
b000000010100001000001 n
b000000111101001000000 m
b000000111101001000000 l
b000001111001100101011 k
b00000000000000000000000000001110 v
b00000000000000000000000000000110 v
#152000
0*
0B
#152400
1*
1B
b00000000000000010111111 2
b1000 H
1E
1-
b00000000000000000000000000001110 v
b00000000000000000000000000000110 v
b0001 I
#152800
0*
0B
#153200
1*
1B
b00000000000000011000000 2
b0001 H
b000 S
0E
0-
b00000000000000000000000000001110 v
b00000000000000000000000000000110 v
#153300
b00001101 ;
b100 <
b11100 ,
b11100 D
#153600
0*
0B
#154000
1*
1B
b00000000000000011000001 2
b0001 N
b00111111001 \
b01111101011 [
b1110000000 J
b01110000000 a
b01100010110 ^
b01110101110 ]
b000010011110011111001 n
b000001011011000000111 m
b000001011011000000111 l
b000010000010010010000 k
b00000000000000000000000000001110 v
b00000000000000000000000000000110 v
b01110000000 o
b000000000100111011100 u
#154100
b011 <
b11001 ,
b11001 D
#154400
0*
0B
#154800
1*
1B
b00000000000000011000010 2
b0010 N
b01100010110 \
b01110101110 [
b1110011001 J
b01110011001 a
b01011011110 ^
b01100100111 ]
b001001001101100010010 n
b000010001110011101011 m
b000010001110011101011 l
b000001010001110001010 k
b00000000000000000000000000001110 v
b00000000000000000000000000000110 v
b01110011001 o
b000000000010011001000 u
#154900
b010 <
b00011 ,
b00011 D
#155200
0*
0B
#155600
1*
1B
b00000000000000011000011 2
b0011 N
b01011011110 \
b01100100111 [
b0001100000 K
b00001100000 b
b00110110010 ^
b01010111101 ]
b001100110100011001000 n
b000011000110111000100 m
b000011000110111000100 l
b000000110110101101000 k
b00000000000000000000000000001110 v
b00000000000000000000000000000110 v
b00001100000 p
b111111111101110111000 u
#155700
b001 <
b10100 ,
b10100 D
#156000
0*
0B
#156400
1*
1B
b00000000000000011000100 2
b000 <
b0100 N
b00110110010 \
b01010111101 [
b0001110100 K
b00001110100 b
b00000 ,
b00000 D
b0010 I
b00001001000 ^
b01101000110 ]
b000100100100000010100 n
b000001000110011101010 m
b000001000110011101010 l
b000000111000101100100 k
b00000000000000000000000000001110 v
b00000000000000000000000000000110 v
b00001110100 p
b111111111110011111000 u
#156800
0*
0B
#157200
1*
1B
b00000000000000011000101 2
b0000 N
b00010111000 \
b01110011111 [
b0010 H
b00111111001 ^
b01111101011 ]
b000000001001000110100 n
b111111111001101010110 m
b111111111001101010110 l
1Z
b000001111001100101011 k
b00000000000000000000000000001110 v
b00000000000000000000000000000110 v
b0011 I
#157600
0*
0B
#158000
1*
1B
b00000000000000011000110 2
b0011 H
b00000000000000000000000000001110 v
b00000000000000000000000000000110 v
#158400
0*
0B
#158800
1*
1B
b00000000000000011000111 2
b0001 N
b00111111001 \
b01111101011 [
b000000001001000110100 U
b0000 V
b00010111000 d
b01110011111 c
b01100010110 ^
b01110101110 ]
b000100110100101011101 n
b000001011011111111011 m
b000001011011111111011 l
0Z
b000010000010010010000 k
b00000000000000000000000000001110 v
b01111101011 e
b00111111001 f
#159200
0*
0B
#159600
1*
1B
b00000000000000011001000 2
b0010 N
b01100010110 \
b01110101110 [
b01011011110 ^
b01100100111 ]
b001101111000000111101 n
b000010101111011010110 m
b000010101111011010110 l
b000001010001110001010 k
#160000
0*
0B
#160400
1*
1B
b00000000000000011001001 2
b0011 N
b01011011110 \
b01100100111 [
b00110110010 ^
b01010111101 ]
b001100000011010101000 n
b000011000010101111100 m
b000011000010101111100 l
b000000110110101101000 k
#160800
0*
0B
#161200
1*
1B
b00000000000000011001010 2
b0100 N
b00110110010 \
b01010111101 [
b00001001000 ^
b01101000110 ]
b000100100100000010100 n
b000001000110011101010 m
b000001000110011101010 l
b000000111000101100100 k
#161600
0*
0B
#162000
1*
1B
b00000000000000011001011 2
b0101 N
b00001001000 \
b01101000110 [
b00010000100 ^
b01110001111 ]
b000000010001001111001 n
b111111111100100011000 m
b111111111100100011000 l
1Z
b000000110110111010000 k
#162400
0*
0B
#162800
1*
1B
b00000000000000011001100 2
b0110 N
b00010000100 \
b01110001111 [
b0100 I
b00010111000 ^
b01110011111 ]
b000000000000101100100 n
b111111111110011111000 m
b111111111110011111000 l
b000000010101010111100 k
#163200
0*
0B
#163600
1*
1B
b00000000000000011001101 2
b0000 N
b00010111000 \
b01110011111 [
b0100 H
b000000000000101100100 U
b0110 T
b0110 V
b00010000100 d
b01110001111 c
b0110 W
b00010000100 h
b01110001111 g
b0101 I
b00111111001 ^
b01111101011 ]
b000000001001000110100 n
b111111111001101010110 m
b111111111001101010110 l
b000001111001100101011 k
b00000000000000000000000000000110 v
b00111111001 t
b01111101011 s
b00010000100 r
b01110001111 q
b01110011111 e
b00010111000 f
b01101000110 i
b00001001000 j
b000000001010001010010 u
b00010111000 t
b01110011111 s
b0100 I
b000000000001100001000 u
#164000
0*
0B
#164400
1*
1B
b00000000000000011001110 2
b0001 N
b00111111001 \
b01111101011 [
b011111111111111111111 U
b0000 V
b00010111000 d
b01110011111 c
b01100010110 ^
b01110101110 ]
b000100110100101011101 n
b000001011011111111011 m
b000001011011111111011 l
0Z
b000010000010010010000 k
b00000000000000000000000000001110 v
b01111101011 e
b00111111001 f
b00111111001 t
b01111101011 s
b00010111000 r
b01110011111 q
b000000000110010101010 u
#164800
0*
0B
#165200
1*
1B
b00000000000000011001111 2
b0010 N
b01100010110 \
b01110101110 [
b0001 V
b00111111001 d
b01111101011 c
b01011011110 ^
b01100100111 ]
b001101111000000111101 n
b000010101111011010110 m
b000010101111011010110 l
b000001010001110001010 k
b01110101110 e
b01100010110 f
b01100010110 t
b01110101110 s
b00111111001 r
b01111101011 q
b111110100100000000101 u
b0101 I
#165600
0*
0B
#166000
1*
1B
b00000000000000011010000 2
b0000 N
b00010111000 \
b01110011111 [
b0101 H
b00111111001 ^
b01111101011 ]
b000000001001000110100 n
b111111111001101010110 m
b111111111001101010110 l
1Z
b000001111001100101011 k
b00000000000000000000000000000110 v
b00001001000 t
b01101000110 s
b00010000100 r
b01110001111 q
b111111111100100011000 u
#166400
0*
0B
#166800
1*
1B
b00000000000000011010001 2
b0001 N
b00111111001 \
b01111101011 [
b0101 W
b00001001000 h
b01101000110 g
b0000 X
b01100010110 ^
b01110101110 ]
b000100110100101011101 n
b000001011011111111011 m
b000001011011111111011 l
0Z
b000010000010010010000 k
b00001001000 r
b01101000110 q
b01010111101 i
b00110110010 j
b000000000000000000000 u
b00110110010 t
b01010111101 s
b000001000110011101010 u
b0110 I
#167200
0*
0B
#167600
1*
1B
b00000000000000011010010 2
b0000 N
b00010111000 \
b01110011111 [
b0110 H
b0110 X
b00111111001 ^
b01111101011 ]
b000000001001000110100 n
b111111111001101010110 m
b111111111001101010110 l
1Z
b000001111001100101011 k
b00000000000000000000000000001110 v
b00000000000000000000000000000110 v
#168000
0*
0B
#168400
1*
1B
b00000000000000011010011 2
b0001 N
b00111111001 \
b01111101011 [
b001 S
b00000 Y
b0000 X
b01100010110 ^
b01110101110 ]
b000100110100101011101 n
b000001011011111111011 m
b000001011011111111011 l
0Z
b000010000010010010000 k
b00000000000000000000000000001110 v
b00000000000000000000000000000110 v
#168800
0*
0B
#169200
1*
1B
b00000000000000011010100 2
b0010 N
b01100010110 \
b01110101110 [
b010 S
b00010 Y
b0001 X
b0111 I
b01011011110 ^
b01100100111 ]
b001101111000000111101 n
b000010101111011010110 m
b000010101111011010110 l
b000001010001110001010 k
b00000000000000000000000000001110 v
b00000000000000000000000000000110 v
b1110001111 F
b1110001111 .
#169600
0*
0B
#170000
1*
1B
b00000000000000011010101 2
b0000 N
b00010111000 \
b01110011111 [
b0111 H
b00100 Y
b0010 X
b00111111001 ^
b01111101011 ]
b000000001001000110100 n
b111111111001101010110 m
b111111111001101010110 l
1Z
b000001111001100101011 k
b1110011111 F
b1110011111 .
1G
1/
b00000000000000000000000000001110 v
b00000000000000000000000000000110 v
#170400
0*
0B
#170800
1*
1B
b00000000000000011010110 2
1@
b1110011111 =
b0001 N
b00111111001 \
b01111101011 [
b00011 Y
b01100010110 ^
b01110101110 ]
b000100110100101011101 n
b000001011011111111011 m
b000001011011111111011 l
0Z
b000010000010010010000 k
b0010111000 F
b0010111000 .
#171200
0*
0B
#171600
1*
1B
b0010111000 >
b00000000000000000000000000000000 ?
b00000000000000000000000000000001 ?
b00000000000000011010111 2
0@
b0010 N
b01100010110 \
b01110101110 [
b00010 Y
b01011011110 ^
b01100100111 ]
b001101111000000111101 n
b000010101111011010110 m
b000010101111011010110 l
b000001010001110001010 k
b1110001111 F
b1110001111 .
#172000
0*
0B
#172400
1*
1B
b00000000000000011011000 2
1@
b1110001111 =
b0011 N
b01011011110 \
b01100100111 [
b00001 Y
b00110110010 ^
b01010111101 ]
b001100000011010101000 n
b000011000010101111100 m
b000011000010101111100 l
b000000110110101101000 k
b0010000100 F
b0010000100 .
#172800
0*
0B
#173200
1*
1B
b0010000100 >
b00000000000000000000000000000000 ?
b00000000000000000000000000000001 ?
b00000111 3
b00000000000000011011001 2
0@
b0100 N
b00110110010 \
b01010111101 [
b00000 Y
b1001 I
b00001001000 ^
b01101000110 ]
b000100100100000010100 n
b000001000110011101010 m
b000001000110011101010 l
b000000111000101100100 k
bxxxxxxxxxx F
bxxxxxxxxxx .
0G
0/
#173600
0*
0B
#174000
1*
1B
b0000100101 9
b00000000000000011011010 2
b0000 N
b00010111000 \
b01110011111 [
b1001 H
b11111 Y
b1000 I
b00111111001 ^
b01111101011 ]
b000000001001000110100 n
b111111111001101010110 m
b111111111001101010110 l
1Z
b000001111001100101011 k
b0110 M
b00000000000000000000000000001101 v
b00000000000000000000000000000110 v
#174400
0*
0B
#174800
1*
1B
b00000000000000011011011 2
b1000 H
b0110 L
b00001110100 \
b01110011001 [
1E
1-
b00000000000000000000000000001110 v
b00000000000000000000000000000110 v
b0001 I
b01010111101 i
b00110110010 j
b000000000000000000000 n
b000000000000000000000 m
b000000000000000000000 l
0Z
b000010010101000110001 k
#175200
0*
0B
#175600
1*
1B
b00000000000000011011100 2
b0001 H
b000 S
0E
0-
b00000000000000000000000000001110 v
b00000000000000000000000000000110 v
#175700
b00001110 ;
b100 <
b10111 ,
b10111 D
#176000
0*
0B
#176400
1*
1B
b00000000000000011011101 2
b0001 N
b00111111001 \
b01111101011 [
b1011100000 J
b01011100000 a
b01100010110 ^
b01110101110 ]
b000110110010110010010 n
b000011000010111110000 m
b000011000010111110000 l
b000010000010010010000 k
b00000000000000000000000000001110 v
b00000000000000000000000000000110 v
b01011100000 o
b111111000011101010000 u
#176500
b011 <
b11110 ,
b11110 D
#176800
0*
0B
#177200
1*
1B
b00000000000000011011110 2
b0010 N
b01100010110 \
b01110101110 [
b1011111110 J
b01011111110 a
b01011011110 ^
b01100100111 ]
b001110110011110000100 n
b000010011110011101110 m
b000010011110011101110 l
b000001010001110001010 k
b00000000000000000000000000001110 v
b00000000000000000000000000000110 v
b01011111110 o
b111111011000110111100 u
#177300
b010 <
b11010 ,
b11010 D
#177600
0*
0B
#178000
1*
1B
b00000000000000011011111 2
b0011 N
b01011011110 \
b01100100111 [
b1101000000 K
b01101000000 b
b00110110010 ^
b01010111101 ]
b000000010110000010101 n
b111111010011101100000 m
b111111010011101100000 l
1Z
b000000110110101101000 k
b00000000000000000000000000001110 v
b00000000000000000000000000000110 v
b01101000000 p
b000010011000011101000 u
#178100
b001 <
b01011 ,
b01011 D
#178400
0*
0B
#178800
1*
1B
b00000000000000011100000 2
b000 <
b0100 N
b00110110010 \
b01010111101 [
b1101001011 K
b01101001011 b
b00000 ,
b00000 D
b0010 I
b00001001000 ^
b01101000110 ]
b000101001110111110010 n
b000010011011011001011 m
b000010011011011001011 l
0Z
b000000111000101100100 k
b00000000000000000000000000001110 v
b00000000000000000000000000000110 v
b01101001011 p
b000010011011011001011 u
#179200
0*
0B
#179600
1*
1B
b00000000000000011100001 2
b0000 N
b00001110100 \
b01110011001 [
b0010 H
b00111111001 ^
b01111101011 ]
b010000110111001101010 n
b000011101010001100101 m
b000011101010001100101 l
b000010010101000110001 k
b00000000000000000000000000001110 v
b00000000000000000000000000000110 v
#180000
0*
0B
#180400
1*
1B
b00000000000000011100010 2
b0001 N
b00111111001 \
b01111101011 [
b01100010110 ^
b01110101110 ]
b000101001100110101101 n
b000001011011101001111 m
b000001011011101001111 l
b000010000010010010000 k
#180800
0*
0B
#181200
1*
1B
b00000000000000011100011 2
b0010 N
b01100010110 \
b01110101110 [
b01011011110 ^
b01100100111 ]
b000001000001111111001 n
b111111011110110001101 m
b111111011110110001101 l
1Z
b000001010001110001010 k
b0011 I
#181600
0*
0B
#182000
1*
1B
b00000000000000011100100 2
b0000 N
b00001110100 \
b01110011001 [
b0011 H
b00111111001 ^
b01111101011 ]
b010000110111001101010 n
b000011101010001100101 m
b000011101010001100101 l
0Z
b000010010101000110001 k
b00000000000000000000000000001110 v
b00000000000000000000000000000110 v
#182400
0*
0B
#182800
1*
1B
b00000000000000011100101 2
b0001 N
b00111111001 \
b01111101011 [
b010000110111001101010 U
b0000 T
b0000 V
b00001110100 d
b01110011001 c
b0000 W
b00001110100 h
b01110011001 g
b01100010110 ^
b01110101110 ]
b000101001100110101101 n
b000001011011101001111 m
b000001011011101001111 l
b000010000010010010000 k
b00000000000000000000000000001110 v
b01111101011 e
b00111111001 f
b00001110100 r
b01110011001 q
b01101000110 i
b00001001000 j
b000011011000000111010 u
b00001001000 t
b01101000110 s
b000010000011001011001 u
#183200
0*
0B
#183600
1*
1B
b00000000000000011100110 2
b0010 N
b01100010110 \
b01110101110 [
b000101001100110101101 U
b0001 T
b0001 V
b00111111001 d
b01111101011 c
b0001 W
b00111111001 h
b01111101011 g
b01011011110 ^
b01100100111 ]
b000001000001111111001 n
b111111011110110001101 m
b111111011110110001101 l
1Z
b000001010001110001010 k
b01110101110 e
b01100010110 f
b00111111001 r
b01111101011 q
b01110011001 i
b00001110100 j
b000100110101010110111 u
b00001110100 t
b01110011001 s
b000011101010001100101 u
#184000
0*
0B
#184400
1*
1B
b00000000000000011100111 2
b0011 N
b01011011110 \
b01100100111 [
b000001000001111111001 U
b0010 T
b0010 V
b01100010110 d
b01110101110 c
b0010 W
b01100010110 h
b01110101110 g
b00110110010 ^
b01010111101 ]
b000000011010011111010 n
b111111010001011010010 m
b111111010001011010010 l
b000000110110101101000 k
b01100100111 e
b01011011110 f
b01100010110 r
b01110101110 q
b01111101011 i
b00111111001 j
b000011101001110111001 u
b00111111001 t
b01111101011 s
b000001011011101001111 u
#184800
0*
0B
#185200
1*
1B
b00000000000000011101000 2
b0100 N
b00110110010 \
b01010111101 [
b000000011010011111010 U
b0011 T
b0011 V
b01011011110 d
b01100100111 c
b0011 W
b01011011110 h
b01100100111 g
b00001001000 ^
b01101000110 ]
b000101001110111110010 n
b000010011011011001011 m
b000010011011011001011 l
0Z
b000000111000101100100 k
b01010111101 e
b00110110010 f
b01011011110 r
b01100100111 q
b01110101110 i
b01100010110 j
b111111101000100111001 u
b01100010110 t
b01110101110 s
b111111011110110001101 u
#185600
0*
0B
#186000
1*
1B
b00000000000000011101001 2
b0101 N
b00001001000 \
b01101000110 [
b0100 I
b00001110100 ^
b01110011001 ]
b010010010011001001001 n
b000010000011001011001 m
b000010000011001011001 l
b000000111100000100000 k
#186400
0*
0B
#186800
1*
1B
b00000000000000011101010 2
b0000 N
b00001110100 \
b01110011001 [
b0100 H
b0101 I
b00111111001 ^
b01111101011 ]
b010000110111001101010 n
b000011101010001100101 m
b000011101010001100101 l
b000010010101000110001 k
b00000000000000000000000000000110 v
b00110110010 t
b01010111101 s
b000000101110100101110 u
b0100 I
#187200
0*
0B
#187600
1*
1B
b00000000000000011101011 2
b0001 N
b00111111001 \
b01111101011 [
b011111111111111111111 U
b0100 V
b00110110010 d
b01010111101 c
b01100010110 ^
b01110101110 ]
b000101001100110101101 n
b000001011011101001111 m
b000001011011101001111 l
b000010000010010010000 k
b00000000000000000000000000001110 v
b01101000110 e
b00001001000 f
b00001001000 t
b01101000110 s
b00110110010 r
b01010111101 q
b111101100100100110101 u
b0101 I
#188000
0*
0B
#188400
1*
1B
b00000000000000011101100 2
b0000 N
b00001110100 \
b01110011001 [
b0101 H
b00111111001 ^
b01111101011 ]
b010000110111001101010 n
b000011101010001100101 m
b000011101010001100101 l
b000010010101000110001 k
b00000000000000000000000000000110 v
b01100010110 t
b01110101110 s
b01011011110 r
b01100100111 q
b111111011110110001101 u
#188800
0*
0B
#189200
1*
1B
b00000000000000011101101 2
b0001 N
b00111111001 \
b01111101011 [
b0010 W
b01100010110 h
b01110101110 g
b0100 X
b01100010110 ^
b01110101110 ]
b000101001100110101101 n
b000001011011101001111 m
b000001011011101001111 l
b000010000010010010000 k
b01100010110 r
b01110101110 q
b01111101011 i
b00111111001 j
b000000000000000000000 u
b00111111001 t
b01111101011 s
b000001011011101001111 u
b0110 I
#189600
0*
0B
#190000
1*
1B
b00000000000000011101110 2
b0000 N
b00001110100 \
b01110011001 [
b0110 H
b0011 X
b00111111001 ^
b01111101011 ]
b010000110111001101010 n
b000011101010001100101 m
b000011101010001100101 l
b000010010101000110001 k
b00000000000000000000000000001110 v
b00000000000000000000000000000110 v
#190400
0*
0B
#190800
1*
1B
b00000000000000011101111 2
b0001 N
b00111111001 \
b01111101011 [
b001 S
b00000 Y
b0100 X
b0111 I
b01100010110 ^
b01110101110 ]
b000101001100110101101 n
b000001011011101001111 m
b000001011011101001111 l
b000010000010010010000 k
b00000000000000000000000000001110 v
b00000000000000000000000000000110 v
#191200
0*
0B
#191600
1*
1B
b00000000000000011110000 2
b0000 N
b00001110100 \
b01110011001 [
b0111 H
b00010 Y
b0101 X
b00111111001 ^
b01111101011 ]
b010000110111001101010 n
b000011101010001100101 m
b000011101010001100101 l
b000010010101000110001 k
b1100100111 F
b1100100111 .
1G
1/
b00000000000000000000000000001110 v
b00000000000000000000000000000110 v
#192000
0*
0B
#192400
1*
1B
b00000000000000011110001 2
1@
b1100100111 =
b0001 N
b00111111001 \
b01111101011 [
b00001 Y
b01100010110 ^
b01110101110 ]
b000101001100110101101 n
b000001011011101001111 m
b000001011011101001111 l
b000010000010010010000 k
b1011011110 F
b1011011110 .
#192800
0*
0B
#193200
1*
1B
b1011011110 >
b00000000000000000000000000000000 ?
b00000000000000000000000000000001 ?
b00001000 3
b00000000000000011110010 2
0@
b0010 N
b01100010110 \
b01110101110 [
b00000 Y
b1001 I
b01011011110 ^
b01100100111 ]
b000001000001111111001 n
b111111011110110001101 m
b111111011110110001101 l
1Z
b000001010001110001010 k
bxxxxxxxxxx F
bxxxxxxxxxx .
0G
0/
#193600
0*
0B
#194000
1*
1B
b0000100010 9
b00000000000000011110011 2
b0000 N
b00001110100 \
b01110011001 [
b1001 H
b11111 Y
b1000 I
b00111111001 ^
b01111101011 ]
b010000110111001101010 n
b000011101010001100101 m
b000011101010001100101 l
0Z
b000010010101000110001 k
b00000000000000000000000000001101 v
b00000000000000000000000000000110 v
#194400
0*
0B
#194800
1*
1B
b00000000000000011110100 2
b1000 H
b00001001000 h
b00111111001 d
b01101001011 \
b01101000110 g
b01111101011 c
b01011111110 [
1E
1-
b00000000000000000000000000001110 v
b00000000000000000000000000000110 v
b00001001000 r
b01101000110 q
b0001 I
b00110110010 j
b01100010110 f
b00110110010 ^
b000000000000000000000 n
b000000000000000000000 m
b000000000000000000000 l
b111101001011111010111 k
1Z
b01010111101 i
b01110101110 e
b01010111101 ]
b111011001010101001001 u
b00110110010 t
b01010111101 s
b000001000111110010001 k
0Z
b000010011011011001011 u
#195200
0*
0B
#195600
1*
1B
b00000000000000011110101 2
b0001 H
b000 S
0E
0-
b00000000000000000000000000001110 v
b00000000000000000000000000000110 v
#195700
b00001111 ;
b100 <
b11111 ,
b11111 D
#196000
0*
0B
#196400
1*
1B
b00000000000000011110110 2
b0001 N
b00110110010 \
b01010111101 [
b1111100000 J
b01111100000 a
b00001001000 ^
b01101000110 ]
b000111101100000111010 n
b000100111011001011111 m
b000100111011001011111 l
b000000111000101100100 k
b00000000000000000000000000001110 v
b00000000000000000000000000000110 v
b01111100000 o
b000100111011001011111 u
#196500
b011 <
b00101 ,
b00101 D
#196800
0*
0B
#197200
1*
1B
b00000000000000011110111 2
b0010 N
b00001001000 \
b01101000110 [
b1111100101 J
b01111100101 a
b00001110100 ^
b01110011001 ]
b010010111010011001010 n
b000001101111010100101 m
b000001101111010100101 l
b000000111100000100000 k
b00000000000000000000000000001110 v
b00000000000000000000000000000110 v
b01111100101 o
b000100111110101110001 u
#197300
b010 <
b10001 ,
b10001 D
#197600
0*
0B
#198000
1*
1B
b00000000000000011111000 2
b0011 N
b00001110100 \
b01110011001 [
b1000100000 K
b01000100000 b
b00111111001 ^
b01111101011 ]
b000101110001000100000 n
b000000001010110011100 m
b000000001010110011100 l
b000010010101000110001 k
b00000000000000000000000000001110 v
b00000000000000000000000000000110 v
b01000100000 p
b000011101110101101110 u
#198100
b001 <
b11000 ,
b11000 D
#198400
0*
0B
#198800
1*
1B
b00000000000000011111001 2
b000 <
b0100 N
b00111111001 \
b01111101011 [
b1000111000 K
b01000111000 b
b00000 ,
b00000 D
b0010 I
b01100010110 ^
b01110101110 ]
b000000000111110100101 n
b111111111011110101011 m
b111111111011110101011 l
1Z
b000010000010010010000 k
b00000000000000000000000000001110 v
b00000000000000000000000000000110 v
b01000111000 p
b000011110101001000110 u
#199200
0*
0B
#199600
1*
1B
b00000000000000011111010 2
b0000 N
b01101001011 \
b01011111110 [
b0010 H
b0011 I
b00110110010 ^
b01010111101 ]
b000011111011111011010 n
b000011011011011100010 m
b000011011011011100010 l
0Z
b000001000111110010001 k
b00000000000000000000000000001110 v
b00000000000000000000000000000110 v
b0010 I
#200000
0*
0B
#200400
1*
1B
b00000000000000011111011 2
b0001 N
b00110110010 \
b01010111101 [
b00001001000 ^
b01101000110 ]
b000011001110001100100 n
b000011110101001000110 m
b000011110101001000110 l
b000000111000101100100 k
#200800
0*
0B
#201200
1*
1B
b00000000000000011111100 2
b0010 N
b00001001000 \
b01101000110 [
b00001110100 ^
b01110011001 ]
b001000010001111000001 n
b000001000010101111100 m
b000001000010101111100 l
b000000111100000100000 k
#201600
0*
0B
#202000
1*
1B
b00000000000000011111101 2
b0011 N
b00001110100 \
b01110011001 [
b00111111001 ^
b01111101011 ]
b000110011010010100000 n
b000000001110101001100 m
b000000001110101001100 l
b000010010101000110001 k
#202400
0*
0B
#202800
1*
1B
b00000000000000011111110 2
b0100 N
b00111111001 \
b01111101011 [
b01100010110 ^
b01110101110 ]
b000000000111110100101 n
b111111111011110101011 m
b111111111011110101011 l
1Z
b000010000010010010000 k
b0011 I
#203200
0*
0B
#203600
1*
1B
b00000000000000011111111 2
b0000 N
b01101001011 \
b01011111110 [
b0011 H
b00110110010 ^
b01010111101 ]
b000011111011111011010 n
b000011011011011100010 m
b000011011011011100010 l
0Z
b000001000111110010001 k
b00000000000000000000000000001110 v
b00000000000000000000000000000110 v
#204000
0*
0B
#204400
1*
1B
b00000000000000100000000 2
b0001 N
b00110110010 \
b01010111101 [
b000011111011111011010 U
b0000 T
b0000 V
b01101001011 d
b01011111110 c
b0000 W
b01101001011 h
b01011111110 g
b00001001000 ^
b01101000110 ]
b000011001110001100100 n
b000011110101001000110 m
b000011110101001000110 l
b000000111000101100100 k
b00000000000000000000000000001110 v
b01010111101 e
b00110110010 f
b01101001011 r
b01011111110 q
b01110101110 i
b01100010110 j
b111100100100100011110 u
b01100010110 t
b01110101110 s
b000001000110100111101 u
#204800
0*
0B
#205200
1*
1B
b00000000000000100000001 2
b0010 N
b00001001000 \
b01101000110 [
b000011001110001100100 U
b0001 T
b0001 V
b00110110010 d
b01010111101 c
b0001 W
b00110110010 h
b01010111101 g
b00001110100 ^
b01110011001 ]
b001000010001111000001 n
b000001000010101111100 m
b000001000010101111100 l
b000000111100000100000 k
b01101000110 e
b00001001000 f
b00110110010 r
b01010111101 q
b01011111110 i
b01101001011 j
b000010001110101111010 u
b01101001011 t
b01011111110 s
b000011011011011100010 u
#205600
0*
0B
#206000
1*
1B
b00000000000000100000010 2
b0011 N
b00001110100 \
b01110011001 [
b00111111001 ^
b01111101011 ]
b000110011010010100000 n
b000000001110101001100 m
b000000001110101001100 l
b000010010101000110001 k
#206400
0*
0B
#206800
1*
1B
b00000000000000100000011 2
b0100 N
b00111111001 \
b01111101011 [
b01100010110 ^
b01110101110 ]
b000000000111110100101 n
b111111111011110101011 m
b111111111011110101011 l
1Z
b000010000010010010000 k
#207200
0*
0B
#207600
1*
1B
b00000000000000100000100 2
b0101 N
b01100010110 \
b01110101110 [
b000000000111110100101 U
b0100 T
b0100 V
b00111111001 d
b01111101011 c
b0100 W
b00111111001 h
b01111101011 g
b0100 I
b01101001011 ^
b01011111110 ]
b000001100110001010101 n
b000001000110100111101 m
b000001000110100111101 l
0Z
b000010010000100000010 k
b01110101110 e
b01100010110 f
b00111111001 r
b01111101011 q
b01110011001 i
b00001110100 j
b000000011001001100111 u
b00001110100 t
b01110011001 s
b000000001110101001100 u
#208000
0*
0B
#208400
1*
1B
b00000000000000100000101 2
b0000 N
b01101001011 \
b01011111110 [
b0100 H
b00110110010 ^
b01010111101 ]
b000011111011111011010 n
b000011011011011100010 m
b000011011011011100010 l
b000001000111110010001 k
b00000000000000000000000000000110 v
b01100010110 t
b01110101110 s
b000000000100001010101 u
#208800
0*
0B
#209200
1*
1B
b00000000000000100000110 2
b0001 N
b00110110010 \
b01010111101 [
b011111111111111111111 U
b0101 V
b01100010110 d
b01110101110 c
b00001001000 ^
b01101000110 ]
b000011001110001100100 n
b000011110101001000110 m
b000011110101001000110 l
b000000111000101100100 k
b00000000000000000000000000001110 v
b01011111110 e
b01101001011 f
b01101001011 t
b01011111110 s
b01100010110 r
b01110101110 q
b111110111001011000011 u
b0101 I
#209600
0*
0B
#210000
1*
1B
b00000000000000100000111 2
b0000 N
b01101001011 \
b01011111110 [
b0101 H
b00110110010 ^
b01010111101 ]
b000011111011111011010 n
b000011011011011100010 m
b000011011011011100010 l
b000001000111110010001 k
b00000000000000000000000000000110 v
b00001110100 t
b01110011001 s
b00111111001 r
b01111101011 q
b000000001110101001100 u
b0110 I
#210400
0*
0B
#210800
1*
1B
b00000000000000100001000 2
b0110 H
b00000000000000000000000000001110 v
b00000000000000000000000000000110 v
b0111 I
#211200
0*
0B
#211600
1*
1B
b00000000000000100001001 2
b0111 H
b00000 Y
b0000 X
b00000000000000000000000000001110 v
b00000000000000000000000000000110 v
b1001 I
#212000
0*
0B
#212400
1*
1B
b00000000000000100001010 2
b1001 H
b11111 Y
b0111 M
b00000000000000000000000000001101 v
b00000000000000000000000000000110 v
b1000 I
#212800
0*
0B
#213200
1*
1B
b00000000000000100001011 2
b1000 H
b0111 L
b00001001000 h
b00001110100 d
b01000111000 \
b01101000110 g
b01110011001 c
b01111100101 [
1E
1-
b00000000000000000000000000001110 v
b00000000000000000000000000000110 v
b00001001000 r
b01101000110 q
b0001 I
b01010111101 i
b00110110010 j
b01111101011 e
b00111111001 f
b01100010110 ^
b000000000000000000000 n
b000000000000000000000 m
b000000000000000000000 l
b000010110010011111110 k
b01110101110 ]
b111110111101010000100 u
b00110110010 t
b01010111101 s
b000001101010111100110 k
b000011110101001000110 u
#213600
0*
0B
#214000
1*
1B
b00000000000000100001100 2
b0001 H
0E
0-
b00000000000000000000000000001110 v
b00000000000000000000000000000110 v
#214100
b00010000 ;
b100 <
b11000 ,
b11000 D
#214400
0*
0B
#214800
1*
1B
b00000000000000100001101 2
b0001 N
b01100010110 \
b01110101110 [
b1100000000 J
b01100000000 a
b01101001011 ^
b01011111110 ]
b000010011011011001000 n
b000001011110010100110 m
b000001011110010100110 l
b000010010000100000010 k
b00000000000000000000000000001110 v
b00000000000000000000000000000110 v
b01100000000 o
b000001010011001110100 u
#214900
b011 <
b10000 ,
b10000 D
#215200
0*
0B
#215600
1*
1B
b00000000000000100001110 2
b0010 N
b01101001011 \
b01011111110 [
b1100010000 J
b01100010000 a
b00110110010 ^
b01010111101 ]
b000010010100010101101 n
b000000110001010010101 m
b000000110001010010101 l
b000001000111110010001 k
b00000000000000000000000000001110 v
b00000000000000000000000000000110 v
b01100010000 o
b000001011110100010100 u
#215700
b010 <
b00100 ,
b00100 D
#216000
0*
0B
#216400
1*
1B
b00000000000000100001111 2
b0011 N
b00110110010 \
b01010111101 [
b0010000000 K
b00010000000 b
b00001001000 ^
b01101000110 ]
b000011000100010101101 n
b111111101000110011100 m
b111111101000110011100 l
1Z
b000000111000101100100 k
b00000000000000000000000000001110 v
b00000000000000000000000000000110 v
b00010000000 p
b111111101000110011100 u
#216500
b001 <
b00011 ,
b00011 D
#216800
0*
0B
#217200
1*
1B
b00000000000000100010000 2
b000 <
b0100 N
b00001001000 \
b01101000110 [
b0010000011 K
b00010000011 b
b00000 ,
b00000 D
b0010 I
b00001110100 ^
b01110011001 ]
b000000001100011111101 n
b000000001110001101001 m
b000000001110001101001 l
0Z
b000000111100000100000 k
b00000000000000000000000000001110 v
b00000000000000000000000000000110 v
b00010000011 p
b111111101001100110111 u
#217600
0*
0B
#218000
1*
1B
b00000000000000100010001 2
b0000 N
b01000111000 \
b01111100101 [
b0010 H
b01100010110 ^
b01110101110 ]
b000111001101100110010 n
b000010001011010011001 m
b000010001011010011001 l
b000001101010111100110 k
b00000000000000000000000000001110 v
b00000000000000000000000000000110 v
#218400
0*
0B
#218800
1*
1B
b00000000000000100010010 2
b0001 N
b01100010110 \
b01110101110 [
b01101001011 ^
b01011111110 ]
b001110000000111101101 n
b000011110010111000110 m
b000011110010111000110 l
b000010010000100000010 k
#219200
0*
0B
#219600
1*
1B
b00000000000000100010011 2
b0010 N
b01101001011 \
b01011111110 [
b00110110010 ^
b01010111101 ]
b001111011110110000100 n
b000001101000110001010 m
b000001101000110001010 l
b000001000111110010001 k
#220000
0*
0B
#220400
1*
1B
b00000000000000100010100 2
b0011 N
b00110110010 \
b01010111101 [
b00001001000 ^
b01101000110 ]
b000011000000110001010 n
b111111101001100110111 m
b111111101001100110111 l
1Z
b000000111000101100100 k
b0011 I
#220800
0*
0B
#221200
1*
1B
b00000000000000100010101 2
b0000 N
b01000111000 \
b01111100101 [
b0011 H
b01100010110 ^
b01110101110 ]
b000111001101100110010 n
b000010001011010011001 m
b000010001011010011001 l
0Z
b000001101010111100110 k
b00000000000000000000000000001110 v
b00000000000000000000000000000110 v
#221600
0*
0B
#222000
1*
1B
b00000000000000100010110 2
b0001 N
b01100010110 \
b01110101110 [
b000111001101100110010 U
b0000 T
b0000 V
b01000111000 d
b01111100101 c
b0000 W
b01000111000 h
b01111100101 g
b01101001011 ^
b01011111110 ]
b001110000000111101101 n
b000011110010111000110 m
b000011110010111000110 l
b000010010000100000010 k
b00000000000000000000000000001110 v
b01110101110 e
b01100010110 f
b01000111000 r
b01111100101 q
b01111101011 i
b00111111001 j
b111100111011000110110 u
b00111111001 t
b01111101011 s
b000000011111010101001 u
#222400
0*
0B
#222800
1*
1B
b00000000000000100010111 2
b0010 N
b01101001011 \
b01011111110 [
b00110110010 ^
b01010111101 ]
b001111011110110000100 n
b000001101000110001010 m
b000001101000110001010 l
b000001000111110010001 k
#223200
0*
0B
#223600
1*
1B
b00000000000000100011000 2
b0011 N
b00110110010 \
b01010111101 [
b00001001000 ^
b01101000110 ]
b000011000000110001010 n
b111111101001100110111 m
b111111101001100110111 l
1Z
b000000111000101100100 k
#224000
0*
0B
#224400
1*
1B
b00000000000000100011001 2
b0100 N
b00001001000 \
b01101000110 [
b000011000000110001010 U
b0011 T
b0011 V
b00110110010 d
b01010111101 c
b0011 W
b00110110010 h
b01010111101 g
b00001110100 ^
b01110011001 ]
b000000001100011111101 n
b000000001110001101001 m
b000000001110001101001 l
0Z
b000000111100000100000 k
b01101000110 e
b00001001000 f
b00110110010 r
b01010111101 q
b01011111110 i
b01101001011 j
b000010111110001110111 u
b01101001011 t
b01011111110 s
b000001101000110001010 u
#224800
0*
0B
#225200
1*
1B
b00000000000000100011010 2
b0101 N
b00001110100 \
b01110011001 [
b000000001100011111101 U
b0100 T
b0100 V
b00001001000 d
b01101000110 c
b0100 W
b00001001000 h
b01101000110 g
b00111111001 ^
b01111101011 ]
b000000100101000110010 n
b000001101010011111011 m
b000001101010011111011 l
b000010010101000110001 k
b01110011001 e
b00001110100 f
b00001001000 r
b01101000110 q
b01010111101 i
b00110110010 j
b111110110110111110110 u
b00110110010 t
b01010111101 s
b111111101001100110111 u
#225600
0*
0B
#226000
1*
1B
b00000000000000100011011 2
b0110 N
b00111111001 \
b01111101011 [
b0100 I
b01000111000 ^
b01111100101 ]
b000101101110110111101 n
b000000011111010101001 m
b000000011111010101001 l
b000000011011011111111 k
#226400
0*
0B
#226800
1*
1B
b00000000000000100011100 2
b0000 N
b01000111000 \
b01111100101 [
b0100 H
b0101 I
b01100010110 ^
b01110101110 ]
b000111001101100110010 n
b000010001011010011001 m
b000010001011010011001 l
b000001101010111100110 k
b00000000000000000000000000000110 v
b00001110100 t
b01110011001 s
b111111110001110010111 u
#227200
0*
0B
#227600
1*
1B
b00000000000000100011101 2
b0101 H
b011111111111111111111 U
b00000000000000000000000000001110 v
b00000000000000000000000000000110 v
b00110110010 t
b01010111101 s
b111111101001100110111 u
#228000
0*
0B
#228400
1*
1B
b00000000000000100011110 2
b0001 N
b01100010110 \
b01110101110 [
b0011 W
b00110110010 h
b01010111101 g
b0101 X
b01101001011 ^
b01011111110 ]
b001110000000111101101 n
b000011110010111000110 m
b000011110010111000110 l
b000010010000100000010 k
b00110110010 r
b01010111101 q
b01011111110 i
b01101001011 j
b000000000000000000000 u
b01101001011 t
b01011111110 s
b000001101000110001010 u
b0110 I
#228800
0*
0B
#229200
1*
1B
b00000000000000100011111 2
b0000 N
b01000111000 \
b01111100101 [
b0110 H
b0100 X
b0111 I
b01100010110 ^
b01110101110 ]
b000111001101100110010 n
b000010001011010011001 m
b000010001011010011001 l
b000001101010111100110 k
b00000000000000000000000000001110 v
b00000000000000000000000000000110 v
#229600
0*
0B
#230000
1*
1B
b00000000000000100100000 2
b0111 H
b00000 Y
b0101 X
b00000000000000000000000000001110 v
b00000000000000000000000000000110 v
b1001 I
#230400
0*
0B
#230800
1*
1B
b00000000000000100100001 2
b1001 H
b11111 Y
b1000 M
b00000000000000000000000000001101 v
b00000000000000000000000000000110 v
b1000 I
#231200
0*
0B
#231600
1*
1B
b00000000000000100100010 2
b1000 H
b1000 L
b00111111001 h
b01000111000 d
b00010000011 \
b01111101011 g
b01111100101 c
b01100010000 [
1E
1-
b00000000000000000000000000001110 v
b00000000000000000000000000000110 v
b00111111001 r
b01111101011 q
b0001 I
b01110011001 i
b00001110100 j
b01100010110 f
b00001001000 ^
b000000000000000000000 n
b000000000000000000000 m
b000000000000000000000 l
b000001011000011010010 k
b01110101110 e
b01101000110 ]
b111011000010010011100 u
b00001110100 t
b01110011001 s
b000000011110100001010 k
b000001101010011111011 u
#232000
0*
0B
#232400
1*
1B
b00000000000000100100011 2
b0001 H
0E
0-
b00000000000000000000000000001110 v
b00000000000000000000000000000110 v
#232500
b00010001 ;
b100 <
b11010 ,
b11010 D
#232800
0*
0B
#233200
1*
1B
b00000000000000100100100 2
b0001 N
b00001001000 \
b01101000110 [
b1101000000 J
b01101000000 a
b00001110100 ^
b01110011001 ]
b000000000110110111101 n
b000000001010000101001 m
b000000001010000101001 l
b000000111100000100000 k
b00000000000000000000000000001110 v
b00000000000000000000000000000110 v
b01101000000 o
b000001000110000001011 u
#233300
b011 <
b00100 ,
b00100 D
#233600
0*
0B
#234000
1*
1B
b00000000000000100100101 2
b0010 N
b00001110100 \
b01110011001 [
b1101000100 J
b01101000100 a
b00111111001 ^
b01111101011 ]
b000000001110100011010 n
b000001000010111110111 m
b000001000010111110111 l
b000010010101000110001 k
b00000000000000000000000000001110 v
b00000000000000000000000000000110 v
b01101000100 o
b000001000010111110111 u
#234100
b010 <
#234400
0*
0B
#234800
1*
1B
b00000000000000100100110 2
b0011 N
b00111111001 \
b01111101011 [
b0010000000 K
b00010000000 b
b01000111000 ^
b01111100101 ]
b000101001100000100010 n
b000000011000111101111 m
b000000011000111101111 l
b000000011011011111111 k
b00000000000000000000000000001110 v
b00000000000000000000000000000110 v
b00010000000 p
b000001000010100000001 u
#234900
b001 <
b11000 ,
b11000 D
#235200
0*
0B
#235600
1*
1B
b00000000000000100100111 2
b000 <
b0100 N
b01000111000 \
b01111100101 [
b0010011000 K
b00010011000 b
b00000 ,
b00000 D
b0010 I
b01100010110 ^
b01110101110 ]
b000110000100101000001 n
b000001110010011111110 m
b000001110010011111110 l
b000001101010111100110 k
b00000000000000000000000000001110 v
b00000000000000000000000000000110 v
b00010011000 p
b000001000110010110001 u
#236000
0*
0B
#236400
1*
1B
b00000000000000100101000 2
b0000 N
b00010000011 \
b01100010000 [
b0010 H
b00001001000 ^
b01101000110 ]
b000000000110001001001 n
b000000001000001101010 m
b000000001000001101010 l
b000000011110100001010 k
b00000000000000000000000000001110 v
b00000000000000000000000000000110 v
#236800
0*
0B
#237200
1*
1B
b00000000000000100101001 2
b0001 N
b00001001000 \
b01101000110 [
b00001110100 ^
b01110011001 ]
b000000001100100000100 n
b000000001101001001000 m
b000000001101001001000 l
b000000111100000100000 k
#237600
0*
0B
#238000
1*
1B
b00000000000000100101010 2
b0010 N
b00001110100 \
b01110011001 [
b00111111001 ^
b01111101011 ]
b000000010000101001001 n
b000001000110010110001 m
b000001000110010110001 l
b000010010101000110001 k
#238400
0*
0B
#238800
1*
1B
b00000000000000100101011 2
b0011 N
b00111111001 \
b01111101011 [
b01000111000 ^
b01111100101 ]
b000100101001110110010 n
b000000011000101011111 m
b000000011000101011111 l
b000000011011011111111 k
#239200
0*
0B
#239600
1*
1B
b00000000000000100101100 2
b0100 N
b01000111000 \
b01111100101 [
b01100010110 ^
b01110101110 ]
b000110000100101000001 n
b000001110010011111110 m
b000001110010011111110 l
b000001101010111100110 k
#240000
0*
0B
#240400
1*
1B
b00000000000000100101101 2
b0101 N
b01100010110 \
b01110101110 [
b01101001011 ^
b01011111110 ]
b001100110000111101000 n
b000011100110010010010 m
b000011100110010010010 l
b000010010000100000010 k
#240800
0*
0B
#241200
1*
1B
b00000000000000100101110 2
b0110 N
b01101001011 \
b01011111110 [
b00110110010 ^
b01010111101 ]
b001110101110001001101 n
b000010001111101001001 m
b000010001111101001001 l
b000001000111110010001 k
#241600
0*
0B
#242000
1*
1B
b00000000000000100101111 2
b0111 N
b00110110010 \
b01010111101 [
b1011 I
b00010000011 ^
b01100010000 ]
b000010111110111010101 n
b000000100010001011011 m
b000000100010001011011 l
b000000110000100100011 k
#242400
0*
0B
#242800
1*
1B
b00000000000000100110000 2
b0000 N
b00010000011 \
b01100010000 [
b1011 H
b0111 I
b00001001000 ^
b01101000110 ]
b000000000110001001001 n
b000000001000001101010 m
b000000001000001101010 l
b000000011110100001010 k
b00000000000000000000000000001110 v
b00000000000000000000000000000110 v
#243200
0*
0B
#243600
1*
1B
b00000000000000100110001 2
b0111 H
b111 S
b00010 Y
b1101000100 F
b1101000100 .
1G
1/
b00000000000000000000000000001110 v
b00000000000000000000000000000110 v
#244000
0*
0B
#244400
1*
1B
b00000000000000100110010 2
1@
b1101000100 =
b0001 N
b00001001000 \
b01101000110 [
b00001 Y
b00001110100 ^
b01110011001 ]
b000000001100100000100 n
b000000001101001001000 m
b000000001101001001000 l
b000000111100000100000 k
b0010011000 F
b0010011000 .
#244800
0*
0B
#245200
1*
1B
b0010011000 >
b00000000000000000000000000000000 ?
b00000000000000000000000000000001 ?
b00001001 3
b00000000000000100110011 2
0@
b0010 N
b00001110100 \
b01110011001 [
b00000 Y
b1001 I
b00111111001 ^
b01111101011 ]
b000000010000101001001 n
b000001000110010110001 m
b000001000110010110001 l
b000010010101000110001 k
bxxxxxxxxxx F
bxxxxxxxxxx .
0G
0/
#245600
0*
0B
#246000
1*
1B
b0000100001 9
b00000000000000100110100 2
b0000 N
b00010000011 \
b01100010000 [
b1001 H
b11111 Y
b1000 I
b00001001000 ^
b01101000110 ]
b000000000110001001001 n
b000000001000001101010 m
b000000001000001101010 l
b000000011110100001010 k
b00000000000000000000000000001110 v
b00000000000000000000000000000110 v
#246400
0*
0B
#246800
1*
1B
b00000000000000100110101 2
b1000 H
1E
1-
b00000000000000000000000000001110 v
b00000000000000000000000000000110 v
b0001 I
#247200
0*
0B
#247600
1*
1B
b00000000000000100110110 2
b0001 H
b000 S
0E
0-
b00000000000000000000000000001110 v
b00000000000000000000000000000110 v
#247700
b00010010 ;
b100 <
b11011 ,
b11011 D
#248000
0*
0B
#248400
1*
1B
b00000000000000100110111 2
b0001 N
b00001001000 \
b01101000110 [
b1101100000 J
b01101100000 a
b00001110100 ^
b01110011001 ]
b000000001101110100100 n
b000000001010101111000 m
b000000001010101111000 l
b000000111100000100000 k
b00000000000000000000000000001110 v
b00000000000000000000000000000110 v
b01101100000 o
b000000110001000100101 u
#248500
b011 <
b01000 ,
b01000 D
#248800
0*
0B
#249200
1*
1B
b00000000000000100111000 2
b0010 N
b00001110100 \
b01110011001 [
b1101101000 J
b01101101000 a
b00111111001 ^
b01111101011 ]
b000000000111001110001 n
b000000101010111111101 m
b000000101010111111101 l
b000010010101000110001 k
b00000000000000000000000000001110 v
b00000000000000000000000000000110 v
b01101101000 o
b000000101010111111101 u
#249300
b010 <
b00010 ,
b00010 D
#249600
0*
0B
#250000
1*
1B
b00000000000000100111001 2
b0011 N
b00111111001 \
b01111101011 [
b0001000000 K
b00001000000 b
b01000111000 ^
b01111100101 ]
b000110011101010111010 n
b000000010101010010011 m
b000000010101010010011 l
b000000011011011111111 k
b00000000000000000000000000001110 v
b00000000000000000000000000000110 v
b00001000000 p
b000000011100111001101 u
#250100
b001 <
b11011 ,
b11011 D
#250400
0*
0B
#250800
1*
1B
b00000000000000100111010 2
b000 <
b0100 N
b01000111000 \
b01111100101 [
b0001011011 K
b00001011011 b
b00000 ,
b00000 D
b0010 I
b01100010110 ^
b01110101110 ]
b000111011010111010010 n
b000001101001011100001 m
b000001101001011100001 l
b000001101010111100110 k
b00000000000000000000000000001110 v
b00000000000000000000000000000110 v
b00001011011 p
b000000100001001110011 u
#251200
0*
0B
#251600
1*
1B
b00000000000000100111011 2
b0000 N
b00010000011 \
b01100010000 [
b0010 H
b00001001000 ^
b01101000110 ]
b000000010010010000000 n
b000000000101111011000 m
b000000000101111011000 l
b000000011110100001010 k
b00000000000000000000000000001110 v
b00000000000000000000000000000110 v
#252000
0*
0B
#252400
1*
1B
b00000000000000100111100 2
b0001 N
b00001001000 \
b01101000110 [
b00001110100 ^
b01110011001 ]
b000000000010111101101 n
b000000000000001010001 m
b000000000000001010001 l
b000000111100000100000 k
#252800
0*
0B
#253200
1*
1B
b00000000000000100111101 2
b0010 N
b00001110100 \
b01110011001 [
b00111111001 ^
b01111101011 ]
b000000000101111010010 n
b000000100001001110011 m
b000000100001001110011 l
b000010010101000110001 k
#253600
0*
0B
#254000
1*
1B
b00000000000000100111110 2
b0011 N
b00111111001 \
b01111101011 [
b01000111000 ^
b01111100101 ]
b000101110000010001101 n
b000000010100111110001 m
b000000010100111110001 l
b000000011011011111111 k
#254400
0*
0B
#254800
1*
1B
b00000000000000100111111 2
b0100 N
b01000111000 \
b01111100101 [
b01100010110 ^
b01110101110 ]
b000111011010111010010 n
b000001101001011100001 m
b000001101001011100001 l
b000001101010111100110 k
#255200
0*
0B
#255600
1*
1B
b00000000000000101000000 2
b0101 N
b01100010110 \
b01110101110 [
b01101001011 ^
b01011111110 ]
b001111000011110111101 n
b000011110111100001110 m
b000011110111100001110 l
b000010010000100000010 k
#256000
0*
0B
#256400
1*
1B
b00000000000000101000001 2
b0110 N
b01101001011 \
b01011111110 [
b00110110010 ^
b01010111101 ]
b010001100110011100100 n
b000010110100001001010 m
b000010110100001001010 l
b000001000111110010001 k
#256800
0*
0B
#257200
1*
1B
b00000000000000101000010 2
b0111 N
b00110110010 \
b01010111101 [
b1011 I
b00010000011 ^
b01100010000 ]
b000100011110111001010 n
b000000101101100110000 m
b000000101101100110000 l
b000000110000100100011 k
#257600
0*
0B
#258000
1*
1B
b00000000000000101000011 2
b0000 N
b00010000011 \
b01100010000 [
b1011 H
b0111 I
b00001001000 ^
b01101000110 ]
b000000010010010000000 n
b000000000101111011000 m
b000000000101111011000 l
b000000011110100001010 k
b00000000000000000000000000001110 v
b00000000000000000000000000000110 v
#258400
0*
0B
#258800
1*
1B
b00000000000000101000100 2
b0111 H
b111 S
b00010 Y
b1101101000 F
b1101101000 .
1G
1/
b00000000000000000000000000001110 v
b00000000000000000000000000000110 v
#259200
0*
0B
#259600
1*
1B
b00000000000000101000101 2
1@
b1101101000 =
b0001 N
b00001001000 \
b01101000110 [
b00001 Y
b00001110100 ^
b01110011001 ]
b000000000010111101101 n
b000000000000001010001 m
b000000000000001010001 l
b000000111100000100000 k
b0001011011 F
b0001011011 .
#260000
0*
0B
#260400
1*
1B
b0001011011 >
b00000000000000000000000000000000 ?
b00000000000000000000000000000001 ?
b00001010 3
b00000000000000101000110 2
0@
b0010 N
b00001110100 \
b01110011001 [
b00000 Y
b1001 I
b00111111001 ^
b01111101011 ]
b000000000101111010010 n
b000000100001001110011 m
b000000100001001110011 l
b000010010101000110001 k
bxxxxxxxxxx F
bxxxxxxxxxx .
0G
0/
#260800
0*
0B
#261200
1*
1B
b0000011111 9
b00000000000000101000111 2
b0000 N
b00010000011 \
b01100010000 [
b1001 H
b11111 Y
b1000 I
b00001001000 ^
b01101000110 ]
b000000010010010000000 n
b000000000101111011000 m
b000000000101111011000 l
b000000011110100001010 k
b00000000000000000000000000001110 v
b00000000000000000000000000000110 v
#261600
0*
0B
#262000
1*
1B
b00000000000000101001000 2
b1000 H
1E
1-
b00000000000000000000000000001110 v
b00000000000000000000000000000110 v
b0001 I
#262400
0*
0B
#262800
1*
1B
b00000000000000101001001 2
b0001 H
b000 S
0E
0-
b00000000000000000000000000001110 v
b00000000000000000000000000000110 v
#262900
b00010011 ;
b100 <
b11110 ,
b11110 D
#263200
0*
0B
#263600
1*
1B
b00000000000000101001010 2
b0001 N
b00001001000 \
b01101000110 [
b1111000000 J
b01111000000 a
b00001110100 ^
b01110011001 ]
b000000011101110001101 n
b111111111000100110001 m
b111111111000100110001 l
1Z
b000000111100000100000 k
b00000000000000000000000000001110 v
b00000000000000000000000000000110 v
b01111000000 o
b111111011110010111011 u
#263700
b011 <
b01101 ,
b01101 D
#264000
0*
0B
#264400
1*
1B
b00000000000000101001011 2
b0010 N
b00001110100 \
b01110011001 [
b1111001101 J
b01111001101 a
b00111111001 ^
b01111101011 ]
b000000000110100000001 n
b111111010100011111010 m
b111111010100011111010 l
b000010010101000110001 k
b00000000000000000000000000001110 v
b00000000000000000000000000000110 v
b01111001101 o
b111111010100011111010 u
#264500
b010 <
b01010 ,
b01010 D
#264800
0*
0B
#265200
1*
1B
b00000000000000101001100 2
b0011 N
b00111111001 \
b01111101011 [
b0101000000 K
b00101000000 b
b01000111000 ^
b01111100101 ]
b000001000100100110101 n
b000000000101110111000 m
b000000000101110111000 l
0Z
b000000011011011111111 k
b00000000000000000000000000001110 v
b00000000000000000000000000000110 v
b00101000000 p
b111111111001001010100 u
#265300
b001 <
b01100 ,
b01100 D
#265600
0*
0B
#266000
1*
1B
b00000000000000101001101 2
b000 <
b0100 N
b01000111000 \
b01111100101 [
b0101001100 K
b00101001100 b
b00000 ,
b00000 D
b0010 I
b01100010110 ^
b01110101110 ]
b000001101101111010000 n
b000000100011110000100 m
b000000100011110000100 l
b000001101010111100110 k
b00000000000000000000000000001110 v
b00000000000000000000000000000110 v
b00101001100 p
b111111111011000101100 u
#266400
0*
0B
#266800
1*
1B
b00000000000000101001110 2
b0000 N
b00010000011 \
b01100010000 [
b0010 H
b00001001000 ^
b01101000110 ]
b000010010100101011010 n
b000000101010111110101 m
b000000101010111110101 l
b000000011110100001010 k
b00000000000000000000000000001110 v
b00000000000000000000000000000110 v
#267200
0*
0B
#267600
1*
1B
b00000000000000101001111 2
b0001 N
b00001001000 \
b01101000110 [
b00001110100 ^
b01110011001 ]
b000010100111101000001 n
b000000011110100011000 m
b000000011110100011000 l
b000000111100000100000 k
#268000
0*
0B
#268400
1*
1B
b00000000000000101010000 2
b0010 N
b00001110100 \
b01110011001 [
b00111111001 ^
b01111101011 ]
b000001100000011010000 n
b111111111011000101100 m
b111111111011000101100 l
1Z
b000010010101000110001 k
b0011 I
#268800
0*
0B
#269200
1*
1B
b00000000000000101010001 2
b0000 N
b00010000011 \
b01100010000 [
b0011 H
b00001001000 ^
b01101000110 ]
b000010010100101011010 n
b000000101010111110101 m
b000000101010111110101 l
0Z
b000000011110100001010 k
b00000000000000000000000000001110 v
b00000000000000000000000000000110 v
#269600
0*
0B
#270000
1*
1B
b00000000000000101010010 2
b0001 N
b00001001000 \
b01101000110 [
b000010010100101011010 U
b0000 T
b0000 V
b00010000011 d
b01100010000 c
b0000 W
b00010000011 h
b01100010000 g
b00001110100 ^
b01110011001 ]
b000010100111101000001 n
b000000011110100011000 m
b000000011110100011000 l
b000000111100000100000 k
b00000000000000000000000000001110 v
b01101000110 e
b00001001000 f
b00010000011 r
b01100010000 q
b01010111101 i
b00110110010 j
b111111000100101011100 u
b00110110010 t
b01010111101 s
b000010010000011011110 u
#270400
0*
0B
#270800
1*
1B
b00000000000000101010011 2
b0010 N
b00001110100 \
b01110011001 [
b00111111001 ^
b01111101011 ]
b000001100000011010000 n
b111111111011000101100 m
b111111111011000101100 l
1Z
b000010010101000110001 k
#271200
0*
0B
#271600
1*
1B
b00000000000000101010100 2
b0011 N
b00111111001 \
b01111101011 [
b000001100000011010000 U
b0010 T
b0010 V
b00001110100 d
b01110011001 c
b0010 W
b00001110100 h
b01110011001 g
b01000111000 ^
b01111100101 ]
b000000111100001101101 n
b000000000101101110000 m
b000000000101101110000 l
0Z
b000000011011011111111 k
b01111101011 e
b00111111001 f
b00001110100 r
b01110011001 q
b01101000110 i
b00001001000 j
b000001111101000111000 u
b00001001000 t
b01101000110 s
b000000011110100011000 u
#272000
0*
0B
#272400
1*
1B
b00000000000000101010101 2
b0100 N
b01000111000 \
b01111100101 [
b000000111100001101101 U
b0011 T
b0011 V
b00111111001 d
b01111101011 c
b0011 W
b00111111001 h
b01111101011 g
b01100010110 ^
b01110101110 ]
b000001101101111010000 n
b000000100011110000100 m
b000000100011110000100 l
b000001101010111100110 k
b01111100101 e
b01000111000 f
b00111111001 r
b01111101011 q
b01110011001 i
b00001110100 j
b111111100001100111101 u
b00001110100 t
b01110011001 s
b111111111011000101100 u
#272800
0*
0B
#273200
1*
1B
b00000000000000101010110 2
b0101 N
b01100010110 \
b01110101110 [
b01101001011 ^
b01011111110 ]
b000110011011100100101 n
b000010011010001110101 m
b000010011010001110101 l
b000010010000100000010 k
#273600
0*
0B
#274000
1*
1B
b00000000000000101010111 2
b0110 N
b01101001011 \
b01011111110 [
b00110110010 ^
b01010111101 ]
b001001010001101100010 n
b000011100110001110110 m
b000011100110001110110 l
b000001000111110010001 k
#274400
0*
0B
#274800
1*
1B
b00000000000000101011000 2
b0111 N
b00110110010 \
b01010111101 [
b0100 I
b00010000011 ^
b01100010000 ]
b000010100100110100100 n
b000010010000011011110 m
b000010010000011011110 l
b000000110000100100011 k
#275200
0*
0B
#275600
1*
1B
b00000000000000101011001 2
b0000 N
b00010000011 \
b01100010000 [
b0100 H
b0101 I
b00001001000 ^
b01101000110 ]
b000010010100101011010 n
b000000101010111110101 m
b000000101010111110101 l
b000000011110100001010 k
b00000000000000000000000000000110 v
b01000111000 t
b01111100101 s
b111111111010010010000 u
#276000
0*
0B
#276400
1*
1B
b00000000000000101011010 2
b0101 H
b011111111111111111111 U
b00000000000000000000000000001110 v
b00000000000000000000000000000110 v
b00001110100 t
b01110011001 s
b111111111011000101100 u
#276800
0*
0B
#277200
1*
1B
b00000000000000101011011 2
b0001 N
b00001001000 \
b01101000110 [
b0010 W
b00001110100 h
b01110011001 g
b0100 X
b00001110100 ^
b01110011001 ]
b000010100111101000001 n
b000000011110100011000 m
b000000011110100011000 l
b000000111100000100000 k
b00001110100 r
b01110011001 q
b01101000110 i
b00001001000 j
b000000000000000000000 u
b00001001000 t
b01101000110 s
b000000011110100011000 u
b0110 I
#277600
0*
0B
#278000
1*
1B
b00000000000000101011100 2
b0000 N
b00010000011 \
b01100010000 [
b0110 H
b0011 X
b0111 I
b00001001000 ^
b01101000110 ]
b000010010100101011010 n
b000000101010111110101 m
b000000101010111110101 l
b000000011110100001010 k
b00000000000000000000000000001110 v
b00000000000000000000000000000110 v
#278400
0*
0B
#278800
1*
1B
b00000000000000101011101 2
b0111 H
b00000 Y
b0100 X
b00000000000000000000000000001110 v
b00000000000000000000000000000110 v
b1001 I
#279200
0*
0B
#279600
1*
1B
b00000000000000101011110 2
b1001 H
b11111 Y
b1001 M
b00000000000000000000000000001101 v
b00000000000000000000000000000110 v
b1000 I
#280000
0*
0B
#280400
1*
1B
b00000000000000101011111 2
b1000 H
b1001 L
b01000111000 h
b01100010110 d
b00101001100 \
b01111100101 g
b01110101110 c
b01111001101 [
1E
1-
b00000000000000000000000000001110 v
b00000000000000000000000000000110 v
b01000111000 r
b01111100101 q
b0001 I
b01111101011 i
b00111111001 j
b01101001011 f
b00111111001 ^
b000000000000000000000 n
b000000000000000000000 m
b000000000000000000000 l
b000000101000010111001 k
b01011111110 e
b01111101011 ]
b111111001101111101100 u
b00111111001 t
b01111101011 s
b000001000011011011101 k
b000000000101101110000 u
#280800
0*
0B
#281200
1*
1B
b00000000000000101100000 2
b0001 H
0E
0-
b00000000000000000000000000001110 v
b00000000000000000000000000000110 v
#281300
b00010100 ;
b100 <
b10110 ,
b10110 D
#281600
0*
0B
#282000
1*
1B
b00000000000000101100001 2
b0001 N
b00111111001 \
b01111101011 [
b1011000000 J
b01011000000 a
b01000111000 ^
b01111100101 ]
b000011101001000100010 n
b000000100110110100011 m
b000000100110110100011 l
b000000011011011111111 k
b00000000000000000000000000001110 v
b00000000000000000000000000000110 v
b01011000000 o
b000000100110110100011 u
#282100
b011 <
b01101 ,
b01101 D
#282400
0*
0B
#282800
1*
1B
b00000000000000101100010 2
b0010 N
b01000111000 \
b01111100101 [
b1011001101 J
b01011001101 a
b01100010110 ^
b01110101110 ]
b000100000101111010000 n
b000010010010110000100 m
b000010010010110000100 l
b000001101010111100110 k
b00000000000000000000000000001110 v
b00000000000000000000000000000110 v
b01011001101 o
b000000100101001110000 u
#282900
b010 <
b01111 ,
b01111 D
#283200
0*
0B
#283600
1*
1B
b00000000000000101100011 2
b0011 N
b01100010110 \
b01110101110 [
b0111100000 K
b00111100000 b
b01101001011 ^
b01011111110 ]
b000100011110100100101 n
b000010000001110110101 m
b000010000001110110101 l
b000010010000100000010 k
b00000000000000000000000000001110 v
b00000000000000000000000000000110 v
b00111100000 p
b000000100011011111000 u
#283700
b001 <
b11111 ,
b11111 D
#284000
0*
0B
#284400
1*
1B
b00000000000000101100100 2
b000 <
b0100 N
b01101001011 \
b01011111110 [
b0111111111 K
b00111111111 b
b00000 ,
b00000 D
b0010 I
b00110110010 ^
b01010111101 ]
b000011011011111110001 n
b000000000011000000011 m
b000000000011000000011 l
b000001000111110010001 k
b00000000000000000000000000001110 v
b00000000000000000000000000000110 v
b00111111111 p
b000000100011000111110 u
#284800
0*
0B
#285200
1*
1B
b00000000000000101100101 2
b0000 N
b00101001100 \
b01111001101 [
b0010 H
b00111111001 ^
b01111101011 ]
b000010111110100101001 n
b000001100000111111010 m
b000001100000111111010 l
b000001000011011011101 k
b00000000000000000000000000001110 v
b00000000000000000000000000000110 v
#285600
0*
0B
#286000
1*
1B
b00000000000000101100110 2
b0001 N
b00111111001 \
b01111101011 [
b01000111000 ^
b01111100101 ]
b000010011111110101000 n
b000000100011000111110 m
b000000100011000111110 l
b000000011011011111111 k
#286400
0*
0B
#286800
1*
1B
b00000000000000101100111 2
b0010 N
b01000111000 \
b01111100101 [
b01100010110 ^
b01110101110 ]
b000010011111011110001 n
b000001111111100001111 m
b000001111111100001111 l
b000001101010111100110 k
#287200
0*
0B
#287600
1*
1B
b00000000000000101101000 2
b0011 N
b01100010110 \
b01110101110 [
b01101001011 ^
b01011111110 ]
b000011111010111010010 n
b000001110111001100101 m
b000001110111001100101 l
b000010010000100000010 k
#288000
0*
0B
#288400
1*
1B
b00000000000000101101001 2
b0100 N
b01101001011 \
b01011111110 [
b00110110010 ^
b01010111101 ]
b000011011011111110001 n
b000000000011000000011 m
b000000000011000000011 l
b000001000111110010001 k
#288800
0*
0B
#289200
1*
1B
b00000000000000101101010 2
b0101 N
b00110110010 \
b01010111101 [
b00010000011 ^
b01100010000 ]
b000000001100000101001 n
b000000010101111100111 m
b000000010101111100111 l
b000000110000100100011 k
#289600
0*
0B
#290000
1*
1B
b00000000000000101101011 2
b0110 N
b00010000011 \
b01100010000 [
b00001001000 ^
b01101000110 ]
b000100100010110011001 n
b000000100000010110111 m
b000000100000010110111 l
b000000011110100001010 k
#290400
0*
0B
#290800
1*
1B
b00000000000000101101100 2
b0111 N
b00001001000 \
b01101000110 [
b00001110100 ^
b01110011001 ]
b000110010101000000010 n
b000001010001100100001 m
b000001010001100100001 l
b000000111100000100000 k
#291200
0*
0B
#291600
1*
1B
b00000000000000101101101 2
b1000 N
b00001110100 \
b01110011001 [
b1011 I
b00101001100 ^
b01111001101 ]
b000110000010000001001 n
b000001111110001011100 m
b000001111110001011100 l
b000001010110100101000 k
#292000
0*
0B
#292400
1*
1B
b00000000000000101101110 2
b0000 N
b00101001100 \
b01111001101 [
b1011 H
b0111 I
b00111111001 ^
b01111101011 ]
b000010111110100101001 n
b000001100000111111010 m
b000001100000111111010 l
b000001000011011011101 k
b00000000000000000000000000001110 v
b00000000000000000000000000000110 v
#292800
0*
0B
#293200
1*
1B
b00000000000000101101111 2
b0111 H
b111 S
b00010 Y
b1011001101 F
b1011001101 .
1G
1/
b00000000000000000000000000001110 v
b00000000000000000000000000000110 v
#293600
0*
0B
#294000
1*
1B
b00000000000000101110000 2
1@
b1011001101 =
b0001 N
b00111111001 \
b01111101011 [
b00001 Y
b01000111000 ^
b01111100101 ]
b000010011111110101000 n
b000000100011000111110 m
b000000100011000111110 l
b000000011011011111111 k
b0111111111 F
b0111111111 .
#294400
0*
0B
#294800
1*
1B
b0111111111 >
b00000000000000000000000000000000 ?
b00000000000000000000000000000001 ?
b00001011 3
b00000000000000101110001 2
0@
b0010 N
b01000111000 \
b01111100101 [
b00000 Y
b1001 I
b01100010110 ^
b01110101110 ]
b000010011111011110001 n
b000001111111100001111 m
b000001111111100001111 l
b000001101010111100110 k
bxxxxxxxxxx F
bxxxxxxxxxx .
0G
0/
#295200
0*
0B
#295600
1*
1B
b0000011110 9
b00000000000000101110010 2
b0000 N
b00101001100 \
b01111001101 [
b1001 H
b11111 Y
b1000 I
b00111111001 ^
b01111101011 ]
b000010111110100101001 n
b000001100000111111010 m
b000001100000111111010 l
b000001000011011011101 k
b00000000000000000000000000001110 v
b00000000000000000000000000000110 v
#296000
0*
0B
#296400
1*
1B
b00000000000000101110011 2
b1000 H
1E
1-
b00000000000000000000000000001110 v
b00000000000000000000000000000110 v
b0001 I
#296800
0*
0B
#297200
1*
1B
b00000000000000101110100 2
b0001 H
b000 S
0E
0-
b00000000000000000000000000001110 v
b00000000000000000000000000000110 v
#297300
b00010101 ;
b100 <
b11011 ,
b11011 D
#297600
0*
0B
#298000
1*
1B
b00000000000000101110101 2
b0001 N
b00111111001 \
b01111101011 [
b1101100000 J
b01101100000 a
b01000111000 ^
b01111100101 ]
b000000100101110011101 n
b000000010001000010001 m
b000000010001000010001 l
b000000011011011111111 k
b00000000000000000000000000001110 v
b00000000000000000000000000000110 v
b01101100000 o
b000000010001000010001 u
#298100
b011 <
b11101 ,
b11101 D
#298400
0*
0B
#298800
1*
1B
b00000000000000101110110 2
b0010 N
b01000111000 \
b01111100101 [
b1101111101 J
b01101111101 a
b01100010110 ^
b01110101110 ]
b000000011011011110001 n
b000000110011001101111 m
b000000110011001101111 l
b000001101010111100110 k
b00000000000000000000000000001110 v
b00000000000000000000000000000110 v
b01101111101 o
b000000001101011101110 u
#298900
b010 <
b01000 ,
b01000 D
#299200
0*
0B
#299600
1*
1B
b00000000000000101110111 2
b0011 N
b01100010110 \
b01110101110 [
b0100000000 K
b00100000000 b
b01101001011 ^
b01011111110 ]
b001000110001101000101 n
b000010111100101000101 m
b000010111100101000101 l
b000010010000100000010 k
b00000000000000000000000000001110 v
b00000000000000000000000000000110 v
b00100000000 p
b000000010000011101000 u
#299700
b001 <
#300000
0*
0B
#300400
1*
1B
b00000000000000101111000 2
b000 <
b0100 N
b01101001011 \
b01011111110 [
b0100001000 K
b00100001000 b
b00000 ,
b00000 D
b0010 I
b00110110010 ^
b01010111101 ]
b001010101110010001010 n
b000010101110111101010 m
b000010101110111101010 l
b000001000111110010001 k
b00000000000000000000000000001110 v
b00000000000000000000000000000110 v
b00100001000 p
b000000010000010111000 u
#300800
0*
0B
#301200
1*
1B
b00000000000000101111001 2
b0000 N
b00101001100 \
b01111001101 [
b0010 H
b00111111001 ^
b01111101011 ]
b000000010101100010000 n
b000000010111000011000 m
b000000010111000011000 l
b000001000011011011101 k
b00000000000000000000000000001110 v
b00000000000000000000000000000110 v
#301600
0*
0B
#302000
1*
1B
b00000000000000101111010 2
b0001 N
b00111111001 \
b01111101011 [
b01000111000 ^
b01111100101 ]
b000010001001000100101 n
b000000010000010111000 m
b000000010000010111000 l
b000000011011011111111 k
#302400
0*
0B
#302800
1*
1B
b00000000000000101111011 2
b0010 N
b01000111000 \
b01111100101 [
b01100010110 ^
b01110101110 ]
b000011001001101000000 n
b000001001101110000000 m
b000001001101110000000 l
b000001101010111100110 k
#303200
0*
0B
#303600
1*
1B
b00000000000000101111100 2
b0011 N
b01100010110 \
b01110101110 [
b01101001011 ^
b01011111110 ]
b001000100001000100101 n
b000010111001111000101 m
b000010111001111000101 l
b000010010000100000010 k
#304000
0*
0B
#304400
1*
1B
b00000000000000101111101 2
b0100 N
b01101001011 \
b01011111110 [
b00110110010 ^
b01010111101 ]
b001010101110010001010 n
b000010101110111101010 m
b000010101110111101010 l
b000001000111110010001 k
#304800
0*
0B
#305200
1*
1B
b00000000000000101111110 2
b0101 N
b00110110010 \
b01010111101 [
b00010000011 ^
b01100010000 ]
b000010000000011100100 n
b000001010110000100010 m
b000001010110000100010 l
b000000110000100100011 k
#305600
0*
0B
#306000
1*
1B
b00000000000000101111111 2
b0110 N
b00010000011 \
b01100010000 [
b00001001000 ^
b01101000110 ]
b000000111001110000010 n
b000000011010100101101 m
b000000011010100101101 l
b000000011110100001010 k
#306400
0*
0B
#306800
1*
1B
b00000000000000110000000 2
b0111 N
b00001001000 \
b01101000110 [
b00001110100 ^
b01110011001 ]
b000001001101111010001 n
b000000011010011001100 m
b000000011010011001100 l
b000000111100000100000 k
#307200
0*
0B
#307600
1*
1B
b00000000000000110000001 2
b1000 N
b00001110100 \
b01110011001 [
b1011 I
b00101001100 ^
b01111001101 ]
b000000101100010100000 n
b000000011010110110000 m
b000000011010110110000 l
b000001010110100101000 k
#308000
0*
0B
#308400
1*
1B
b00000000000000110000010 2
b0000 N
b00101001100 \
b01111001101 [
b1011 H
b0111 I
b00111111001 ^
b01111101011 ]
b000000010101100010000 n
b000000010111000011000 m
b000000010111000011000 l
b000001000011011011101 k
b00000000000000000000000000001110 v
b00000000000000000000000000000110 v
#308800
0*
0B
#309200
1*
1B
b00000000000000110000011 2
b0111 H
b111 S
b00010 Y
b1101111101 F
b1101111101 .
1G
1/
b00000000000000000000000000001110 v
b00000000000000000000000000000110 v
#309600
0*
0B
#310000
1*
1B
b00000000000000110000100 2
1@
b1101111101 =
b0001 N
b00111111001 \
b01111101011 [
b00001 Y
b01000111000 ^
b01111100101 ]
b000010001001000100101 n
b000000010000010111000 m
b000000010000010111000 l
b000000011011011111111 k
b0100001000 F
b0100001000 .
#310400
0*
0B
#310800
1*
1B
b0100001000 >
b00000000000000000000000000000000 ?
b00000000000000000000000000000001 ?
b00001100 3
b00000000000000110000101 2
0@
b0010 N
b01000111000 \
b01111100101 [
b00000 Y
b1001 I
b01100010110 ^
b01110101110 ]
b000011001001101000000 n
b000001001101110000000 m
b000001001101110000000 l
b000001101010111100110 k
bxxxxxxxxxx F
bxxxxxxxxxx .
0G
0/
#311200
0*
0B
#311600
1*
1B
b0000011101 9
b00000000000000110000110 2
b0000 N
b00101001100 \
b01111001101 [
b1001 H
b11111 Y
b1000 I
b00111111001 ^
b01111101011 ]
b000000010101100010000 n
b000000010111000011000 m
b000000010111000011000 l
b000001000011011011101 k
b00000000000000000000000000001110 v
b00000000000000000000000000000110 v
#312000
0*
0B
#312400
1*
1B
b00000000000000110000111 2
b1000 H
1E
1-
b00000000000000000000000000001110 v
b00000000000000000000000000000110 v
b0001 I
#312800
0*
0B
#313200
1*
1B
b00000000000000110001000 2
b0001 H
b000 S
0E
0-
b00000000000000000000000000001110 v
b00000000000000000000000000000110 v
#313300
b00010110 ;
b100 <
b10111 ,
b10111 D
#313600
0*
0B
#314000
1*
1B
b00000000000000110001001 2
b0001 N
b00111111001 \
b01111101011 [
b1011100000 J
b01011100000 a
b01000111000 ^
b01111100101 ]
b000011111100101011010 n
b000000100011101011011 m
b000000100011101011011 l
b000000011011011111111 k
b00000000000000000000000000001110 v
b00000000000000000000000000000110 v
b01011100000 o
b000000100011101011011 u
#314100
b011 <
b00111 ,
b00111 D
#314400
0*
0B
#314800
1*
1B
b00000000000000110001010 2
b0010 N
b01000111000 \
b01111100101 [
b1011100111 J
b01011100111 a
b01100010110 ^
b01110101110 ]
b000100110010100000100 n
b000010001110110010100 m
b000010001110110010100 l
b000001101010111100110 k
b00000000000000000000000000001110 v
b00000000000000000000000000000110 v
b01011100111 o
b000000100010110100010 u
#314900
b010 <
b01110 ,
b01110 D
#315200
0*
0B
#315600
1*
1B
b00000000000000110001011 2
b0011 N
b01100010110 \
b01110101110 [
b0111000000 K
b00111000000 b
b01101001011 ^
b01011111110 ]
b000100110001110010101 n
b000010001010001010011 m
b000010001010001010011 l
b000010010000100000010 k
b00000000000000000000000000001110 v
b00000000000000000000000000000110 v
b00111000000 p
b000000100000101010010 u
#315700
b001 <
b01010 ,
b01010 D
#316000
0*
0B
#316400
1*
1B
b00000000000000110001100 2
b000 <
b0100 N
b01101001011 \
b01011111110 [
b0111001010 K
b00111001010 b
b00000 ,
b00000 D
b0010 I
b00110110010 ^
b01010111101 ]
b000100100010100010010 n
b000000011110100000010 m
b000000011110100000010 l
b000001000111110010001 k
b00000000000000000000000000001110 v
b00000000000000000000000000000110 v
b00111001010 p
b000000100000100010110 u
#316800
0*
0B
#317200
1*
1B
b00000000000000110001101 2
b0000 N
b00101001100 \
b01111001101 [
b0010 H
b00111111001 ^
b01111101011 ]
b000010000110010101000 n
b000001010101000110010 m
b000001010101000110010 l
b000001000011011011101 k
b00000000000000000000000000001110 v
b00000000000000000000000000000110 v
#317600
0*
0B
#318000
1*
1B
b00000000000000110001110 2
b0001 N
b00111111001 \
b01111101011 [
b01000111000 ^
b01111100101 ]
b000010001000010110001 n
b000000100000100010110 m
b000000100000100010110 l
b000000011011011111111 k
#318400
0*
0B
#318800
1*
1B
b00000000000000110001111 2
b0010 N
b01000111000 \
b01111100101 [
b01100010110 ^
b01110101110 ]
b000010010101101001000 n
b000001111001111100110 m
b000001111001111100110 l
b000001101010111100110 k
#319200
0*
0B
#319600
1*
1B
b00000000000000110010000 2
b0011 N
b01100010110 \
b01110101110 [
b01101001011 ^
b01011111110 ]
b000100100100101000001 n
b000010000110101110011 m
b000010000110101110011 l
b000010010000100000010 k
#320000
0*
0B
#320400
1*
1B
b00000000000000110010001 2
b0100 N
b01101001011 \
b01011111110 [
b00110110010 ^
b01010111101 ]
b000100100010100010010 n
b000000011110100000010 m
b000000011110100000010 l
b000001000111110010001 k
#320800
0*
0B
#321200
1*
1B
b00000000000000110010010 2
b0101 N
b00110110010 \
b01010111101 [
b00010000011 ^
b01100010000 ]
b000000000100100100100 n
b000000011100101111110 m
b000000011100101111110 l
b000000110000100100011 k
#321600
0*
0B
#322000
1*
1B
b00000000000000110010011 2
b0110 N
b00010000011 \
b01100010000 [
b00001001000 ^
b01101000110 ]
b000011010100001000010 n
b000000011101110000111 m
b000000011101110000111 l
b000000011110100001010 k
#322400
0*
0B
#322800
1*
1B
b00000000000000110010100 2
b0111 N
b00001001000 \
b01101000110 [
b00001110100 ^
b01110011001 ]
b000100110100101000101 n
b000001000110101111010 m
b000001000110101111010 l
b000000111100000100000 k
#323200
0*
0B
#323600
1*
1B
b00000000000000110010101 2
b1000 N
b00001110100 \
b01110011001 [
b1011 I
b00101001100 ^
b01111001101 ]
b000100100010010101000 n
b000001101101110101000 m
b000001101101110101000 l
b000001010110100101000 k
#324000
0*
0B
#324400
1*
1B
b00000000000000110010110 2
b0000 N
b00101001100 \
b01111001101 [
b1011 H
b0111 I
b00111111001 ^
b01111101011 ]
b000010000110010101000 n
b000001010101000110010 m
b000001010101000110010 l
b000001000011011011101 k
b00000000000000000000000000001110 v
b00000000000000000000000000000110 v
#324800
0*
0B
#325200
1*
1B
b00000000000000110010111 2
b0111 H
b111 S
b00010 Y
b1011100111 F
b1011100111 .
1G
1/
b00000000000000000000000000001110 v
b00000000000000000000000000000110 v
#325600
0*
0B
#326000
1*
1B
b00000000000000110011000 2
1@
b1011100111 =
b0001 N
b00111111001 \
b01111101011 [
b00001 Y
b01000111000 ^
b01111100101 ]
b000010001000010110001 n
b000000100000100010110 m
b000000100000100010110 l
b000000011011011111111 k
b0111001010 F
b0111001010 .
#326400
0*
0B
#326800
1*
1B
b0111001010 >
b00000000000000000000000000000000 ?
b00000000000000000000000000000001 ?
b00001101 3
b00000000000000110011001 2
0@
b0010 N
b01000111000 \
b01111100101 [
b00000 Y
b1001 I
b01100010110 ^
b01110101110 ]
b000010010101101001000 n
b000001111001111100110 m
b000001111001111100110 l
b000001101010111100110 k
bxxxxxxxxxx F
bxxxxxxxxxx .
0G
0/
#327200
0*
0B
#327600
1*
1B
b0000011100 9
b00000000000000110011010 2
b0000 N
b00101001100 \
b01111001101 [
b1001 H
b11111 Y
b1000 I
b00111111001 ^
b01111101011 ]
b000010000110010101000 n
b000001010101000110010 m
b000001010101000110010 l
b000001000011011011101 k
b00000000000000000000000000001110 v
b00000000000000000000000000000110 v
#328000
0*
0B
#328400
1*
1B
b00000000000000110011011 2
b1000 H
1E
1-
b00000000000000000000000000001110 v
b00000000000000000000000000000110 v
b0001 I
#328800
0*
0B
#329200
1*
1B
b00000000000000110011100 2
b0001 H
b000 S
0E
0-
b00000000000000000000000000001110 v
b00000000000000000000000000000110 v
#329300
b00010111 ;
b100 <
b11111 ,
b11111 D
#329600
0*
0B
#330000
1*
1B
b00000000000000110011101 2
b0001 N
b00111111001 \
b01111101011 [
b1111100000 J
b01111100000 a
b01000111000 ^
b01111100101 ]
b000000000100100011010 n
b000000000001111001111 m
b000000000001111001111 l
b000000011011011111111 k
b00000000000000000000000000001110 v
b00000000000000000000000000000110 v
b01111100000 o
b000000000001111001111 u
#330100
b011 <
#330400
0*
0B
#330800
1*
1B
b00000000000000110011110 2
b0010 N
b01000111000 \
b01111100101 [
b1111111111 J
b01111111111 a
b01100010110 ^
b01110101110 ]
b000000011000111101000 n
b000000000000100010110 m
b000000000000100010110 l
b000001101010111100110 k
b00000000000000000000000000001110 v
b00000000000000000000000000000110 v
b01111111111 o
b111111111110000101110 u
#330900
b010 <
b10000 ,
b10000 D
#331200
0*
0B
#331600
1*
1B
b00000000000000110011111 2
b0011 N
b01100010110 \
b01110101110 [
b1000000000 K
b01000000000 b
b01101001011 ^
b01011111110 ]
b000010100011110000101 n
b000001010111001011011 m
b000001010111001011011 l
b000010010000100000010 k
b00000000000000000000000000001110 v
b00000000000000000000000000000110 v
b01000000000 p
b111111111101011101010 u
#331700
b001 <
#332000
0*
0B
#332400
1*
1B
b00000000000000110100000 2
b000 <
b0100 N
b01101001011 \
b01011111110 [
b1000010000 K
b01000010000 b
b00000 ,
b00000 D
b0010 I
b00110110010 ^
b01010111101 ]
b000101000010110011010 n
b000011110101010010100 m
b000011110101010010100 l
b000001000111110010001 k
b00000000000000000000000000001110 v
b00000000000000000000000000000110 v
b01000010000 p
b111111111101010001010 u
#332800
0*
0B
#333200
1*
1B
b00000000000000110100001 2
b0000 N
b00101001100 \
b01111001101 [
b0010 H
b00111111001 ^
b01111101011 ]
b000001001111111010100 n
b111111111010100101110 m
b111111111010100101110 l
1Z
b000001000011011011101 k
b00000000000000000000000000001110 v
b00000000000000000000000000000110 v
b0011 I
#333600
0*
0B
#334000
1*
1B
b00000000000000110100010 2
b0011 H
b00000000000000000000000000001110 v
b00000000000000000000000000000110 v
#334400
0*
0B
#334800
1*
1B
b00000000000000110100011 2
b0001 N
b00111111001 \
b01111101011 [
b000001001111111010100 U
b0000 T
b0000 V
b00101001100 d
b01111001101 c
b0000 W
b00101001100 h
b01111001101 g
b01000111000 ^
b01111100101 ]
b000000000001110100001 n
b111111111101010001010 m
b111111111101010001010 l
b000000011011011111111 k
b00000000000000000000000000001110 v
b01111101011 e
b00111111001 f
b00101001100 r
b01111001101 q
b01110011001 i
b00001110100 j
b000000000101011010010 u
b00001110100 t
b01110011001 s
b111111111110110100000 u
#335200
0*
0B
#335600
1*
1B
b00000000000000110100100 2
b0010 N
b01000111000 \
b01111100101 [
b000000000001110100001 U
b0001 T
b0001 V
b00111111001 d
b01111101011 c
b0001 W
b00111111001 h
b01111101011 g
b01100010110 ^
b01110101110 ]
b000000000100011100100 n
b111111111001000001100 m
b111111111001000001100 l
b000001101010111100110 k
b01111100101 e
b01000111000 f
b00111111001 r
b01111101011 q
b01111001101 i
b00101001100 j
b111111110100011111010 u
b00101001100 t
b01111001101 s
b111111111010100101110 u
#336000
0*
0B
#336400
1*
1B
b00000000000000110100101 2
b0011 N
b01100010110 \
b01110101110 [
b01101001011 ^
b01011111110 ]
b000010010010111000101 n
b000001010001101011011 m
b000001010001101011011 l
0Z
b000010010000100000010 k
#336800
0*
0B
#337200
1*
1B
b00000000000000110100110 2
b0100 N
b01101001011 \
b01011111110 [
b00110110010 ^
b01010111101 ]
b000101000010110011010 n
b000011110101010010100 m
b000011110101010010100 l
b000001000111110010001 k
#337600
0*
0B
#338000
1*
1B
b00000000000000110100111 2
b0101 N
b00110110010 \
b01010111101 [
b00010000011 ^
b01100010000 ]
b000011011011110001000 n
b000011001101110011000 m
b000011001101110011000 l
b000000110000100100011 k
#338400
0*
0B
#338800
1*
1B
b00000000000000110101000 2
b0110 N
b00010000011 \
b01100010000 [
b00001001000 ^
b01101000110 ]
b000110100011011001010 n
b000001000101011010011 m
b000001000101011010011 l
b000000011110100001010 k
#339200
0*
0B
#339600
1*
1B
b00000000000000110101001 2
b0111 N
b00001001000 \
b01101000110 [
b00001110100 ^
b01110011001 ]
b000111011000111110001 n
b000000111010000001100 m
b000000111010000001100 l
b000000111100000100000 k
#340000
0*
0B
#340400
1*
1B
b00000000000000110101010 2
b1000 N
b00001110100 \
b01110011001 [
b0100 I
b00101001100 ^
b01111001101 ]
b000101011111110110100 n
b111111111110110100000 m
b111111111110110100000 l
1Z
b000001010110100101000 k
#340800
0*
0B
#341200
1*
1B
b00000000000000110101011 2
b0000 N
b00101001100 \
b01111001101 [
b0100 H
b0101 I
b00111111001 ^
b01111101011 ]
b000001001111111010100 n
b111111111010100101110 m
b111111111010100101110 l
b000001000011011011101 k
b00000000000000000000000000000110 v
b01000111000 t
b01111100101 s
b000000000010101110110 u
b0100 I
#341600
0*
0B
#342000
1*
1B
b00000000000000110101100 2
b0001 N
b00111111001 \
b01111101011 [
b011111111111111111111 U
b0010 V
b01000111000 d
b01111100101 c
b01000111000 ^
b01111100101 ]
b000000000001110100001 n
b111111111101010001010 m
b111111111101010001010 l
b000000011011011111111 k
b00000000000000000000000000001110 v
b01110101110 e
b01100010110 f
b01100010110 t
b01110101110 s
b01000111000 r
b01111100101 q
b000000000110111110100 u
#342400
0*
0B
#342800
1*
1B
b00000000000000110101101 2
b0010 N
b01000111000 \
b01111100101 [
b0011 V
b01100010110 d
b01110101110 c
b01100010110 ^
b01110101110 ]
b000000000100011100100 n
b111111111001000001100 m
b111111111001000001100 l
b000001101010111100110 k
b01011111110 e
b01101001011 f
b01101001011 t
b01011111110 s
b01100010110 r
b01110101110 q
b111110101110010100101 u
b0101 I
#343200
0*
0B
#343600
1*
1B
b00000000000000110101110 2
b0000 N
b00101001100 \
b01111001101 [
b0101 H
b00111111001 ^
b01111101011 ]
b000001001111111010100 n
b111111111010100101110 m
b111111111010100101110 l
b000001000011011011101 k
b00000000000000000000000000000110 v
b00101001100 t
b01111001101 s
b00111111001 r
b01111101011 q
b111111111010100101110 u
#344000
0*
0B
#344400
1*
1B
b00000000000000110101111 2
b0001 N
b00111111001 \
b01111101011 [
b0000 W
b00101001100 h
b01111001101 g
b0010 X
b01000111000 ^
b01111100101 ]
b000000000001110100001 n
b111111111101010001010 m
b111111111101010001010 l
b000000011011011111111 k
b00101001100 r
b01111001101 q
b01110011001 i
b00001110100 j
b000000000000000000000 u
b00001110100 t
b01110011001 s
b111111111110110100000 u
#344800
0*
0B
#345200
1*
1B
b00000000000000110110000 2
b0010 N
b01000111000 \
b01111100101 [
b1000 W
b00001110100 h
b01110011001 g
b0001 X
b01100010110 ^
b01110101110 ]
b000000000100011100100 n
b111111111001000001100 m
b111111111001000001100 l
b000001101010111100110 k
b00001110100 r
b01110011001 q
b01101000110 i
b00001001000 j
b000000000000000000000 u
b00001001000 t
b01101000110 s
b000000111010000001100 u
b0110 I
#345600
0*
0B
#346000
1*
1B
b00000000000000110110001 2
b0000 N
b00101001100 \
b01111001101 [
b0110 H
b0000 X
b00111111001 ^
b01111101011 ]
b000001001111111010100 n
b111111111010100101110 m
b111111111010100101110 l
b000001000011011011101 k
b00000000000000000000000000001110 v
b00000000000000000000000000000110 v
#346400
0*
0B
#346800
1*
1B
b00000000000000110110010 2
b0001 N
b00111111001 \
b01111101011 [
b001 S
b00000 Y
b0001 X
b01000111000 ^
b01111100101 ]
b000000000001110100001 n
b111111111101010001010 m
b111111111101010001010 l
b000000011011011111111 k
b00000000000000000000000000001110 v
b00000000000000000000000000000110 v
#347200
0*
0B
#347600
1*
1B
b00000000000000110110011 2
b0010 N
b01000111000 \
b01111100101 [
b010 S
b00010 Y
b0010 X
b01100010110 ^
b01110101110 ]
b000000000100011100100 n
b111111111001000001100 m
b111111111001000001100 l
b000001101010111100110 k
b00000000000000000000000000001110 v
b00000000000000000000000000000110 v
b1111001101 F
b1111001101 .
#348000
0*
0B
#348400
1*
1B
b00000000000000110110100 2
b0011 N
b01100010110 \
b01110101110 [
b011 S
b00100 Y
b0011 X
b0111 I
b01101001011 ^
b01011111110 ]
b000010010010111000101 n
b000001010001101011011 m
b000001010001101011011 l
0Z
b000010010000100000010 k
b00000000000000000000000000001110 v
b00000000000000000000000000000110 v
b1111101011 F
b1111101011 .
#348800
0*
0B
#349200
1*
1B
b00000000000000110110101 2
b0000 N
b00101001100 \
b01111001101 [
b0111 H
b00110 Y
b0100 X
b00111111001 ^
b01111101011 ]
b000001001111111010100 n
b111111111010100101110 m
b111111111010100101110 l
1Z
b000001000011011011101 k
b1111100101 F
b1111100101 .
1G
1/
b00000000000000000000000000001110 v
b00000000000000000000000000000110 v
#349600
0*
0B
#350000
1*
1B
b00000000000000110110110 2
1@
b1111100101 =
b0001 N
b00111111001 \
b01111101011 [
b00101 Y
b01000111000 ^
b01111100101 ]
b000000000001110100001 n
b111111111101010001010 m
b111111111101010001010 l
b000000011011011111111 k
b1000111000 F
b1000111000 .
#350400
0*
0B
#350800
1*
1B
b1000111000 >
b00000000000000000000000000000000 ?
b00000000000000000000000000000001 ?
b00000000000000110110111 2
0@
b0010 N
b01000111000 \
b01111100101 [
b00100 Y
b01100010110 ^
b01110101110 ]
b000000000100011100100 n
b111111111001000001100 m
b111111111001000001100 l
b000001101010111100110 k
b1111101011 F
b1111101011 .
#351200
0*
0B
#351600
1*
1B
b00000000000000110111000 2
1@
b1111101011 =
b0011 N
b01100010110 \
b01110101110 [
b00011 Y
b01101001011 ^
b01011111110 ]
b000010010010111000101 n
b000001010001101011011 m
b000001010001101011011 l
0Z
b000010010000100000010 k
b0111111001 F
b0111111001 .
#352000
0*
0B
#352400
1*
1B
b0111111001 >
b00000000000000000000000000000000 ?
b00000000000000000000000000000001 ?
b00000000000000110111001 2
0@
b0100 N
b01101001011 \
b01011111110 [
b00010 Y
b00110110010 ^
b01010111101 ]
b000101000010110011010 n
b000011110101010010100 m
b000011110101010010100 l
b000001000111110010001 k
b1111001101 F
b1111001101 .
#352800
0*
0B
#353200
1*
1B
b00000000000000110111010 2
1@
b1111001101 =
b0101 N
b00110110010 \
b01010111101 [
b00001 Y
b00010000011 ^
b01100010000 ]
b000011011011110001000 n
b000011001101110011000 m
b000011001101110011000 l
b000000110000100100011 k
b0101001100 F
b0101001100 .
#353600
0*
0B
#354000
1*
1B
b0101001100 >
b00000000000000000000000000000000 ?
b00000000000000000000000000000001 ?
b00001110 3
b00000000000000110111011 2
0@
b0110 N
b00010000011 \
b01100010000 [
b00000 Y
b1001 I
b00001001000 ^
b01101000110 ]
b000110100011011001010 n
b000001000101011010011 m
b000001000101011010011 l
b000000011110100001010 k
bxxxxxxxxxx F
bxxxxxxxxxx .
0G
0/
#354400
0*
0B
#354800
1*
1B
b0000011011 9
b00000000000000110111100 2
b0000 N
b00101001100 \
b01111001101 [
b1001 H
b11111 Y
b1000 I
b00111111001 ^
b01111101011 ]
b000001001111111010100 n
b111111111010100101110 m
b111111111010100101110 l
1Z
b000001000011011011101 k
b0111 M
b00000000000000000000000000001101 v
b00000000000000000000000000000110 v
#355200
0*
0B
#355600
1*
1B
b00000000000000110111101 2
b1000 H
b0111 L
b00111111001 h
b00110110010 d
b01000010000 \
b01111101011 g
b01010111101 c
b01111111111 [
1E
1-
b00000000000000000000000000001110 v
b00000000000000000000000000000110 v
b00111111001 r
b01111101011 q
b0001 I
b01111111111 i
b01000010000 j
b00010000011 f
b01100010110 ^
b000000000000000000000 n
b000000000000000000000 m
b000000000000000000000 l
0Z
b000001111100101000010 k
b01100010000 e
b01110101110 ]
b111111110110011111111 u
b01000010000 t
b01111111111 s
b000010001001111110010 k
b000000000000000000000 u
#356000
0*
0B
#356400
1*
1B
b00000000000000110111110 2
b0001 H
b000 S
0E
0-
b00000000000000000000000000001110 v
b00000000000000000000000000000110 v
#356500
b00011000 ;
b100 <
b11010 ,
b11010 D
#356800
0*
0B
#357200
1*
1B
b00000000000000110111111 2
b0001 N
b01100010110 \
b01110101110 [
b1101000000 J
b01101000000 a
b01101001011 ^
b01011111110 ]
b000010011101101101000 n
b000001100101011100110 m
b000001100101011100110 l
b000010010000100000010 k
b00000000000000000000000000001110 v
b00000000000000000000000000000110 v
b01101000000 o
b111111110111011010111 u
#357300
b011 <
b01101 ,
b01101 D
#357600
0*
0B
#358000
1*
1B
b00000000000000111000000 2
b0010 N
b01101001011 \
b01011111110 [
b1101001101 J
b01101001101 a
b00110110010 ^
b01010111101 ]
b000011001101111111010 n
b000001100111000110010 m
b000001100111000110010 l
b000001000111110010001 k
b00000000000000000000000000001110 v
b00000000000000000000000000000110 v
b01101001101 o
b111111111000000000010 u
#358100
b010 <
b00001 ,
b00001 D
#358400
0*
0B
#358800
1*
1B
b00000000000000111000001 2
b0011 N
b00110110010 \
b01010111101 [
b0000100000 K
b00000100000 b
b00010000011 ^
b01100010000 ]
b000101100100001000100 n
b000000010100000011010 m
b000000010100000011010 l
b000000110000100100011 k
b00000000000000000000000000001110 v
b00000000000000000000000000000110 v
b00000100000 p
b000000001011011000010 u
#358900
b001 <
#359200
0*
0B
#359600
1*
1B
b00000000000000111000010 2
b000 <
b0100 N
b00010000011 \
b01100010000 [
b0000100001 K
b00000100001 b
b00000 ,
b00000 D
b0010 I
b00001001000 ^
b01101000110 ]
b000000011010000001101 n
b111111111100101100011 m
b111111111100101100011 l
1Z
b000000011110100001010 k
b00000000000000000000000000001110 v
b00000000000000000000000000000110 v
b00000100001 p
b000000001011010101110 u
#360000
0*
0B
#360400
1*
1B
b00000000000000111000011 2
b0000 N
b01000010000 \
b01111111111 [
b0010 H
b0011 I
b01100010110 ^
b01110101110 ]
b001000011100011100101 n
b000010101001011001011 m
b000010101001011001011 l
0Z
b000010001001111110010 k
b00000000000000000000000000001110 v
b00000000000000000000000000000110 v
b0010 I
#360800
0*
0B
#361200
1*
1B
b00000000000000111000100 2
b0001 N
b01100010110 \
b01110101110 [
b01101001011 ^
b01011111110 ]
b010001110001100111010 n
b000100001110010000101 m
b000100001110010000101 l
b000010010000100000010 k
#361600
0*
0B
#362000
1*
1B
b00000000000000111000101 2
b0010 N
b01101001011 \
b01011111110 [
b00110110010 ^
b01010111101 ]
b010100001101101000101 n
b000010100101111100001 m
b000010100101111100001 l
b000001000111110010001 k
#362400
0*
0B
#362800
1*
1B
b00000000000000111000110 2
b0011 N
b00110110010 \
b01010111101 [
b00010000011 ^
b01100010000 ]
b000101100010100100001 n
b000000010100001101101 m
b000000010100001101101 l
b000000110000100100011 k
#363200
0*
0B
#363600
1*
1B
b00000000000000111000111 2
b0100 N
b00010000011 \
b01100010000 [
b00001001000 ^
b01101000110 ]
b000000011010000001101 n
b111111111100101100011 m
b111111111100101100011 l
1Z
b000000011110100001010 k
b0011 I
#364000
0*
0B
#364400
1*
1B
b00000000000000111001000 2
b0000 N
b01000010000 \
b01111111111 [
b0011 H
b01100010110 ^
b01110101110 ]
b001000011100011100101 n
b000010101001011001011 m
b000010101001011001011 l
0Z
b000010001001111110010 k
b00000000000000000000000000001110 v
b00000000000000000000000000000110 v
#364800
0*
0B
#365200
1*
1B
b00000000000000111001001 2
b0001 N
b01100010110 \
b01110101110 [
b001000011100011100101 U
b0000 T
b0000 V
b01000010000 d
b01111111111 c
b0000 W
b01000010000 h
b01111111111 g
b01101001011 ^
b01011111110 ]
b010001110001100111010 n
b000100001110010000101 m
b000100001110010000101 l
b000010010000100000010 k
b00000000000000000000000000001110 v
b01110101110 e
b01100010110 f
b01000010000 r
b01111111111 q
b01110011001 i
b00001110100 j
b000000000000000000000 u
b00001110100 t
b01110011001 s
b000000101100100111110 u
#365600
0*
0B
#366000
1*
1B
b00000000000000111001010 2
b0010 N
b01101001011 \
b01011111110 [
b00110110010 ^
b01010111101 ]
b010100001101101000101 n
b000010100101111100001 m
b000010100101111100001 l
b000001000111110010001 k
#366400
0*
0B
#366800
1*
1B
b00000000000000111001011 2
b0011 N
b00110110010 \
b01010111101 [
b00010000011 ^
b01100010000 ]
b000101100010100100001 n
b000000010100001101101 m
b000000010100001101101 l
b000000110000100100011 k
#367200
0*
0B
#367600
1*
1B
b00000000000000111001100 2
b0100 N
b00010000011 \
b01100010000 [
b000101100010100100001 U
b0011 T
b0011 V
b00110110010 d
b01010111101 c
b0011 W
b00110110010 h
b01010111101 g
b00001001000 ^
b01101000110 ]
b000000011010000001101 n
b111111111100101100011 m
b111111111100101100011 l
1Z
b000000011110100001010 k
b01100010000 e
b00010000011 f
b00110110010 r
b01010111101 q
b01011111110 i
b01101001011 j
b000001010010110111100 u
b01101001011 t
b01011111110 s
b000010100101111100001 u
#368000
0*
0B
#368400
1*
1B
b00000000000000111001101 2
b0101 N
b00001001000 \
b01101000110 [
b000000011010000001101 U
b0100 T
b0100 V
b00010000011 d
b01100010000 c
b0100 W
b00010000011 h
b01100010000 g
b00001110100 ^
b01110011001 ]
b000000000011000100010 n
b111111111001000100111 m
b111111111001000100111 l
b000000111100000100000 k
b01101000110 e
b00001001000 f
b00010000011 r
b01100010000 q
b01010111101 i
b00110110010 j
b000001010001011000100 u
b00110110010 t
b01010111101 s
b000000010100001101101 u
#368800
0*
0B
#369200
1*
1B
b00000000000000111001110 2
b0110 N
b00001110100 \
b01110011001 [
b000000000011000100010 U
b0101 T
b0101 V
b00001001000 d
b01101000110 c
b0101 W
b00001001000 h
b01101000110 g
b0100 I
b01000010000 ^
b01111111111 ]
b000000011000101111001 n
b000000101100100111110 m
b000000101100100111110 l
0Z
b000010100110110010100 k
b01110011001 e
b00001110100 f
b00001001000 r
b01101000110 q
b01100010000 i
b00010000011 j
b111111111010100000111 u
b00010000011 t
b01100010000 s
b111111111100101100011 u
#369600
0*
0B
#370000
1*
1B
b00000000000000111001111 2
b0000 N
b01000010000 \
b01111111111 [
b0100 H
b0101 I
b01100010110 ^
b01110101110 ]
b001000011100011100101 n
b000010101001011001011 m
b000010101001011001011 l
b000010001001111110010 k
b00000000000000000000000000000110 v
b00001110100 t
b01110011001 s
b000000000110111011001 u
b0100 I
#370400
0*
0B
#370800
1*
1B
b00000000000000111010000 2
b0001 N
b01100010110 \
b01110101110 [
b011111111111111111111 U
b0110 V
b00001110100 d
b01110011001 c
b01101001011 ^
b01011111110 ]
b010001110001100111010 n
b000100001110010000101 m
b000100001110010000101 l
b000010010000100000010 k
b00000000000000000000000000001110 v
b01111111111 e
b01000010000 f
b01000010000 t
b01111111111 s
b00001110100 r
b01110011001 q
b111111010011011000010 u
b0101 I
#371200
0*
0B
#371600
1*
1B
b00000000000000111010001 2
b0000 N
b01000010000 \
b01111111111 [
b0101 H
b01100010110 ^
b01110101110 ]
b001000011100011100101 n
b000010101001011001011 m
b000010101001011001011 l
b000010001001111110010 k
b00000000000000000000000000000110 v
b00010000011 t
b01100010000 s
b00001001000 r
b01101000110 q
b111111111100101100011 u
#372000
0*
0B
#372400
1*
1B
b00000000000000111010010 2
b0001 N
b01100010110 \
b01110101110 [
b0100 W
b00010000011 h
b01100010000 g
b0110 X
b01101001011 ^
b01011111110 ]
b010001110001100111010 n
b000100001110010000101 m
b000100001110010000101 l
b000010010000100000010 k
b00010000011 r
b01100010000 q
b01010111101 i
b00110110010 j
b000000000000000000000 u
b00110110010 t
b01010111101 s
b000000010100001101101 u
b0110 I
#372800
0*
0B
#373200
1*
1B
b00000000000000111010011 2
b0000 N
b01000010000 \
b01111111111 [
b0110 H
b0101 X
b01100010110 ^
b01110101110 ]
b001000011100011100101 n
b000010101001011001011 m
b000010101001011001011 l
b000010001001111110010 k
b00000000000000000000000000001110 v
b00000000000000000000000000000110 v
#373600
0*
0B
#374000
1*
1B
b00000000000000111010100 2
b0001 N
b01100010110 \
b01110101110 [
b001 S
b00000 Y
b0110 X
b0111 I
b01101001011 ^
b01011111110 ]
b010001110001100111010 n
b000100001110010000101 m
b000100001110010000101 l
b000010010000100000010 k
b00000000000000000000000000001110 v
b00000000000000000000000000000110 v
#374400
0*
0B
#374800
1*
1B
b00000000000000111010101 2
b0000 N
b01000010000 \
b01111111111 [
b0111 H
b00010 Y
b0000 X
b01100010110 ^
b01110101110 ]
b001000011100011100101 n
b000010101001011001011 m
b000010101001011001011 l
b000010001001111110010 k
b1101000110 F
b1101000110 .
1G
1/
b00000000000000000000000000001110 v
b00000000000000000000000000000110 v
#375200
0*
0B
#375600
1*
1B
b00000000000000111010110 2
1@
b1101000110 =
b0001 N
b01100010110 \
b01110101110 [
b00001 Y
b01101001011 ^
b01011111110 ]
b010001110001100111010 n
b000100001110010000101 m
b000100001110010000101 l
b000010010000100000010 k
b0001001000 F
b0001001000 .
#376000
0*
0B
#376400
1*
1B
b0001001000 >
b00000000000000000000000000000000 ?
b00000000000000000000000000000001 ?
b00001111 3
b00000000000000111010111 2
0@
b0010 N
b01101001011 \
b01011111110 [
b00000 Y
b1001 I
b00110110010 ^
b01010111101 ]
b010100001101101000101 n
b000010100101111100001 m
b000010100101111100001 l
b000001000111110010001 k
bxxxxxxxxxx F
bxxxxxxxxxx .
0G
0/
#376800
0*
0B
#377200
1*
1B
b0000011010 9
b00000000000000111011000 2
b0000 N
b01000010000 \
b01111111111 [
b1001 H
b11111 Y
b1000 I
b01100010110 ^
b01110101110 ]
b001000011100011100101 n
b000010101001011001011 m
b000010101001011001011 l
b000010001001111110010 k
b00000000000000000000000000001101 v
b00000000000000000000000000000110 v
#377600
0*
0B
#378000
1*
1B
b00000000000000111011001 2
b1000 H
b01101001011 h
b00010000011 d
b00000100001 \
b01011111110 g
b01100010000 c
b01101001101 [
1E
1-
b00000000000000000000000000001110 v
b00000000000000000000000000000110 v
b01101001011 r
b01011111110 q
b0001 I
b01100010110 j
b00000100001 f
b00001110100 ^
b000000000000000000000 n
b000000000000000000000 m
b000000000000000000000 l
b000001010001110011010 k
b01110101110 i
b01101001101 e
b01110011001 ]
b111101011010000011111 u
b01100010110 t
b01110101110 s
b000001000010000101111 k
b000100001110010000101 u
#378400
0*
0B
#378800
1*
1B
b00000000000000111011010 2
b0001 H
b000 S
0E
0-
b00000000000000000000000000001110 v
b00000000000000000000000000000110 v
#378900
b00011001 ;
b100 <
b11110 ,
b11110 D
#379200
0*
0B
#379600
1*
1B
b00000000000000111011011 2
b0001 N
b00001110100 \
b01110011001 [
b1111000000 J
b01111000000 a
b01000010000 ^
b01111111111 ]
b000000010000011011010 n
b111111010000000101010 m
b111111010000000101010 l
1Z
b000010100110110010100 k
b00000000000000000000000000001110 v
b00000000000000000000000000000110 v
b01111000000 o
b000100000010010110110 u
#379700
b011 <
b10001 ,
b10001 D
#380000
0*
0B
#380400
1*
1B
b00000000000000111011100 2
b0010 N
b01000010000 \
b01111111111 [
b1111010001 J
b01111010001 a
b01100010110 ^
b01110101110 ]
b000111100010101100101 n
b000001100101110110011 m
b000001100101110110011 l
0Z
b000010001001111110010 k
b00000000000000000000000000001110 v
b00000000000000000000000000000110 v
b01111010001 o
b000100000000100110001 u
#380500
b010 <
b11111 ,
b11111 D
#380800
0*
0B
#381200
1*
1B
b00000000000000111011101 2
b0011 N
b01100010110 \
b01110101110 [
b1111100000 K
b01111100000 b
b01101001011 ^
b01011111110 ]
b000001010010000101101 n
b111110110110111100001 m
b111110110110111100001 l
1Z
b000010010000100000010 k
b00000000000000000000000000001110 v
b00000000000000000000000000000110 v
b01111100000 p
b111110110110111100001 u
#381300
b001 <
b01011 ,
b01011 D
#381600
0*
0B
#382000
1*
1B
b00000000000000111011110 2
b000 <
b0100 N
b01101001011 \
b01011111110 [
b1111101011 K
b01111101011 b
b00000 ,
b00000 D
b0010 I
b00110110010 ^
b01010111101 ]
b000010001000111101001 n
b000010010100001111011 m
b000010010100001111011 l
0Z
b000001000111110010001 k
b00000000000000000000000000001110 v
b00000000000000000000000000000110 v
b01111101011 p
b111110110011001010001 u
#382400
0*
0B
#382800
1*
1B
b00000000000000111011111 2
b0000 N
b00000100001 \
b01101001101 [
b0010 H
b00001110100 ^
b01110011001 ]
b011101001111101110100 n
b000001111010100101100 m
b000001111010100101100 l
b000001000010000101111 k
b00000000000000000000000000001110 v
b00000000000000000000000000000110 v
#383200
0*
0B
#383600
1*
1B
b00000000000000111100000 2
b0001 N
b00001110100 \
b01110011001 [
b01000010000 ^
b01111111111 ]
b011000000110110010001 n
b000010000011101001010 m
b000010000011101001010 l
b000010100110110010100 k
#384000
0*
0B
#384400
1*
1B
b00000000000000111100001 2
b0010 N
b01000010000 \
b01111111111 [
b01100010110 ^
b01110101110 ]
b000110111100110011101 n
b111111001100011001001 m
b111111001100011001001 l
1Z
b000010001001111110010 k
b0011 I
#384800
0*
0B
#385200
1*
1B
b00000000000000111100010 2
b0000 N
b00000100001 \
b01101001101 [
b0011 H
b00001110100 ^
b01110011001 ]
b011101001111101110100 n
b000001111010100101100 m
b000001111010100101100 l
0Z
b000001000010000101111 k
b00000000000000000000000000001110 v
b00000000000000000000000000000110 v
#385600
0*
0B
#386000
1*
1B
b00000000000000111100011 2
b0001 N
b00001110100 \
b01110011001 [
b011101001111101110100 U
b0000 T
b0000 V
b00000100001 d
b01101001101 c
b0000 W
b00000100001 h
b01101001101 g
b01000010000 ^
b01111111111 ]
b011000000110110010001 n
b000010000011101001010 m
b000010000011101001010 l
b000010100110110010100 k
b00000000000000000000000000001110 v
b01110011001 e
b00001110100 f
b00000100001 r
b01101001101 q
b01100010000 i
b00010000011 j
b000000001011011001010 u
b00010000011 t
b01100010000 s
b000010001100110101010 u
#386400
0*
0B
#386800
1*
1B
b00000000000000111100100 2
b0010 N
b01000010000 \
b01111111111 [
b011000000110110010001 U
b0001 T
b0001 V
b00001110100 d
b01110011001 c
b0001 W
b00001110100 h
b01110011001 g
b01100010110 ^
b01110101110 ]
b000110111100110011101 n
b111111001100011001001 m
b111111001100011001001 l
1Z
b000010001001111110010 k
b01111111111 e
b01000010000 f
b00001110100 r
b01110011001 q
b01101001101 i
b00000100001 j
b000011101110111110111 u
b00000100001 t
b01101001101 s
b000001111010100101100 u
#387200
0*
0B
#387600
1*
1B
b00000000000000111100101 2
b0011 N
b01100010110 \
b01110101110 [
b000110111100110011101 U
b0010 T
b0010 V
b01000010000 d
b01111111111 c
b0010 W
b01000010000 h
b01111111111 g
b01101001011 ^
b01011111110 ]
b000001011011000000010 n
b111110110011001010001 m
b111110110011001010001 l
b000010010000100000010 k
b01110101110 e
b01100010110 f
b01000010000 r
b01111111111 q
b01110011001 i
b00001110100 j
b000011010001100111000 u
b00001110100 t
b01110011001 s
b000010000011101001010 u
#388000
0*
0B
#388400
1*
1B
b00000000000000111100110 2
b0100 N
b01101001011 \
b01011111110 [
b000001011011000000010 U
b0011 T
b0011 V
b01100010110 d
b01110101110 c
b0011 W
b01100010110 h
b01110101110 g
b00110110010 ^
b01010111101 ]
b000010001000111101001 n
b000010010100001111011 m
b000010010100001111011 l
0Z
b000001000111110010001 k
b01011111110 e
b01101001011 f
b01100010110 r
b01110101110 q
b01111111111 i
b01000010000 j
b111111011010101010011 u
b01000010000 t
b01111111111 s
b111111001100011001001 u
#388800
0*
0B
#389200
1*
1B
b00000000000000111100111 2
b0101 N
b00110110010 \
b01010111101 [
b00010000011 ^
b01100010000 ]
b001100001101001000001 n
b000011111111100100111 m
b000011111111100100111 l
b000000110000100100011 k
#389600
0*
0B
#390000
1*
1B
b00000000000000111101000 2
b0110 N
b00010000011 \
b01100010000 [
b0100 I
b00000100001 ^
b01101001101 ]
b011000010101111000001 n
b000010001100110101010 m
b000010001100110101010 l
b000000100010101110001 k
#390400
0*
0B
#390800
1*
1B
b00000000000000111101001 2
b0000 N
b00000100001 \
b01101001101 [
b0100 H
b0101 I
b00001110100 ^
b01110011001 ]
b011101001111101110100 n
b000001111010100101100 m
b000001111010100101100 l
b000001000010000101111 k
b00000000000000000000000000000110 v
b01101001011 t
b01011111110 s
b000001001100110101111 u
b0100 I
#391200
0*
0B
#391600
1*
1B
b00000000000000111101010 2
b0001 N
b00001110100 \
b01110011001 [
b011111111111111111111 U
b0100 V
b01101001011 d
b01011111110 c
b01000010000 ^
b01111111111 ]
b011000000110110010001 n
b000010000011101001010 m
b000010000011101001010 l
b000010100110110010100 k
b00000000000000000000000000001110 v
b01010111101 e
b00110110010 f
b00110110010 t
b01010111101 s
b01101001011 r
b01011111110 q
b111101101011110000101 u
b0101 I
#392000
0*
0B
#392400
1*
1B
b00000000000000111101011 2
b0000 N
b00000100001 \
b01101001101 [
b0101 H
b00001110100 ^
b01110011001 ]
b011101001111101110100 n
b000001111010100101100 m
b000001111010100101100 l
b000001000010000101111 k
b00000000000000000000000000000110 v
b01000010000 t
b01111111111 s
b01100010110 r
b01110101110 q
b111111001100011001001 u
#392800
0*
0B
#393200
1*
1B
b00000000000000111101100 2
b0001 N
b00001110100 \
b01110011001 [
b0010 W
b01000010000 h
b01111111111 g
b0100 X
b01000010000 ^
b01111111111 ]
b011000000110110010001 n
b000010000011101001010 m
b000010000011101001010 l
b000010100110110010100 k
b01000010000 r
b01111111111 q
b01110011001 i
b00001110100 j
b000000000000000000000 u
b00001110100 t
b01110011001 s
b000010000011101001010 u
b0110 I
#393600
0*
0B
#394000
1*
1B
b00000000000000111101101 2
b0000 N
b00000100001 \
b01101001101 [
b0110 H
b0011 X
b00001110100 ^
b01110011001 ]
b011101001111101110100 n
b000001111010100101100 m
b000001111010100101100 l
b000001000010000101111 k
b00000000000000000000000000001110 v
b00000000000000000000000000000110 v
#394400
0*
0B
#394800
1*
1B
b00000000000000111101110 2
b0001 N
b00001110100 \
b01110011001 [
b001 S
b00000 Y
b0100 X
b0111 I
b01000010000 ^
b01111111111 ]
b011000000110110010001 n
b000010000011101001010 m
b000010000011101001010 l
b000010100110110010100 k
b00000000000000000000000000001110 v
b00000000000000000000000000000110 v
#395200
0*
0B
#395600
1*
1B
b00000000000000111101111 2
b0000 N
b00000100001 \
b01101001101 [
b0111 H
b00010 Y
b0101 X
b00001110100 ^
b01110011001 ]
b011101001111101110100 n
b000001111010100101100 m
b000001111010100101100 l
b000001000010000101111 k
b1110101110 F
b1110101110 .
1G
1/
b00000000000000000000000000001110 v
b00000000000000000000000000000110 v
#396000
0*
0B
#396400
1*
1B
b00000000000000111110000 2
1@
b1110101110 =
b0001 N
b00001110100 \
b01110011001 [
b00001 Y
b01000010000 ^
b01111111111 ]
b011000000110110010001 n
b000010000011101001010 m
b000010000011101001010 l
b000010100110110010100 k
b1100010110 F
b1100010110 .
#396800
0*
0B
#397200
1*
1B
b1100010110 >
b00000000000000000000000000000000 ?
b00000000000000000000000000000001 ?
b00010000 3
b00000000000000111110001 2
0@
b0010 N
b01000010000 \
b01111111111 [
b00000 Y
b1001 I
b01100010110 ^
b01110101110 ]
b000110111100110011101 n
b111111001100011001001 m
b111111001100011001001 l
1Z
b000010001001111110010 k
bxxxxxxxxxx F
bxxxxxxxxxx .
0G
0/
#397600
0*
0B
#398000
1*
1B
b0000010100 9
b00000000000000111110010 2
b0000 N
b00000100001 \
b01101001101 [
b1001 H
b11111 Y
b1000 I
b00001110100 ^
b01110011001 ]
b011101001111101110100 n
b000001111010100101100 m
b000001111010100101100 l
0Z
b000001000010000101111 k
b00000000000000000000000000001101 v
b00000000000000000000000000000110 v
#398400
0*
0B
#398800
1*
1B
b00000000000000111110011 2
b1000 H
b00110110010 h
b00000100001 d
b01111101011 \
b01010111101 g
b01101001101 c
b01111010001 [
1E
1-
b00000000000000000000000000001110 v
b00000000000000000000000000000110 v
b00110110010 r
b01010111101 q
b0001 I
b01101001011 j
b00001110100 f
b01101001011 ^
b000000000000000000000 n
b000000000000000000000 m
b000000000000000000000 l
b000000000101001001000 k
b01011111110 i
b01110011001 e
b01011111110 ]
b111001100000000101100 u
b01101001011 t
b01011111110 s
b000010110110110110001 k
b000010010100001111011 u
#399200
0*
0B
#399600
1*
1B
b00000000000000111110100 2
b0001 H
b000 S
0E
0-
b00000000000000000000000000001110 v
b00000000000000000000000000000110 v
#399700
b00011010 ;
b100 <
b10110 ,
b10110 D
#400000
0*
0B
#400400
1*
1B
b00000000000000111110101 2
b0001 N
b01101001011 \
b01011111110 [
b1011000000 J
b01011000000 a
b00110110010 ^
b01010111101 ]
b000000111001100000100 n
b111110111010001010010 m
b111110111010001010010 l
1Z
b000001000111110010001 k
b00000000000000000000000000001110 v
b00000000000000000000000000000110 v
b01011000000 o
b111110111010001010010 u
#400500
b011 <
b01101 ,
b01101 D
#400800
0*
0B
#401200
1*
1B
b00000000000000111110110 2
b0010 N
b00110110010 \
b01010111101 [
b1011001101 J
b01011001101 a
b00010000011 ^
b01100010000 ]
b001001111000110110001 n
b000001100101101101011 m
b000001100101101101011 l
0Z
b000000110000100100011 k
b00000000000000000000000000001110 v
b00000000000000000000000000000110 v
b01011001101 o
b111111000100100010111 u
#401300
b010 <
b01000 ,
b01000 D
#401600
0*
0B
#402000
1*
1B
b00000000000000111110111 2
b0011 N
b00010000011 \
b01100010000 [
b0100000000 K
b00100000000 b
b00000100001 ^
b01101001101 ]
b000000100111010010010 n
b000000000010000100011 m
b000000000010000100011 l
b000000100010101110001 k
b00000000000000000000000000001110 v
b00000000000000000000000000000110 v
b00100000000 p
b000000100011011000010 u
#402100
b001 <
b11110 ,
b11110 D
#402400
0*
0B
#402800
1*
1B
b00000000000000111111000 2
b000 <
b0100 N
b00000100001 \
b01101001101 [
b0100011110 K
b00100011110 b
b00000 ,
b00000 D
b0010 I
b00001110100 ^
b01110011001 ]
b000010011101000001001 n
b000000111010010011100 m
b000000111010010011100 l
b000001000010000101111 k
b00000000000000000000000000001110 v
b00000000000000000000000000000110 v
b00100011110 p
b000000011111100100100 u
#403200
0*
0B
#403600
1*
1B
b00000000000000111111001 2
b0000 N
b01111101011 \
b01111010001 [
b0010 H
b01101001011 ^
b01011111110 ]
b010001110000000111001 n
b000011010110001110111 m
b000011010110001110111 l
b000010110110110110001 k
b00000000000000000000000000001110 v
b00000000000000000000000000000110 v
#404000
0*
0B
#404400
1*
1B
b00000000000000111111010 2
b0001 N
b01101001011 \
b01011111110 [
b00110110010 ^
b01010111101 ]
b001001100010101001010 n
b000000011111100100100 m
b000000011111100100100 l
b000001000111110010001 k
#404800
0*
0B
#405200
1*
1B
b00000000000000111111011 2
b0010 N
b00110110010 \
b01010111101 [
b00010000011 ^
b01100010000 ]
b000000101011010010000 n
b111111110001011110100 m
b111111110001011110100 l
1Z
b000000110000100100011 k
b0011 I
#405600
0*
0B
#406000
1*
1B
b00000000000000111111100 2
b0000 N
b01111101011 \
b01111010001 [
b0011 H
b01101001011 ^
b01011111110 ]
b010001110000000111001 n
b000011010110001110111 m
b000011010110001110111 l
0Z
b000010110110110110001 k
b00000000000000000000000000001110 v
b00000000000000000000000000000110 v
#406400
0*
0B
#406800
1*
1B
b00000000000000111111101 2
b0001 N
b01101001011 \
b01011111110 [
b010001110000000111001 U
b0000 T
b0000 V
b01111101011 d
b01111010001 c
b0000 W
b01111101011 h
b01111010001 g
b00110110010 ^
b01010111101 ]
b001001100010101001010 n
b000000011111100100100 m
b000000011111100100100 l
b000001000111110010001 k
b00000000000000000000000000001110 v
b01011111110 e
b01101001011 f
b01111101011 r
b01111010001 q
b01111111111 i
b01000010000 j
b111100101001110001001 u
b01000010000 t
b01111111111 s
b000100110001101000010 u
#407200
0*
0B
#407600
1*
1B
b00000000000000111111110 2
b0010 N
b00110110010 \
b01010111101 [
b001001100010101001010 U
b0001 T
b0001 V
b01101001011 d
b01011111110 c
b0001 W
b01101001011 h
b01011111110 g
b00010000011 ^
b01100010000 ]
b000000101011010010000 n
b111111110001011110100 m
b111111110001011110100 l
1Z
b000000110000100100011 k
b01010111101 e
b00110110010 f
b01101001011 r
b01011111110 q
b01111010001 i
b01111101011 j
b000100110101101111000 u
b01111101011 t
b01111010001 s
b000011010110001110111 u
#408000
0*
0B
#408400
1*
1B
b00000000000000111111111 2
b0011 N
b00010000011 \
b01100010000 [
b000000101011010010000 U
b0010 T
b0010 V
b00110110010 d
b01010111101 c
b0010 W
b00110110010 h
b01010111101 g
b00000100001 ^
b01101001101 ]
b000000110111101100010 n
b000000000101101001001 m
b000000000101101001001 l
0Z
b000000100010101110001 k
b01100010000 e
b00010000011 f
b00110110010 r
b01010111101 q
b01011111110 i
b01101001011 j
b000001100001100100000 u
b01101001011 t
b01011111110 s
b000000011111100100100 u
#408800
0*
0B
#409200
1*
1B
b00000000000001000000000 2
b0100 N
b00000100001 \
b01101001101 [
b00001110100 ^
b01110011001 ]
b000010011101000001001 n
b000000111010010011100 m
b000000111010010011100 l
b000001000010000101111 k
#409600
0*
0B
#410000
1*
1B
b00000000000001000000001 2
b0101 N
b00001110100 \
b01110011001 [
b01000010000 ^
b01111111111 ]
b000010001001101110100 n
b000011000110000001100 m
b000011000110000001100 l
b000010100110110010100 k
#410400
0*
0B
#410800
1*
1B
b00000000000001000000010 2
b0110 N
b01000010000 \
b01111111111 [
b0100 I
b01111101011 ^
b01111010001 ]
b000100101001010001000 n
b000100110001101000010 m
b000100110001101000010 l
b000011100100000101001 k
#411200
0*
0B
#411600
1*
1B
b00000000000001000000011 2
b0000 N
b01111101011 \
b01111010001 [
b0100 H
b01101001011 ^
b01011111110 ]
b010001110000000111001 n
b000011010110001110111 m
b000011010110001110111 l
b000010110110110110001 k
b00000000000000000000000000000110 v
b00010000011 t
b01100010000 s
b000000001110100001100 u
#412000
0*
0B
#412400
1*
1B
b00000000000001000000100 2
b0001 N
b01101001011 \
b01011111110 [
b011111111111111111111 U
b0011 V
b00010000011 d
b01100010000 c
b00110110010 ^
b01010111101 ]
b001001100010101001010 n
b000000011111100100100 m
b000000011111100100100 l
b000001000111110010001 k
b00000000000000000000000000001110 v
b01101001101 e
b00000100001 f
b00000100001 t
b01101001101 s
b00010000011 r
b01100010000 q
b111111111010010110111 u
b0101 I
#412800
0*
0B
#413200
1*
1B
b00000000000001000000101 2
b0000 N
b01111101011 \
b01111010001 [
b0101 H
b01101001011 ^
b01011111110 ]
b010001110000000111001 n
b000011010110001110111 m
b000011010110001110111 l
b000010110110110110001 k
b00000000000000000000000000000110 v
b01101001011 t
b01011111110 s
b00110110010 r
b01010111101 q
b000000011111100100100 u
b0110 I
#413600
0*
0B
#414000
1*
1B
b00000000000001000000110 2
b0110 H
b0011 X
b00000000000000000000000000001110 v
b00000000000000000000000000000110 v
b0111 I
#414400
0*
0B
#414800
1*
1B
b00000000000001000000111 2
b0111 H
b00000 Y
b0100 X
b00000000000000000000000000001110 v
b00000000000000000000000000000110 v
b1001 I
#415200
0*
0B
#415600
1*
1B
b00000000000001000001000 2
b1001 H
b11111 Y
b1000 M
b00000000000000000000000000001101 v
b00000000000000000000000000000110 v
b1000 I
#416000
0*
0B
#416400
1*
1B
b00000000000001000001001 2
b1000 H
b1000 L
b00000100001 h
b00001110100 d
b00100011110 \
b01101001101 g
b01110011001 c
b01011001101 [
1E
1-
b00000000000000000000000000001110 v
b00000000000000000000000000000110 v
b00000100001 r
b01101001101 q
b0001 I
b01100010000 i
b00010000011 j
b01000010000 f
b00010000011 ^
b000000000000000000000 n
b000000000000000000000 m
b000000000000000000000 l
b000000100001111011111 k
b01111111111 e
b01100010000 ]
b111101011100100010011 u
b00010000011 t
b01100010000 s
b000000100110100000011 k
b000000000101101001001 u
#416800
0*
0B
#417200
1*
1B
b00000000000001000001010 2
b0001 H
0E
0-
b00000000000000000000000000001110 v
b00000000000000000000000000000110 v
#417300
b00011011 ;
b100 <
b10110 ,
b10110 D
#417600
0*
0B
#418000
1*
1B
b00000000000001000001011 2
b0001 N
b00010000011 \
b01100010000 [
b1011000000 J
b01011000000 a
b00000100001 ^
b01101001101 ]
b000000111011011011001 n
b000000000011001001111 m
b000000000011001001111 l
b000000100010101110001 k
b00000000000000000000000000001110 v
b00000000000000000000000000000110 v
b01011000000 o
b000000000011001001111 u
#418100
b011 <
b10111 ,
b10111 D
#418400
0*
0B
#418800
1*
1B
b00000000000001000001100 2
b0010 N
b00000100001 \
b01101001101 [
b1011010111 J
b01011010111 a
b00001110100 ^
b01110011001 ]
b000010011000001101101 n
b000000111000101011110 m
b000000111000101011110 l
b000001000010000101111 k
b00000000000000000000000000001110 v
b00000000000000000000000000000110 v
b01011010111 o
b000000000111100011101 u
#418900
b010 <
b00111 ,
b00111 D
#419200
0*
0B
#419600
1*
1B
b00000000000001000001101 2
b0011 N
b00001110100 \
b01110011001 [
b0011100000 K
b00011100000 b
b01000010000 ^
b01111111111 ]
b000001100000010010100 n
b000010110001101000000 m
b000010110001101000000 l
b000010100110110010100 k
b00000000000000000000000000001110 v
b00000000000000000000000000000110 v
b00011100000 p
b000000000000001010111 u
#419700
b001 <
b01001 ,
b01001 D
#420000
0*
0B
#420400
1*
1B
b00000000000001000001110 2
b000 <
b0100 N
b01000010000 \
b01111111111 [
b0011101001 K
b00011101001 b
b00000 ,
b00000 D
b0010 I
b01111101011 ^
b01111010001 ]
b000101010101000110001 n
b000100101101000111010 m
b000100101101000111010 l
b000011100100000101001 k
b00000000000000000000000000001110 v
b00000000000000000000000000000110 v
b00011101001 p
b000000000001001111100 u
#420800
0*
0B
#421200
1*
1B
b00000000000001000001111 2
b0000 N
b00100011110 \
b01011001101 [
b0010 H
b00010000011 ^
b01100010000 ]
b000000000101101011101 n
b111111111100000101111 m
b111111111100000101111 l
1Z
b000000100110100000011 k
b00000000000000000000000000001110 v
b00000000000000000000000000000110 v
b0011 I
#421600
0*
0B
#422000
1*
1B
b00000000000001000010000 2
b0011 H
b00000000000000000000000000001110 v
b00000000000000000000000000000110 v
#422400
0*
0B
#422800
1*
1B
b00000000000001000010001 2
b0001 N
b00010000011 \
b01100010000 [
b000000000101101011101 U
b0000 T
b0000 V
b00100011110 d
b01011001101 c
b0000 W
b00100011110 h
b01011001101 g
b00000100001 ^
b01101001101 ]
b000000011010101010101 n
b000000000001001111100 m
b000000000001001111100 l
0Z
b000000100010101110001 k
b00000000000000000000000000001110 v
b01100010000 e
b00010000011 f
b00100011110 r
b01011001101 q
b01010111101 i
b00110110010 j
b000000000011111010001 u
b00110110010 t
b01010111101 s
b000000000001001111000 u
#423200
0*
0B
#423600
1*
1B
b00000000000001000010010 2
b0010 N
b00000100001 \
b01101001101 [
b00001110100 ^
b01110011001 ]
b000001101001010100100 n
b000000110000110100010 m
b000000110000110100010 l
b000001000010000101111 k
#424000
0*
0B
#424400
1*
1B
b00000000000001000010011 2
b0011 N
b00001110100 \
b01110011001 [
b01000010000 ^
b01111111111 ]
b000001100100001111101 n
b000010110011011010110 m
b000010110011011010110 l
b000010100110110010100 k
#424800
0*
0B
#425200
1*
1B
b00000000000001000010100 2
b0100 N
b01000010000 \
b01111111111 [
b01111101011 ^
b01111010001 ]
b000101010101000110001 n
b000100101101000111010 m
b000100101101000111010 l
b000011100100000101001 k
#425600
0*
0B
#426000
1*
1B
b00000000000001000010101 2
b0101 N
b01111101011 \
b01111010001 [
b01101001011 ^
b01011111110 ]
b010100000000000101000 n
b000011101111001100110 m
b000011101111001100110 l
b000010110110110110001 k
#426400
0*
0B
#426800
1*
1B
b00000000000001000010110 2
b0110 N
b01101001011 \
b01011111110 [
b00110110010 ^
b01010111101 ]
b001011011001101110101 n
b000000101110010010011 m
b000000101110010010011 l
b000001000111110010001 k
#427200
0*
0B
#427600
1*
1B
b00000000000001000010111 2
b0111 N
b00110110010 \
b01010111101 [
b0100 I
b00100011110 ^
b01011001101 ]
b000001010000001110101 n
b000000000001001111000 m
b000000000001001111000 l
b000000011000100101100 k
#428000
0*
0B
#428400
1*
1B
b00000000000001000011000 2
b0000 N
b00100011110 \
b01011001101 [
b0100 H
b00010000011 ^
b01100010000 ]
b000000000101101011101 n
b111111111100000101111 m
b111111111100000101111 l
1Z
b000000100110100000011 k
b00000000000000000000000000000110 v
b00010000011 t
b01100010000 s
b000000000011111010001 u
#428800
0*
0B
#429200
1*
1B
b00000000000001000011001 2
b0001 N
b00010000011 \
b01100010000 [
b011111111111111111111 U
b0001 V
b00010000011 d
b01100010000 c
b00000100001 ^
b01101001101 ]
b000000011010101010101 n
b000000000001001111100 m
b000000000001001111100 l
0Z
b000000100010101110001 k
b00000000000000000000000000001110 v
b01101001101 e
b00000100001 f
b00000100001 t
b01101001101 s
b00010000011 r
b01100010000 q
b111111111110110000100 u
b0101 I
#429600
0*
0B
#430000
1*
1B
b00000000000001000011010 2
b0000 N
b00100011110 \
b01011001101 [
b0101 H
b00010000011 ^
b01100010000 ]
b000000000101101011101 n
b111111111100000101111 m
b111111111100000101111 l
1Z
b000000100110100000011 k
b00000000000000000000000000000110 v
b00110110010 t
b01010111101 s
b00100011110 r
b01011001101 q
b000000000001001111000 u
b0110 I
#430400
0*
0B
#430800
1*
1B
b00000000000001000011011 2
b0110 H
b0001 X
b00000000000000000000000000001110 v
b00000000000000000000000000000110 v
b0111 I
#431200
0*
0B
#431600
1*
1B
b00000000000001000011100 2
b0111 H
b00000 Y
b0010 X
b00000000000000000000000000001110 v
b00000000000000000000000000000110 v
b1001 I
#432000
0*
0B
#432400
1*
1B
b00000000000001000011101 2
b1001 H
b11111 Y
b1001 M
b00000000000000000000000000001101 v
b00000000000000000000000000000110 v
b1000 I
#432800
0*
0B
#433200
1*
1B
b00000000000001000011110 2
b1000 H
b1001 L
b00011101001 h
b00011101001 \
b01011010111 g
b01011010111 [
1E
1-
b00000000000000000000000000001110 v
b00000000000000000000000000000110 v
b00011101001 r
b01011010111 q
b0001 I
b01011001101 i
b00100011110 j
b000000000000000000000 n
b000000000000000000000 m
b000000000000000000000 l
0Z
b000000100000100001101 k
b000000000000000000000 u
b00100011110 t
b01011001101 s
#433600
0*
0B
#434000
1*
1B
b00000000000001000011111 2
b0001 H
0E
0-
b00000000000000000000000000001110 v
b00000000000000000000000000000110 v
#434100
b00011100 ;
b100 <
b11000 ,
b11000 D
#434400
0*
0B
#434800
1*
1B
b00000000000001000100000 2
b0001 N
b00010000011 \
b01100010000 [
b1100000000 J
b01100000000 a
b00000100001 ^
b01101001101 ]
b000000010100110100100 n
b000000001001000101110 m
b000000001001000101110 l
b000000100010101110001 k
b00000000000000000000000000001110 v
b00000000000000000000000000000110 v
b01100000000 o
b000000000100001111101 u
#434900
b011 <
b11101 ,
b11101 D
#435200
0*
0B
#435600
1*
1B
b00000000000001000100001 2
b0010 N
b00000100001 \
b01101001101 [
b1100011101 J
b01100011101 a
b00001110100 ^
b01110011001 ]
b000001010010101000000 n
b000000100101011110000 m
b000000100101011110000 l
b000001000010000101111 k
b00000000000000000000000000001110 v
b00000000000000000000000000000110 v
b01100011101 o
b000000000111001111110 u
#435700
b010 <
#436000
0*
0B
#436400
1*
1B
b00000000000001000100010 2
b0011 N
b00001110100 \
b01110011001 [
b1110100000 K
b01110100000 b
b01000010000 ^
b01111111111 ]
b010100100101110100000 n
b000100000101100011000 m
b000100000101100011000 l
b000010100110110010100 k
b00000000000000000000000000001110 v
b00000000000000000000000000000110 v
b01110100000 p
b000000010100110100100 u
#436500
b001 <
b10110 ,
b10110 D
#436800
0*
0B
#437200
1*
1B
b00000000000001000100011 2
b000 <
b0100 N
b01000010000 \
b01111111111 [
b1110110110 K
b01110110110 b
b00000 ,
b00000 D
b0010 I
b01111101011 ^
b01111010001 ]
b000110111111100101000 n
b000010101011110000010 m
b000010101011110000010 l
b000011100100000101001 k
b00000000000000000000000000001110 v
b00000000000000000000000000000110 v
b01110110110 p
b000000010101010000000 u
#437600
0*
0B
#438000
1*
1B
b00000000000001000100100 2
b0000 N
b00011101001 \
b01011010111 [
b0010 H
b00010000011 ^
b01100010000 ]
b001111110101101001101 n
b000001011101110001001 m
b000001011101110001001 l
b000000100000100001101 k
b00000000000000000000000000001110 v
b00000000000000000000000000000110 v
#438400
0*
0B
#438800
1*
1B
b00000000000001000100101 2
b0001 N
b00010000011 \
b01100010000 [
b00000100001 ^
b01101001101 ]
b010100011110011010010 n
b000001100100000100001 m
b000001100100000100001 l
b000000100010101110001 k
#439200
0*
0B
#439600
1*
1B
b00000000000001000100110 2
b0010 N
b00000100001 \
b01101001101 [
b00001110100 ^
b01110011001 ]
b011001101110110111001 n
b000010001111111001100 m
b000010001111111001100 l
b000001000010000101111 k
#440000
0*
0B
#440400
1*
1B
b00000000000001000100111 2
b0011 N
b00001110100 \
b01110011001 [
b01000010000 ^
b01111111111 ]
b010101101100100010100 n
b000100001001111011100 m
b000100001001111011100 l
b000010100110110010100 k
#440800
0*
0B
#441200
1*
1B
b00000000000001000101000 2
b0100 N
b01000010000 \
b01111111111 [
b01111101011 ^
b01111010001 ]
b000110111111100101000 n
b000010101011110000010 m
b000010101011110000010 l
b000011100100000101001 k
#441600
0*
0B
#442000
1*
1B
b00000000000001000101001 2
b0101 N
b01111101011 \
b01111010001 [
b01101001011 ^
b01011111110 ]
b000001000100110001001 n
b111111011101100101111 m
b111111011101100101111 l
1Z
b000010110110110110001 k
b0011 I
#442400
0*
0B
#442800
1*
1B
b00000000000001000101010 2
b0000 N
b00011101001 \
b01011010111 [
b0011 H
b00010000011 ^
b01100010000 ]
b001111110101101001101 n
b000001011101110001001 m
b000001011101110001001 l
0Z
b000000100000100001101 k
b00000000000000000000000000001110 v
b00000000000000000000000000000110 v
#443200
0*
0B
#443600
1*
1B
b00000000000001000101011 2
b0001 N
b00010000011 \
b01100010000 [
b001111110101101001101 U
b0000 V
b00011101001 d
b01011010111 c
b00000100001 ^
b01101001101 ]
b010100011110011010010 n
b000001100100000100001 m
b000001100100000100001 l
b000000100010101110001 k
b00000000000000000000000000001110 v
b01100010000 e
b00010000011 f
#444000
0*
0B
#444400
1*
1B
b00000000000001000101100 2
b0010 N
b00000100001 \
b01101001101 [
b00001110100 ^
b01110011001 ]
b011001101110110111001 n
b000010001111111001100 m
b000010001111111001100 l
b000001000010000101111 k
#444800
0*
0B
#445200
1*
1B
b00000000000001000101101 2
b0011 N
b00001110100 \
b01110011001 [
b01000010000 ^
b01111111111 ]
b010101101100100010100 n
b000100001001111011100 m
b000100001001111011100 l
b000010100110110010100 k
#445600
0*
0B
#446000
1*
1B
b00000000000001000101110 2
b0100 N
b01000010000 \
b01111111111 [
b01111101011 ^
b01111010001 ]
b000110111111100101000 n
b000010101011110000010 m
b000010101011110000010 l
b000011100100000101001 k
#446400
0*
0B
#446800
1*
1B
b00000000000001000101111 2
b0101 N
b01111101011 \
b01111010001 [
b000110111111100101000 U
b0100 T
b0100 V
b01000010000 d
b01111111111 c
b0100 W
b01000010000 h
b01111111111 g
b01101001011 ^
b01011111110 ]
b000001000100110001001 n
b111111011101100101111 m
b111111011101100101111 l
1Z
b000010110110110110001 k
b01111010001 e
b01111101011 f
b01000010000 r
b01111111111 q
b01110011001 i
b00001110100 j
b000101100111000010000 u
b00001110100 t
b01110011001 s
b000100001001111011100 u
#447200
0*
0B
#447600
1*
1B
b00000000000001000110000 2
b0110 N
b01101001011 \
b01011111110 [
b000001000100110001001 U
b0101 T
b0101 V
b01111101011 d
b01111010001 c
b0101 W
b01111101011 h
b01111010001 g
b00110110010 ^
b01010111101 ]
b000000011000001111010 n
b000000001011001011100 m
b000000001011001011100 l
0Z
b000001000111110010001 k
b01011111110 e
b01101001011 f
b01111101011 r
b01111010001 q
b01111111111 i
b01000010000 j
b000100110010000010100 u
b01000010000 t
b01111111111 s
b000010101011110000010 u
#448000
0*
0B
#448400
1*
1B
b00000000000001000110001 2
b0111 N
b00110110010 \
b01010111101 [
b000000011000001111010 U
b0110 T
b0110 V
b01101001011 d
b01011111110 c
b0110 W
b01101001011 h
b01011111110 g
b00100011110 ^
b01011001101 ]
b001000011010000010000 n
b000000101011111000000 m
b000000101011111000000 l
b000000011000100101100 k
b01010111101 e
b00110110010 f
b01101001011 r
b01011111110 q
b01111010001 i
b01111101011 j
b111110110111001110000 u
b01111101011 t
b01111010001 s
b111111011101100101111 u
#448800
0*
0B
#449200
1*
1B
b00000000000001000110010 2
b1000 N
b00100011110 \
b01011001101 [
b0100 I
b00011101001 ^
b01011010111 ]
b001101101001101000000 n
b000000010101010000000 m
b000000010101010000000 l
b000000001001111000111 k
#449600
0*
0B
#450000
1*
1B
b00000000000001000110011 2
b0000 N
b00011101001 \
b01011010111 [
b0100 H
b0101 I
b00010000011 ^
b01100010000 ]
b001111110101101001101 n
b000001011101110001001 m
b000001011101110001001 l
b000000100000100001101 k
b00000000000000000000000000000110 v
b00110110010 t
b01010111101 s
b111111110100110100100 u
#450400
0*
0B
#450800
1*
1B
b00000000000001000110100 2
b0101 H
b011111111111111111111 U
b00000000000000000000000000001110 v
b00000000000000000000000000000110 v
b01111101011 t
b01111010001 s
b111111011101100101111 u
#451200
0*
0B
#451600
1*
1B
b00000000000001000110101 2
b0001 N
b00010000011 \
b01100010000 [
b0101 W
b01111101011 h
b01111010001 g
b0111 X
b00000100001 ^
b01101001101 ]
b010100011110011010010 n
b000001100100000100001 m
b000001100100000100001 l
b000000100010101110001 k
b01111101011 r
b01111010001 q
b01111111111 i
b01000010000 j
b000000000000000000000 u
b01000010000 t
b01111111111 s
b000010101011110000010 u
b0110 I
#452000
0*
0B
#452400
1*
1B
b00000000000001000110110 2
b0000 N
b00011101001 \
b01011010111 [
b0110 H
b0110 X
b0111 I
b00010000011 ^
b01100010000 ]
b001111110101101001101 n
b000001011101110001001 m
b000001011101110001001 l
b000000100000100001101 k
b00000000000000000000000000001110 v
b00000000000000000000000000000110 v
#452800
0*
0B
#453200
1*
1B
b00000000000001000110111 2
b0111 H
b00000 Y
b0111 X
b00000000000000000000000000001110 v
b00000000000000000000000000000110 v
b1001 I
#453600
0*
0B
#454000
1*
1B
b00000000000001000111000 2
b1001 H
b11111 Y
b1010 M
b00000000000000000000000000001101 v
b00000000000000000000000000000110 v
b1000 I
#454400
0*
0B
#454800
1*
1B
b00000000000001000111001 2
b1000 H
b1010 L
b00010000011 h
b00000100001 d
b01110110110 \
b01100010000 g
b01101001101 c
b01100011101 [
1E
1-
b00000000000000000000000000001110 v
b00000000000000000000000000000110 v
b00010000011 r
b01100010000 q
b0001 I
b01011010111 i
b00011101001 j
b00001110100 f
b01101001011 ^
b000000000000000000000 n
b000000000000000000000 m
b000000000000000000000 l
b000000001011101011011 k
b01110011001 e
b01011111110 ]
b111010001011110001100 u
b00011101001 t
b01011010111 s
b000000011110011100111 k
b000001011101110001001 u
#455200
0*
0B
#455600
1*
1B
b00000000000001000111010 2
b0001 H
0E
0-
b00000000000000000000000000001110 v
b00000000000000000000000000000110 v
#455700
b00011101 ;
b100 <
b10110 ,
b10110 D
#456000
0*
0B
#456400
1*
1B
b00000000000001000111011 2
b0001 N
b01101001011 \
b01011111110 [
b1011000000 J
b01011000000 a
b00110110010 ^
b01010111101 ]
b000000011101110111101 n
b111111000000111000111 m
b111111000000111000111 l
1Z
b000001000111110010001 k
b00000000000000000000000000001110 v
b00000000000000000000000000000110 v
b01011000000 o
b000001001011001111011 u
#456500
b011 <
b00011 ,
b00011 D
#456800
0*
0B
#457200
1*
1B
b00000000000001000111100 2
b0010 N
b00110110010 \
b01010111101 [
b1011000011 J
b01011000011 a
b00100011110 ^
b01011001101 ]
b001000001000000110100 n
b000000010001110111000 m
b000000010001110111000 l
0Z
b000000011000100101100 k
b00000000000000000000000000001110 v
b00000000000000000000000000000110 v
b01011000011 o
b000001001011110101101 u
#457300
b010 <
b01011 ,
b01011 D
#457600
0*
0B
#458000
1*
1B
b00000000000001000111101 2
b0011 N
b00100011110 \
b01011001101 [
b0101100000 K
b00101100000 b
b00011101001 ^
b01011010111 ]
b000000001000101101000 n
b000000000000010000010 m
b000000000000010000010 l
b000000001001111000111 k
b00000000000000000000000000001110 v
b00000000000000000000000000000110 v
b00101100000 p
b000000001001010000111 u
#458100
b001 <
b10100 ,
b10100 D
#458400
0*
0B
#458800
1*
1B
b00000000000001000111110 2
b000 <
b0100 N
b00011101001 \
b01011010111 [
b0101110100 K
b00101110100 b
b00000 ,
b00000 D
b0010 I
b00010000011 ^
b01100010000 ]
b000000100110100001001 n
b000000001011011111011 m
b000000001011011111011 l
b000000100000100001101 k
b00000000000000000000000000001110 v
b00000000000000000000000000000110 v
b00101110100 p
b000000001011011111011 u
#459200
0*
0B
#459600
1*
1B
b00000000000001000111111 2
b0000 N
b01110110110 \
b01100011101 [
b0010 H
b01101001011 ^
b01011111110 ]
b001010011100010101000 n
b000000010000001100000 m
b000000010000001100000 l
b000000011110011100111 k
b00000000000000000000000000001110 v
b00000000000000000000000000000110 v
#460000
0*
0B
#460400
1*
1B
b00000000000001001000000 2
b0001 N
b01101001011 \
b01011111110 [
b00110110010 ^
b01010111101 ]
b000110111000000101010 n
b000000001100101010100 m
b000000001100101010100 l
b000001000111110010001 k
#460800
0*
0B
#461200
1*
1B
b00000000000001001000001 2
b0010 N
b00110110010 \
b01010111101 [
b00100011110 ^
b01011001101 ]
b000000000111100101000 n
b111111111111110011000 m
b111111111111110011000 l
1Z
b000000011000100101100 k
b0011 I
#461600
0*
0B
#462000
1*
1B
b00000000000001001000010 2
b0000 N
b01110110110 \
b01100011101 [
b0011 H
b01101001011 ^
b01011111110 ]
b001010011100010101000 n
b000000010000001100000 m
b000000010000001100000 l
0Z
b000000011110011100111 k
b00000000000000000000000000001110 v
b00000000000000000000000000000110 v
#462400
0*
0B
#462800
1*
1B
b00000000000001001000011 2
b0001 N
b01101001011 \
b01011111110 [
b001010011100010101000 U
b0000 T
b0000 V
b01110110110 d
b01100011101 c
b0000 W
b01110110110 h
b01100011101 g
b00110110010 ^
b01010111101 ]
b000110111000000101010 n
b000000001100101010100 m
b000000001100101010100 l
b000001000111110010001 k
b00000000000000000000000000001110 v
b01011111110 e
b01101001011 f
b01110110110 r
b01100011101 q
b01111010001 i
b01111101011 j
b000000101111000000110 u
b01111101011 t
b01111010001 s
b000011000001111000110 u
#463200
0*
0B
#463600
1*
1B
b00000000000001001000100 2
b0010 N
b00110110010 \
b01010111101 [
b000110111000000101010 U
b0001 T
b0001 V
b01101001011 d
b01011111110 c
b0001 W
b01101001011 h
b01011111110 g
b00100011110 ^
b01011001101 ]
b000000000111100101000 n
b111111111111110011000 m
b111111111111110011000 l
1Z
b000000011000100101100 k
b01010111101 e
b00110110010 f
b01101001011 r
b01011111110 q
b01100011101 i
b01110110110 j
b000010101111101010101 u
b01110110110 t
b01100011101 s
b000000010000001100000 u
#464000
0*
0B
#464400
1*
1B
b00000000000001001000101 2
b0011 N
b00100011110 \
b01011001101 [
b000000000111100101000 U
b0010 T
b0010 V
b00110110010 d
b01010111101 c
b0010 W
b00110110010 h
b01010111101 g
b00011101001 ^
b01011010111 ]
b000000001110101001000 n
b000000000000101001010 m
b000000000000101001010 l
0Z
b000000001001111000111 k
b01011001101 e
b00100011110 f
b00110110010 r
b01010111101 q
b01011111110 i
b01101001011 j
b000000010001101011000 u
b01101001011 t
b01011111110 s
b000000001100101010100 u
#464800
0*
0B
#465200
1*
1B
b00000000000001001000110 2
b0100 N
b00011101001 \
b01011010111 [
b00010000011 ^
b01100010000 ]
b000000100110100001001 n
b000000001011011111011 m
b000000001011011111011 l
b000000100000100001101 k
#465600
0*
0B
#466000
1*
1B
b00000000000001001000111 2
b0101 N
b00010000011 \
b01100010000 [
b00000100001 ^
b01101001101 ]
b000001111101000001010 n
b000000001101111110011 m
b000000001101111110011 l
b000000100010101110001 k
#466400
0*
0B
#466800
1*
1B
b00000000000001001001000 2
b0110 N
b00000100001 \
b01101001101 [
b00001110100 ^
b01110011001 ]
b000100000101101001101 n
b000001001000101100010 m
b000001001000101100010 l
b000001000010000101111 k
#467200
0*
0B
#467600
1*
1B
b00000000000001001001001 2
b0111 N
b00001110100 \
b01110011001 [
b01000010000 ^
b01111111111 ]
b000011011001011100100 n
b000011011111001101000 m
b000011011111001101000 l
b000010100110110010100 k
#468000
0*
0B
#468400
1*
1B
b00000000000001001001010 2
b1000 N
b01000010000 \
b01111111111 [
b01111101011 ^
b01111010001 ]
b000011110010100100000 n
b000100110011001011100 m
b000100110011001011100 l
b000011100100000101001 k
#468800
0*
0B
#469200
1*
1B
b00000000000001001001011 2
b1001 N
b01111101011 \
b01111010001 [
b0100 I
b01110110110 ^
b01100011101 ]
b001110011000000010101 n
b000011000001111000110 m
b000011000001111000110 l
b000010111010110011011 k
#469600
0*
0B
#470000
1*
1B
b00000000000001001001100 2
b0000 N
b01110110110 \
b01100011101 [
b0100 H
b01101001011 ^
b01011111110 ]
b001010011100010101000 n
b000000010000001100000 m
b000000010000001100000 l
b000000011110011100111 k
b00000000000000000000000000000110 v
b00100011110 t
b01011001101 s
b000000000000001101000 u
#470400
0*
0B
#470800
1*
1B
b00000000000001001001101 2
b0001 N
b01101001011 \
b01011111110 [
b011111111111111111111 U
b0011 V
b00100011110 d
b01011001101 c
b00110110010 ^
b01010111101 ]
b000110111000000101010 n
b000000001100101010100 m
b000000001100101010100 l
b000001000111110010001 k
b00000000000000000000000000001110 v
b01011010111 e
b00011101001 f
b00011101001 t
b01011010111 s
b00100011110 r
b01011001101 q
b111111111111010110110 u
b0101 I
#471200
0*
0B
#471600
1*
1B
b00000000000001001001110 2
b0000 N
b01110110110 \
b01100011101 [
b0101 H
b01101001011 ^
b01011111110 ]
b001010011100010101000 n
b000000010000001100000 m
b000000010000001100000 l
b000000011110011100111 k
b00000000000000000000000000000110 v
b01101001011 t
b01011111110 s
b00110110010 r
b01010111101 q
b000000001100101010100 u
b0110 I
#472000
0*
0B
#472400
1*
1B
b00000000000001001001111 2
b0110 H
b0011 X
b00000000000000000000000000001110 v
b00000000000000000000000000000110 v
b0111 I
#472800
0*
0B
#473200
1*
1B
b00000000000001001010000 2
b0111 H
b00000 Y
b0100 X
b00000000000000000000000000001110 v
b00000000000000000000000000000110 v
b1001 I
#473600
0*
0B
#474000
1*
1B
b00000000000001001010001 2
b1001 H
b11111 Y
b1011 M
b00000000000000000000000000001101 v
b00000000000000000000000000000110 v
b1000 I
#474400
0*
0B
#474800
1*
1B
b00000000000001001010010 2
b1000 H
b1011 L
b00011101001 h
b00010000011 d
b00101110100 \
b01011010111 g
b01100010000 c
b01011000011 [
1E
1-
b00000000000000000000000000001110 v
b00000000000000000000000000000110 v
b00011101001 r
b01011010111 q
b0001 I
b01011001101 i
b00100011110 j
b00000100001 f
b00100011110 ^
b000000000000000000000 n
b000000000000000000000 m
b000000000000000000000 l
b000000010010101011010 k
b01101001101 e
b01011001101 ]
b111111011101100101011 u
b00100011110 t
b01011001101 s
b000000001110011101110 k
b000000000000101001010 u
#475200
0*
0B
#475600
1*
1B
b00000000000001001010011 2
b0001 H
0E
0-
b00000000000000000000000000001110 v
b00000000000000000000000000000110 v
#475700
b00011110 ;
b100 <
b11011 ,
b11011 D
#476000
0*
0B
#476400
1*
1B
b00000000000001001010100 2
b0001 N
b00100011110 \
b01011001101 [
b1101100000 J
b01101100000 a
b00011101001 ^
b01011010111 ]
b000000111000101001101 n
b000000010000111001011 m
b000000010000111001011 l
b000000001001111000111 k
b00000000000000000000000000001110 v
b00000000000000000000000000000110 v
b01101100000 o
b000000010000111001011 u
#476500
b011 <
b10101 ,
b10101 D
#476800
0*
0B
#477200
1*
1B
b00000000000001001010101 2
b0010 N
b00011101001 \
b01011010111 [
b1101110101 J
b01101110101 a
b00010000011 ^
b01100010000 ]
b000001010110011111101 n
b000000101110111100111 m
b000000101110111100111 l
b000000100000100001101 k
b00000000000000000000000000001110 v
b00000000000000000000000000000110 v
b01101110101 o
b000000010011000100100 u
#477300
b010 <
b11110 ,
b11110 D
#477600
0*
0B
#478000
1*
1B
b00000000000001001010110 2
b0011 N
b00010000011 \
b01100010000 [
b1111000000 K
b01111000000 b
b00000100001 ^
b01101001101 ]
b010101010010001100010 n
b000001110110000110011 m
b000001110110000110011 l
b000000100010101110001 k
b00000000000000000000000000001110 v
b00000000000000000000000000000110 v
b01111000000 p
b000000011110100011100 u
#478100
b001 <
b10001 ,
b10001 D
#478400
0*
0B
#478800
1*
1B
b00000000000001001010111 2
b000 <
b0100 N
b00000100001 \
b01101001101 [
b1111010001 K
b01111010001 b
b00000 ,
b00000 D
b0010 I
b00001110100 ^
b01110011001 ]
b011011001111101000000 n
b000010000101101001000 m
b000010000101101001000 l
b000001000010000101111 k
b00000000000000000000000000001110 v
b00000000000000000000000000000110 v
b01111010001 p
b000000011110111000110 u
#479200
0*
0B
#479600
1*
1B
b00000000000001001011000 2
b0000 N
b00101110100 \
b01011000011 [
b0010 H
b00100011110 ^
b01011001101 ]
b001100001000110001101 n
b000000101001101101110 m
b000000101001101101110 l
b000000001110011101110 k
b00000000000000000000000000001110 v
b00000000000000000000000000000110 v
#480000
0*
0B
#480400
1*
1B
b00000000000001001011001 2
b0001 N
b00100011110 \
b01011001101 [
b00011101001 ^
b01011010111 ]
b001111011011101101001 n
b000000011110111000110 m
b000000011110111000110 l
b000000001001111000111 k
#480800
0*
0B
#481200
1*
1B
b00000000000001001011010 2
b0010 N
b00011101001 \
b01011010111 [
b00010000011 ^
b01100010000 ]
b010001101001111000100 n
b000001110010010011100 m
b000001110010010011100 l
b000000100000100001101 k
#481600
0*
0B
#482000
1*
1B
b00000000000001001011011 2
b0011 N
b00010000011 \
b01100010000 [
b00000100001 ^
b01101001101 ]
b010110001001110011101 n
b000001111000001000000 m
b000001111000001000000 l
b000000100010101110001 k
#482400
0*
0B
#482800
1*
1B
b00000000000001001011100 2
b0100 N
b00000100001 \
b01101001101 [
b00001110100 ^
b01110011001 ]
b011011001111101000000 n
b000010000101101001000 m
b000010000101101001000 l
b000001000010000101111 k
#483200
0*
0B
#483600
1*
1B
b00000000000001001011101 2
b0101 N
b00001110100 \
b01110011001 [
b01000010000 ^
b01111111111 ]
b010110101010011011001 n
b000011001000011111110 m
b000011001000011111110 l
b000010100110110010100 k
#484000
0*
0B
#484400
1*
1B
b00000000000001001011110 2
b0110 N
b01000010000 \
b01111111111 [
b01111101011 ^
b01111010001 ]
b000110101110111100101 n
b000001010111101100000 m
b000001010111101100000 l
b000011100100000101001 k
#484800
0*
0B
#485200
1*
1B
b00000000000001001011111 2
b0111 N
b01111101011 \
b01111010001 [
b01110110110 ^
b01100011101 ]
b000000010001110110100 n
b111111111111100111100 m
b111111111111100111100 l
1Z
b000010111010110011011 k
b0011 I
#485600
0*
0B
#486000
1*
1B
b00000000000001001100000 2
b0000 N
b00101110100 \
b01011000011 [
b0011 H
b00100011110 ^
b01011001101 ]
b001100001000110001101 n
b000000101001101101110 m
b000000101001101101110 l
0Z
b000000001110011101110 k
b00000000000000000000000000001110 v
b00000000000000000000000000000110 v
#486400
0*
0B
#486800
1*
1B
b00000000000001001100001 2
b0001 N
b00100011110 \
b01011001101 [
b001100001000110001101 U
b0000 T
b0000 V
b00101110100 d
b01011000011 c
b0000 W
b00101110100 h
b01011000011 g
b00011101001 ^
b01011010111 ]
b001111011011101101001 n
b000000011110111000110 m
b000000011110111000110 l
b000000001001111000111 k
b00000000000000000000000000001110 v
b01011001101 e
b00100011110 f
b00101110100 r
b01011000011 q
b01010111101 i
b00110110010 j
b111111010110010010010 u
b00110110010 t
b01010111101 s
b000000011100101001010 u
#487200
0*
0B
#487600
1*
1B
b00000000000001001100010 2
b0010 N
b00011101001 \
b01011010111 [
b00010000011 ^
b01100010000 ]
b010001101001111000100 n
b000001110010010011100 m
b000001110010010011100 l
b000000100000100001101 k
#488000
0*
0B
#488400
1*
1B
b00000000000001001100011 2
b0011 N
b00010000011 \
b01100010000 [
b00000100001 ^
b01101001101 ]
b010110001001110011101 n
b000001111000001000000 m
b000001111000001000000 l
b000000100010101110001 k
#488800
0*
0B
#489200
1*
1B
b00000000000001001100100 2
b0100 N
b00000100001 \
b01101001101 [
b00001110100 ^
b01110011001 ]
b011011001111101000000 n
b000010000101101001000 m
b000010000101101001000 l
b000001000010000101111 k
#489600
0*
0B
#490000
1*
1B
b00000000000001001100101 2
b0101 N
b00001110100 \
b01110011001 [
b01000010000 ^
b01111111111 ]
b010110101010011011001 n
b000011001000011111110 m
b000011001000011111110 l
b000010100110110010100 k
#490400
0*
0B
#490800
1*
1B
b00000000000001001100110 2
b0110 N
b01000010000 \
b01111111111 [
b01111101011 ^
b01111010001 ]
b000110101110111100101 n
b000001010111101100000 m
b000001010111101100000 l
b000011100100000101001 k
#491200
0*
0B
#491600
1*
1B
b00000000000001001100111 2
b0111 N
b01111101011 \
b01111010001 [
b000110101110111100101 U
b0110 T
b0110 V
b01000010000 d
b01111111111 c
b0110 W
b01000010000 h
b01111111111 g
b01110110110 ^
b01100011101 ]
b000000010001110110100 n
b111111111111100111100 m
b111111111111100111100 l
1Z
b000010111010110011011 k
b01111010001 e
b01111101011 f
b01000010000 r
b01111111111 q
b01110011001 i
b00001110100 j
b000100110011101101110 u
b00001110100 t
b01110011001 s
b000011001000011111110 u
#492000
0*
0B
#492400
1*
1B
b00000000000001001101000 2
b1000 N
b01110110110 \
b01100011101 [
b000000010001110110100 U
b0111 T
b0111 V
b01111101011 d
b01111010001 c
b0111 W
b01111101011 h
b01111010001 g
b01101001011 ^
b01011111110 ]
b000000010000100011001 n
b000000010000110000011 m
b000000010000110000011 l
0Z
b000000011110011100111 k
b01100011101 e
b01110110110 f
b01111101011 r
b01111010001 q
b01111111111 i
b01000010000 j
b000010011100100010100 u
b01000010000 t
b01111111111 s
b000001010111101100000 u
#492800
0*
0B
#493200
1*
1B
b00000000000001001101001 2
b1001 N
b01101001011 \
b01011111110 [
b000000010000100011001 U
b1000 T
b1000 V
b01110110110 d
b01100011101 c
b1000 W
b01110110110 h
b01100011101 g
b00110110010 ^
b01010111101 ]
b000000111110101110101 n
b000001001110000011001 m
b000001001110000011001 l
b000001000111110010001 k
b01011111110 e
b01101001011 f
b01110110110 r
b01100011101 q
b01111010001 i
b01111101011 j
b111110101011100011010 u
b01111101011 t
b01111010001 s
b111111111111100111100 u
#493600
0*
0B
#494000
1*
1B
b00000000000001001101010 2
b1010 N
b00110110010 \
b01010111101 [
b0100 I
b00101110100 ^
b01011000011 ]
b001010000010000000001 n
b000000011100101001010 m
b000000011100101001010 l
b000000001010010100110 k
#494400
0*
0B
#494800
1*
1B
b00000000000001001101011 2
b0000 N
b00101110100 \
b01011000011 [
b0100 H
b0101 I
b00100011110 ^
b01011001101 ]
b001100001000110001101 n
b000000101001101101110 m
b000000101001101101110 l
b000000001110011101110 k
b00000000000000000000000000000110 v
b01101001011 t
b01011111110 s
b111111101111001111101 u
#495200
0*
0B
#495600
1*
1B
b00000000000001001101100 2
b0101 H
b011111111111111111111 U
b00000000000000000000000000001110 v
b00000000000000000000000000000110 v
b01111101011 t
b01111010001 s
b111111111111100111100 u
#496000
0*
0B
#496400
1*
1B
b00000000000001001101101 2
b0001 N
b00100011110 \
b01011001101 [
b0111 W
b01111101011 h
b01111010001 g
b1001 X
b00011101001 ^
b01011010111 ]
b001111011011101101001 n
b000000011110111000110 m
b000000011110111000110 l
b000000001001111000111 k
b01111101011 r
b01111010001 q
b01111111111 i
b01000010000 j
b000000000000000000000 u
b01000010000 t
b01111111111 s
b000001010111101100000 u
b0110 I
#496800
0*
0B
#497200
1*
1B
b00000000000001001101110 2
b0000 N
b00101110100 \
b01011000011 [
b0110 H
b1000 X
b0111 I
b00100011110 ^
b01011001101 ]
b001100001000110001101 n
b000000101001101101110 m
b000000101001101101110 l
b000000001110011101110 k
b00000000000000000000000000001110 v
b00000000000000000000000000000110 v
#497600
0*
0B
#498000
1*
1B
b00000000000001001101111 2
b0111 H
b00000 Y
b1001 X
b00000000000000000000000000001110 v
b00000000000000000000000000000110 v
b1001 I
#498400
0*
0B
#498800
1*
1B
b00000000000001001110000 2
b1001 H
b11111 Y
b1100 M
b00000000000000000000000000001101 v
b00000000000000000000000000000110 v
b1000 I
#499200
0*
0B
#499600
1*
1B
b00000000000001001110001 2
b1000 H
b1100 L
b00010000011 h
b00000100001 d
b01111010001 \
b01100010000 g
b01101001101 c
b01101110101 [
1E
1-
b00000000000000000000000000001110 v
b00000000000000000000000000000110 v
b00010000011 r
b01100010000 q
b0001 I
b01011010111 i
b00011101001 j
b00001110100 f
b01110110110 ^
b000000000000000000000 n
b000000000000000000000 m
b000000000000000000000 l
b000010110010111101101 k
b01110011001 e
b01100011101 ]
b111011000011011001111 u
b00011101001 t
b01011010111 s
b000001011011010011101 k
b000001110010010011100 u
#500000
0*
0B
#500400
1*
1B
b00000000000001001110010 2
b0001 H
0E
0-
b00000000000000000000000000001110 v
b00000000000000000000000000000110 v
#500500
b00011111 ;
b100 <
b10011 ,
b10011 D
#500800
0*
0B
#501200
1*
1B
b00000000000001001110011 2
b0001 N
b01110110110 \
b01100011101 [
b1001100000 J
b01001100000 a
b01101001011 ^
b01011111110 ]
b000001000111001100010 n
b111111010110110111100 m
b111111010110110111100 l
1Z
b000000011110011100111 k
b00000000000000000000000000001110 v
b00000000000000000000000000000110 v
b01001100000 o
b000000111011000111110 u
#501300
b011 <
b01001 ,
b01001 D
#501600
0*
0B
#502000
1*
1B
b00000000000001001110100 2
b0010 N
b01101001011 \
b01011111110 [
b1001101001 J
b01001101001 a
b00110110010 ^
b01010111101 ]
b000001001110011011101 n
b111101110111111101101 m
b111101110111111101101 l
b000001000111110010001 k
b00000000000000000000000000001110 v
b00000000000000000000000000000110 v
b01001101001 o
b000000111100111010100 u
#502100
b010 <
b01010 ,
b01010 D
#502400
0*
0B
#502800
1*
1B
b00000000000001001110101 2
b0011 N
b00110110010 \
b01010111101 [
b0101000000 K
b00101000000 b
b00101110100 ^
b01011000011 ]
b000000100111001010100 n
b111111110100011111100 m
b111111110100011111100 l
b000000001010010100110 k
b00000000000000000000000000001110 v
b00000000000000000000000000000110 v
b00101000000 p
b111111110011110001011 u
#502900
b001 <
b10110 ,
b10110 D
#503200
0*
0B
#503600
1*
1B
b00000000000001001110110 2
b000 <
b0100 N
b00101110100 \
b01011000011 [
b0101010110 K
b00101010110 b
b00000 ,
b00000 D
b0010 I
b00100011110 ^
b01011001101 ]
b000000010001100101000 n
b111111110000010011000 m
b111111110000010011000 l
b000000001110011101110 k
b00000000000000000000000000001110 v
b00000000000000000000000000000110 v
b00101010110 p
b111111110110001110001 u
#504000
0*
0B
#504400
1*
1B
b00000000000001001110111 2
b0000 N
b01111010001 \
b01101110101 [
b0010 H
b0011 I
b01110110110 ^
b01100011101 ]
b001110011111110101001 n
b000001011111000000100 m
b000001011111000000100 l
0Z
b000001011011010011101 k
b00000000000000000000000000001110 v
b00000000000000000000000000000110 v
b0010 I
#504800
0*
0B
#505200
1*
1B
b00000000000001001111000 2
b0001 N
b01110110110 \
b01100011101 [
b01101001011 ^
b01011111110 ]
b001100010001010010000 n
b111111111111001100100 m
b111111111111001100100 l
1Z
b000000011110011100111 k
b0011 I
#505600
0*
0B
#506000
1*
1B
b00000000000001001111001 2
b0000 N
b01111010001 \
b01101110101 [
b0011 H
b01110110110 ^
b01100011101 ]
b001110011111110101001 n
b000001011111000000100 m
b000001011111000000100 l
0Z
b000001011011010011101 k
b00000000000000000000000000001110 v
b00000000000000000000000000000110 v
#506400
0*
0B
#506800
1*
1B
b00000000000001001111010 2
b0001 N
b01110110110 \
b01100011101 [
b001110011111110101001 U
b0000 T
b0000 V
b01111010001 d
b01101110101 c
b0000 W
b01111010001 h
b01101110101 g
b01101001011 ^
b01011111110 ]
b001100010001010010000 n
b111111111111001100100 m
b111111111111001100100 l
1Z
b000000011110011100111 k
b00000000000000000000000000001110 v
b01100011101 e
b01110110110 f
b01111010001 r
b01101110101 q
b01111010001 i
b01111101011 j
b000011000001011110110 u
b01111101011 t
b01111010001 s
b000001100100011111100 u
#507200
0*
0B
#507600
1*
1B
b00000000000001001111011 2
b0010 N
b01101001011 \
b01011111110 [
b001100010001010010000 U
b0001 T
b0001 V
b01110110110 d
b01100011101 c
b0001 W
b01110110110 h
b01100011101 g
b00110110010 ^
b01010111101 ]
b001000010101100110010 n
b111111001000100101000 m
b111111001000100101000 l
b000001000111110010001 k
b01011111110 e
b01101001011 f
b01110110110 r
b01100011101 q
b01101110101 i
b01111010001 j
b000011000011000111100 u
b01111010001 t
b01101110101 s
b000001011111000000100 u
#508000
0*
0B
#508400
1*
1B
b00000000000001001111100 2
b0011 N
b00110110010 \
b01010111101 [
b001000010101100110010 U
b0010 T
b0010 V
b01101001011 d
b01011111110 c
b0010 W
b01101001011 h
b01011111110 g
b00101110100 ^
b01011000011 ]
b000000011110010100000 n
b111111110100110000000 m
b111111110100110000000 l
b000000001010010100110 k
b01010111101 e
b00110110010 f
b01101001011 r
b01011111110 q
b01100011101 i
b01110110110 j
b000001001101011100101 u
b01110110110 t
b01100011101 s
b111111111111001100100 u
#508800
0*
0B
#509200
1*
1B
b00000000000001001111101 2
b0100 N
b00101110100 \
b01011000011 [
b000000011110010100000 U
b0011 T
b0011 V
b00110110010 d
b01010111101 c
b0011 W
b00110110010 h
b01010111101 g
b00100011110 ^
b01011001101 ]
b000000010001100101000 n
b111111110000010011000 m
b111111110000010011000 l
b000000001110011101110 k
b01011000011 e
b00101110100 f
b00110110010 r
b01010111101 q
b01011111110 i
b01101001011 j
b111110111100100110000 u
b01101001011 t
b01011111110 s
b111111001000100101000 u
#509600
0*
0B
#510000
1*
1B
b00000000000001001111110 2
b0101 N
b00100011110 \
b01011001101 [
b000000010001100101000 U
b0100 T
b0100 V
b00101110100 d
b01011000011 c
b0100 W
b00101110100 h
b01011000011 g
b00011101001 ^
b01011010111 ]
b000000011001101010000 n
b111111110110101111100 m
b111111110110101111100 l
b000000001001111000111 k
b01011001101 e
b00100011110 f
b00101110100 r
b01011000011 q
b01010111101 i
b00110110010 j
b111110110000101010100 u
b00110110010 t
b01010111101 s
b111111110100110000000 u
#510400
0*
0B
#510800
1*
1B
b00000000000001001111111 2
b0110 N
b00011101001 \
b01011010111 [
b00010000011 ^
b01100010000 ]
b000000101110110101101 n
b111111110110001110001 m
b111111110110001110001 l
b000000100000100001101 k
#511200
0*
0B
#511600
1*
1B
b00000000000001010000000 2
b0111 N
b00010000011 \
b01100010000 [
b00000100001 ^
b01101001101 ]
b000010001101011011010 n
b111111111001001011001 m
b111111111001001011001 l
b000000100010101110001 k
#512000
0*
0B
#512400
1*
1B
b00000000000001010000001 2
b1000 N
b00000100001 \
b01101001101 [
b00001110100 ^
b01110011001 ]
b000100100000000001001 n
b000001010010110101000 m
b000001010010110101000 l
0Z
b000001000010000101111 k
#512800
0*
0B
#513200
1*
1B
b00000000000001010000010 2
b1001 N
b00001110100 \
b01110011001 [
b01000010000 ^
b01111111111 ]
b000100011000010000100 n
b000100100001101001100 m
b000100100001101001100 l
b000010100110110010100 k
#513600
0*
0B
#514000
1*
1B
b00000000000001010000011 2
b1010 N
b01000010000 \
b01111111111 [
b01111101011 ^
b01111010001 ]
b000110000101100001000 n
b000110001001010111110 m
b000110001001010111110 l
b000011100100000101001 k
#514400
0*
0B
#514800
1*
1B
b00000000000001010000100 2
b1011 N
b01111101011 \
b01111010001 [
b0100 I
b01111010001 ^
b01101110101 ]
b010001010010011111001 n
b000001100100011111100 m
b000001100100011111100 l
b000001011111111000010 k
#515200
0*
0B
#515600
1*
1B
b00000000000001010000101 2
b0000 N
b01111010001 \
b01101110101 [
b0100 H
b0101 I
b01110110110 ^
b01100011101 ]
b001110011111110101001 n
b000001011111000000100 m
b000001011111000000100 l
b000001011011010011101 k
b00000000000000000000000000000110 v
b00100011110 t
b01011001101 s
b000000001111101101000 u
b0100 I
#516000
0*
0B
#516400
1*
1B
b00000000000001010000110 2
b0001 N
b01110110110 \
b01100011101 [
b011111111111111111111 U
b0101 V
b00100011110 d
b01011001101 c
b01101001011 ^
b01011111110 ]
b001100010001010010000 n
b111111111111001100100 m
b111111111111001100100 l
1Z
b000000011110011100111 k
b00000000000000000000000000001110 v
b01011010111 e
b00011101001 f
b00011101001 t
b01011010111 s
b00100011110 r
b01011001101 q
b000000001001010000100 u
#516800
0*
0B
#517200
1*
1B
b00000000000001010000111 2
b0010 N
b01101001011 \
b01011111110 [
b0110 V
b00011101001 d
b01011010111 c
b00110110010 ^
b01010111101 ]
b001000010101100110010 n
b111111001000100101000 m
b111111001000100101000 l
b000001000111110010001 k
b01100010000 e
b00010000011 f
b00010000011 t
b01100010000 s
b00011101001 r
b01011010111 q
b000000001001110001111 u
#517600
0*
0B
#518000
1*
1B
b00000000000001010001000 2
b0011 N
b00110110010 \
b01010111101 [
b0111 V
b00010000011 d
b01100010000 c
b00101110100 ^
b01011000011 ]
b000000011110010100000 n
b111111110100110000000 m
b111111110100110000000 l
b000000001010010100110 k
b01101001101 e
b00000100001 f
b00000100001 t
b01101001101 s
b00010000011 r
b01100010000 q
b000000000110110100111 u
#518400
0*
0B
#518800
1*
1B
b00000000000001010001001 2
b0100 N
b00101110100 \
b01011000011 [
b1000 V
b00000100001 d
b01101001101 c
b00100011110 ^
b01011001101 ]
b000000010001100101000 n
b111111110000010011000 m
b111111110000010011000 l
b000000001110011101110 k
b01110011001 e
b00001110100 f
b00001110100 t
b01110011001 s
b00000100001 r
b01101001101 q
b111110101101001011000 u
b0101 I
#519200
0*
0B
#519600
1*
1B
b00000000000001010001010 2
b0000 N
b01111010001 \
b01101110101 [
b0101 H
b01110110110 ^
b01100011101 ]
b001110011111110101001 n
b000001011111000000100 m
b000001011111000000100 l
0Z
b000001011011010011101 k
b00000000000000000000000000000110 v
b00110110010 t
b01010111101 s
b00101110100 r
b01011000011 q
b111111110100110000000 u
#520000
0*
0B
#520400
1*
1B
b00000000000001010001011 2
b0001 N
b01110110110 \
b01100011101 [
b0011 W
b00110110010 h
b01010111101 g
b0101 X
b01101001011 ^
b01011111110 ]
b001100010001010010000 n
b111111111111001100100 m
b111111111111001100100 l
1Z
b000000011110011100111 k
b00110110010 r
b01010111101 q
b01011111110 i
b01101001011 j
b000000000000000000000 u
b01101001011 t
b01011111110 s
b111111001000100101000 u
#520800
0*
0B
#521200
1*
1B
b00000000000001010001100 2
b0010 N
b01101001011 \
b01011111110 [
b0010 W
b01101001011 h
b01011111110 g
b0100 X
b00110110010 ^
b01010111101 ]
b001000010101100110010 n
b111111001000100101000 m
b111111001000100101000 l
b000001000111110010001 k
b01101001011 r
b01011111110 q
b01100011101 i
b01110110110 j
b000000000000000000000 u
b01110110110 t
b01100011101 s
b111111111111001100100 u
#521600
0*
0B
#522000
1*
1B
b00000000000001010001101 2
b0011 N
b00110110010 \
b01010111101 [
b0001 W
b01110110110 h
b01100011101 g
b0011 X
b00101110100 ^
b01011000011 ]
b000000011110010100000 n
b111111110100110000000 m
b111111110100110000000 l
b000000001010010100110 k
b01110110110 r
b01100011101 q
b01101110101 i
b01111010001 j
b000000000000000000000 u
b01111010001 t
b01101110101 s
b000001011111000000100 u
b0110 I
#522400
0*
0B
#522800
1*
1B
b00000000000001010001110 2
b0000 N
b01111010001 \
b01101110101 [
b0110 H
b0010 X
b01110110110 ^
b01100011101 ]
b001110011111110101001 n
b000001011111000000100 m
b000001011111000000100 l
0Z
b000001011011010011101 k
b00000000000000000000000000001110 v
b00000000000000000000000000000110 v
#523200
0*
0B
#523600
1*
1B
b00000000000001010001111 2
b0001 N
b01110110110 \
b01100011101 [
b001 S
b00000 Y
b0011 X
b01101001011 ^
b01011111110 ]
b001100010001010010000 n
b111111111111001100100 m
b111111111111001100100 l
1Z
b000000011110011100111 k
b00000000000000000000000000001110 v
b00000000000000000000000000000110 v
#524000
0*
0B
#524400
1*
1B
b00000000000001010010000 2
b0010 N
b01101001011 \
b01011111110 [
b010 S
b00010 Y
b0100 X
b00110110010 ^
b01010111101 ]
b001000010101100110010 n
b111111001000100101000 m
b111111001000100101000 l
b000001000111110010001 k
b00000000000000000000000000001110 v
b00000000000000000000000000000110 v
b1011111110 F
b1011111110 .
#524800
0*
0B
#525200
1*
1B
b00000000000001010010001 2
b0011 N
b00110110010 \
b01010111101 [
b011 S
b00100 Y
b0101 X
b00101110100 ^
b01011000011 ]
b000000011110010100000 n
b111111110100110000000 m
b111111110100110000000 l
b000000001010010100110 k
b00000000000000000000000000001110 v
b00000000000000000000000000000110 v
b1010111101 F
b1010111101 .
#525600
0*
0B
#526000
1*
1B
b00000000000001010010010 2
b0100 N
b00101110100 \
b01011000011 [
b100 S
b00110 Y
b0110 X
b00100011110 ^
b01011001101 ]
b000000010001100101000 n
b111111110000010011000 m
b111111110000010011000 l
b000000001110011101110 k
b00000000000000000000000000001110 v
b00000000000000000000000000000110 v
b1011000011 F
b1011000011 .
#526400
0*
0B
#526800
1*
1B
b00000000000001010010011 2
b0101 N
b00100011110 \
b01011001101 [
b101 S
b01000 Y
b0111 X
b00011101001 ^
b01011010111 ]
b000000011001101010000 n
b111111110110101111100 m
b111111110110101111100 l
b000000001001111000111 k
b00000000000000000000000000001110 v
b00000000000000000000000000000110 v
b1011001101 F
b1011001101 .
#527200
0*
0B
#527600
1*
1B
b00000000000001010010100 2
b0110 N
b00011101001 \
b01011010111 [
b110 S
b01010 Y
b1000 X
b0111 I
b00010000011 ^
b01100010000 ]
b000000101110110101101 n
b111111110110001110001 m
b111111110110001110001 l
b000000100000100001101 k
b00000000000000000000000000001110 v
b00000000000000000000000000000110 v
b1011010111 F
b1011010111 .
#528000
0*
0B
#528400
1*
1B
b00000000000001010010101 2
b0000 N
b01111010001 \
b01101110101 [
b0111 H
b01100 Y
b1001 X
b01110110110 ^
b01100011101 ]
b001110011111110101001 n
b000001011111000000100 m
b000001011111000000100 l
0Z
b000001011011010011101 k
b1100010000 F
b1100010000 .
1G
1/
b00000000000000000000000000001110 v
b00000000000000000000000000000110 v
#528800
0*
0B
#529200
1*
1B
b00000000000001010010110 2
1@
b1100010000 =
b0001 N
b01110110110 \
b01100011101 [
b01011 Y
b01101001011 ^
b01011111110 ]
b001100010001010010000 n
b111111111111001100100 m
b111111111111001100100 l
1Z
b000000011110011100111 k
b0010000011 F
b0010000011 .
#529600
0*
0B
#530000
1*
1B
b0010000011 >
b00000000000000000000000000000000 ?
b00000000000000000000000000000001 ?
b00000000000001010010111 2
0@
b0010 N
b01101001011 \
b01011111110 [
b01010 Y
b00110110010 ^
b01010111101 ]
b001000010101100110010 n
b111111001000100101000 m
b111111001000100101000 l
b000001000111110010001 k
b1011010111 F
b1011010111 .
#530400
0*
0B
#530800
1*
1B
b00000000000001010011000 2
1@
b1011010111 =
b0011 N
b00110110010 \
b01010111101 [
b01001 Y
b00101110100 ^
b01011000011 ]
b000000011110010100000 n
b111111110100110000000 m
b111111110100110000000 l
b000000001010010100110 k
b0011101001 F
b0011101001 .
#531200
0*
0B
#531600
1*
1B
b0011101001 >
b00000000000000000000000000000000 ?
b00000000000000000000000000000001 ?
b00000000000001010011001 2
0@
b0100 N
b00101110100 \
b01011000011 [
b01000 Y
b00100011110 ^
b01011001101 ]
b000000010001100101000 n
b111111110000010011000 m
b111111110000010011000 l
b000000001110011101110 k
b1011001101 F
b1011001101 .
#532000
0*
0B
#532400
1*
1B
b00000000000001010011010 2
1@
b1011001101 =
b0101 N
b00100011110 \
b01011001101 [
b00111 Y
b00011101001 ^
b01011010111 ]
b000000011001101010000 n
b111111110110101111100 m
b111111110110101111100 l
b000000001001111000111 k
b0100011110 F
b0100011110 .
#532800
0*
0B
#533200
1*
1B
b0100011110 >
b00000000000000000000000000000000 ?
b00000000000000000000000000000001 ?
b00000000000001010011011 2
0@
b0110 N
b00011101001 \
b01011010111 [
b00110 Y
b00010000011 ^
b01100010000 ]
b000000101110110101101 n
b111111110110001110001 m
b111111110110001110001 l
b000000100000100001101 k
b1011000011 F
b1011000011 .
#533600
0*
0B
#534000
1*
1B
b00000000000001010011100 2
1@
b1011000011 =
b0111 N
b00010000011 \
b01100010000 [
b00101 Y
b00000100001 ^
b01101001101 ]
b000010001101011011010 n
b111111111001001011001 m
b111111111001001011001 l
b000000100010101110001 k
b0101110100 F
b0101110100 .
#534400
0*
0B
#534800
1*
1B
b0101110100 >
b00000000000000000000000000000000 ?
b00000000000000000000000000000001 ?
b00000000000001010011101 2
0@
b1000 N
b00000100001 \
b01101001101 [
b00100 Y
b00001110100 ^
b01110011001 ]
b000100100000000001001 n
b000001010010110101000 m
b000001010010110101000 l
0Z
b000001000010000101111 k
b1010111101 F
b1010111101 .
#535200
0*
0B
#535600
1*
1B
b00000000000001010011110 2
1@
b1010111101 =
b1001 N
b00001110100 \
b01110011001 [
b00011 Y
b01000010000 ^
b01111111111 ]
b000100011000010000100 n
b000100100001101001100 m
b000100100001101001100 l
b000010100110110010100 k
b0110110010 F
b0110110010 .
#536000
0*
0B
#536400
1*
1B
b0110110010 >
b00000000000000000000000000000000 ?
b00000000000000000000000000000001 ?
b00000000000001010011111 2
0@
b1010 N
b01000010000 \
b01111111111 [
b00010 Y
b01111101011 ^
b01111010001 ]
b000110000101100001000 n
b000110001001010111110 m
b000110001001010111110 l
b000011100100000101001 k
b1011111110 F
b1011111110 .
#536800
0*
0B
#537200
1*
1B
b00000000000001010100000 2
1@
b1011111110 =
b1011 N
b01111101011 \
b01111010001 [
b00001 Y
b01111010001 ^
b01101110101 ]
b010001010010011111001 n
b000001100100011111100 m
b000001100100011111100 l
b000001011111111000010 k
b1101001011 F
b1101001011 .
#537600
0*
0B
#538000
1*
1B
b1101001011 >
b00000000000000000000000000000000 ?
b00000000000000000000000000000001 ?
b00010001 3
b00000000000001010100001 2
0@
b1100 N
b01110110110 \
b01100011101 [
b00000 Y
b1001 I
b01110110110 ^
b01100011101 ]
b001100010001010010000 n
b000000000000000000000 m
b000000000000000000000 l
b000000000000000000000 k
bxxxxxxxxxx F
bxxxxxxxxxx .
0G
0/
#538400
0*
0B
#538800
1*
1B
b0000010011 9
b00000000000001010100010 2
b0000 N
b01111010001 \
b01101110101 [
b1001 H
b11111 Y
b1000 I
b001110011111110101001 n
b000001011111000000100 m
b000001011111000000100 l
b000001011011010011101 k
b0111 M
b00000000000000000000000000001101 v
b00000000000000000000000000000110 v
#539200
0*
0B
#539600
1*
1B
b00000000000001010100011 2
b1000 H
b0111 L
b00000100001 h
b00110110010 d
b00101010110 \
b01101001101 g
b01010111101 c
b01001101001 [
1E
1-
b00000000000000000000000000001110 v
b00000000000000000000000000000110 v
b00000100001 r
b01101001101 q
b0001 I
b01001101001 i
b00101010110 j
b01110011001 e
b00001110100 f
b00000100001 ^
b000000000000000000000 n
b000000000000000000000 m
b000000000000000000000 l
b000010000001001101111 k
b01101001101 ]
b111001000011011111000 u
b00101010110 t
b01001101001 s
b000010001000001001111 k
b000000000000000000000 u
#540000
0*
0B
#540400
1*
1B
b00000000000001010100100 2
b0001 H
b000 S
0E
0-
b00000000000000000000000000001110 v
b00000000000000000000000000000110 v
#540500
b00100000 ;
b100 <
b11111 ,
b11111 D
#540800
0*
0B
#541200
1*
1B
b00000000000001010100101 2
b0001 N
b00000100001 \
b01101001101 [
b1111100000 J
b01111100000 a
b00001110100 ^
b01110011001 ]
b000011100100101100010 n
b000000010110000010011 m
b000000010110000010011 l
b000001000010000101111 k
b00000000000000000000000000001110 v
b00000000000000000000000000000110 v
b01111100000 o
b000011100010010100011 u
#541300
b011 <
b00011 ,
b00011 D
#541600
0*
0B
#542000
1*
1B
b00000000000001010100110 2
b0010 N
b00001110100 \
b01110011001 [
b1111100011 J
b01111100011 a
b01000010000 ^
b01111111111 ]
b000001101110011101000 n
b111111110001011110100 m
b111111110001011110100 l
1Z
b000010100110110010100 k
b00000000000000000000000000001110 v
b00000000000000000000000000000110 v
b01111100011 o
b000011100100001000010 u
#542100
b010 <
b10111 ,
b10111 D
#542400
0*
0B
#542800
1*
1B
b00000000000001010100111 2
b0011 N
b01000010000 \
b01111111111 [
b1011100000 K
b01011100000 b
b01111101011 ^
b01111010001 ]
b000001010110000010000 n
b000000000111010010100 m
b000000000111010010100 l
0Z
b000011100100000101001 k
b00000000000000000000000000001110 v
b00000000000000000000000000000110 v
b01011100000 p
b000110010011100101010 u
#542900
b001 <
b10110 ,
b10110 D
#543200
0*
0B
#543600
1*
1B
b00000000000001010101000 2
b000 <
b0100 N
b01111101011 \
b01111010001 [
b1011110110 K
b01011110110 b
b00000 ,
b00000 D
b0010 I
b01111010001 ^
b01101110101 ]
b000001110101110111101 n
b000000101100111100000 m
b000000101100111100000 l
b000001011111111000010 k
b00000000000000000000000000001110 v
b00000000000000000000000000000110 v
b01011110110 p
b000110011101011000010 u
#544000
0*
0B
#544400
1*
1B
b00000000000001010101001 2
b0000 N
b00101010110 \
b01001101001 [
b0010 H
b00000100001 ^
b01101001101 ]
b001001101001000100100 n
b000110011101011000010 m
b000110011101011000010 l
b000010001000001001111 k
b00000000000000000000000000001110 v
b00000000000000000000000000000110 v
#544800
0*
0B
#545200
1*
1B
b00000000000001010101010 2
b0001 N
b00000100001 \
b01101001101 [
b00001110100 ^
b01110011001 ]
b010000101110100011101 n
b000001010011010011010 m
b000001010011010011010 l
b000001000010000101111 k
#545600
0*
0B
#546000
1*
1B
b00000000000001010101011 2
b0010 N
b00001110100 \
b01110011001 [
b01000010000 ^
b01111111111 ]
b001100101111101101000 n
b000001000100010110100 m
b000001000100010110100 l
b000010100110110010100 k
#546400
0*
0B
#546800
1*
1B
b00000000000001010101100 2
b0011 N
b01000010000 \
b01111111111 [
b01111101011 ^
b01111010001 ]
b000001101000110110100 n
b000000000101010100000 m
b000000000101010100000 l
b000011100100000101001 k
#547200
0*
0B
#547600
1*
1B
b00000000000001010101101 2
b0100 N
b01111101011 \
b01111010001 [
b01111010001 ^
b01101110101 ]
b000001110101110111101 n
b000000101100111100000 m
b000000101100111100000 l
b000001011111111000010 k
#548000
0*
0B
#548400
1*
1B
b00000000000001010101110 2
b0101 N
b01111010001 \
b01101110101 [
b01110110110 ^
b01100011101 ]
b000001110101010011101 n
b000000101011011100010 m
b000000101011011100010 l
b000001011011010011101 k
#548800
0*
0B
#549200
1*
1B
b00000000000001010101111 2
b0110 N
b01110110110 \
b01100011101 [
b1011 I
b00101010110 ^
b01001101001 ]
b000010010100100100100 n
b000100101110101000000 m
b000100101110101000000 l
b000010110001000011000 k
#549600
0*
0B
#550000
1*
1B
b00000000000001010110000 2
b0000 N
b00101010110 \
b01001101001 [
b1011 H
b0111 I
b00000100001 ^
b01101001101 ]
b001001101001000100100 n
b000110011101011000010 m
b000110011101011000010 l
b000010001000001001111 k
b00000000000000000000000000001110 v
b00000000000000000000000000000110 v
#550400
0*
0B
#550800
1*
1B
b00000000000001010110001 2
b0111 H
b111 S
b00010 Y
b1111100011 F
b1111100011 .
1G
1/
b00000000000000000000000000001110 v
b00000000000000000000000000000110 v
#551200
0*
0B
#551600
1*
1B
b00000000000001010110010 2
1@
b1111100011 =
b0001 N
b00000100001 \
b01101001101 [
b00001 Y
b00001110100 ^
b01110011001 ]
b010000101110100011101 n
b000001010011010011010 m
b000001010011010011010 l
b000001000010000101111 k
b1011110110 F
b1011110110 .
#552000
0*
0B
#552400
1*
1B
b1011110110 >
b00000000000000000000000000000000 ?
b00000000000000000000000000000001 ?
b00010010 3
b00000000000001010110011 2
0@
b0010 N
b00001110100 \
b01110011001 [
b00000 Y
b1001 I
b01000010000 ^
b01111111111 ]
b001100101111101101000 n
b000001000100010110100 m
b000001000100010110100 l
b000010100110110010100 k
bxxxxxxxxxx F
bxxxxxxxxxx .
0G
0/
#552800
0*
0B
#553200
1*
1B
b0000010001 9
b00000000000001010110100 2
b0000 N
b00101010110 \
b01001101001 [
b1001 H
b11111 Y
b1000 I
b00000100001 ^
b01101001101 ]
b001001101001000100100 n
b000110011101011000010 m
b000110011101011000010 l
b000010001000001001111 k
b00000000000000000000000000001110 v
b00000000000000000000000000000110 v
#553600
0*
0B
#554000
1*
1B
b00000000000001010110101 2
b1000 H
1E
1-
b00000000000000000000000000001110 v
b00000000000000000000000000000110 v
b0001 I
#554400
0*
0B
#554800
1*
1B
b00000000000001010110110 2
b0001 H
b000 S
0E
0-
b00000000000000000000000000001110 v
b00000000000000000000000000000110 v
#554900
b00100001 ;
b100 <
b10110 ,
b10110 D
#555200
0*
0B
#555600
1*
1B
b00000000000001010110111 2
b0001 N
b00000100001 \
b01101001101 [
b1011000000 J
b01011000000 a
b00001110100 ^
b01110011001 ]
b010000101001011100010 n
b000010000010011110011 m
b000010000010011110011 l
b000001000010000101111 k
b00000000000000000000000000001110 v
b00000000000000000000000000000110 v
b01011000000 o
b000011101101110000011 u
#555700
b011 <
b01110 ,
b01110 D
#556000
0*
0B
#556400
1*
1B
b00000000000001010111000 2
b0010 N
b00001110100 \
b01110011001 [
b1011001110 J
b01011001110 a
b01000010000 ^
b01111111111 ]
b001101110101011111101 n
b000100100011010000000 m
b000100100011010000000 l
b000010100110110010100 k
b00000000000000000000000000001110 v
b00000000000000000000000000000110 v
b01011001110 o
b000011110110001101001 u
#556500
b010 <
b11100 ,
b11100 D
#556800
0*
0B
#557200
1*
1B
b00000000000001010111001 2
b0011 N
b01000010000 \
b01111111111 [
b1110000000 K
b01110000000 b
b01111101011 ^
b01111010001 ]
b000110111110001100001 n
b000011111001111001011 m
b000011111001111001011 l
b000011100100000101001 k
b00000000000000000000000000001110 v
b00000000000000000000000000000110 v
b01110000000 p
b000100110011101010001 u
#557300
b001 <
b00101 ,
b00101 D
#557600
0*
0B
#558000
1*
1B
b00000000000001010111010 2
b000 <
b0100 N
b01111101011 \
b01111010001 [
b1110000101 K
b01110000101 b
b00000 ,
b00000 D
b0010 I
b01111010001 ^
b01101110101 ]
b000010010111010101101 n
b000000000101001011010 m
b000000000101001011010 l
b000001011111111000010 k
b00000000000000000000000000001110 v
b00000000000000000000000000000110 v
b01110000101 p
b000100110101111000101 u
#558400
0*
0B
#558800
1*
1B
b00000000000001010111011 2
b0000 N
b00101010110 \
b01001101001 [
b0010 H
b00000100001 ^
b01101001101 ]
b001001110110001111010 n
b000100110101111000101 m
b000100110101111000101 l
b000010001000001001111 k
b00000000000000000000000000001110 v
b00000000000000000000000000000110 v
#559200
0*
0B
#559600
1*
1B
b00000000000001010111100 2
b0001 N
b00000100001 \
b01101001101 [
b00001110100 ^
b01110011001 ]
b010111011111000010001 n
b000010010101011011101 m
b000010010101011011101 l
b000001000010000101111 k
#560000
0*
0B
#560400
1*
1B
b00000000000001010111101 2
b0010 N
b00001110100 \
b01110011001 [
b01000010000 ^
b01111111111 ]
b010100000100000011010 n
b000100111111101111010 m
b000100111111101111010 l
b000010100110110010100 k
#560800
0*
0B
#561200
1*
1B
b00000000000001010111110 2
b0011 N
b01000010000 \
b01111111111 [
b01111101011 ^
b01111010001 ]
b000111000101011011010 n
b000011111001011100101 m
b000011111001011100101 l
b000011100100000101001 k
#561600
0*
0B
#562000
1*
1B
b00000000000001010111111 2
b0100 N
b01111101011 \
b01111010001 [
b01111010001 ^
b01101110101 ]
b000010010111010101101 n
b000000000101001011010 m
b000000000101001011010 l
b000001011111111000010 k
#562400
0*
0B
#562800
1*
1B
b00000000000001011000000 2
b0101 N
b01111010001 \
b01101110101 [
b01110110110 ^
b01100011101 ]
b000001000001110000001 n
b000000000100010000011 m
b000000000100010000011 l
b000001011011010011101 k
#563200
0*
0B
#563600
1*
1B
b00000000000001011000001 2
b0110 N
b01110110110 \
b01100011101 [
b1011 I
b00101010110 ^
b01001101001 ]
b000000010000111000010 n
b111110110011011010100 m
b111110110011011010100 l
1Z
b000010110001000011000 k
b0011 I
#564000
0*
0B
#564400
1*
1B
b00000000000001011000010 2
b0000 N
b00101010110 \
b01001101001 [
b0011 H
b00000100001 ^
b01101001101 ]
b001001110110001111010 n
b000100110101111000101 m
b000100110101111000101 l
0Z
b000010001000001001111 k
b00000000000000000000000000001110 v
b00000000000000000000000000000110 v
#564800
0*
0B
#565200
1*
1B
b00000000000001011000011 2
b0001 N
b00000100001 \
b01101001101 [
b001001110110001111010 U
b0000 T
b0000 V
b00101010110 d
b01001101001 c
b0000 W
b00101010110 h
b01001101001 g
b00001110100 ^
b01110011001 ]
b010111011111000010001 n
b000010010101011011101 m
b000010010101011011101 l
b000001000010000101111 k
b00000000000000000000000000001110 v
b01101001101 e
b00000100001 f
b00101010110 r
b01001101001 q
b01100011101 i
b01110110110 j
b000000000000000000000 u
b01110110110 t
b01100011101 s
b111110110011011010100 u
#565600
0*
0B
#566000
1*
1B
b00000000000001011000100 2
b0010 N
b00001110100 \
b01110011001 [
b01000010000 ^
b01111111111 ]
b010100000100000011010 n
b000100111111101111010 m
b000100111111101111010 l
b000010100110110010100 k
#566400
0*
0B
#566800
1*
1B
b00000000000001011000101 2
b0011 N
b01000010000 \
b01111111111 [
b01111101011 ^
b01111010001 ]
b000111000101011011010 n
b000011111001011100101 m
b000011111001011100101 l
b000011100100000101001 k
#567200
0*
0B
#567600
1*
1B
b00000000000001011000110 2
b0100 N
b01111101011 \
b01111010001 [
b000111000101011011010 U
b0011 T
b0011 V
b01000010000 d
b01111111111 c
b0011 W
b01000010000 h
b01111111111 g
b01111010001 ^
b01101110101 ]
b000010010111010101101 n
b000000000101001011010 m
b000000000101001011010 l
b000001011111111000010 k
b01111010001 e
b01111101011 f
b01000010000 r
b01111111111 q
b01110011001 i
b00001110100 j
b111110101001010000100 u
b00001110100 t
b01110011001 s
b000100111111101111010 u
#568000
0*
0B
#568400
1*
1B
b00000000000001011000111 2
b0101 N
b01111010001 \
b01101110101 [
b000010010111010101101 U
b0100 T
b0100 V
b01111101011 d
b01111010001 c
b0100 W
b01111101011 h
b01111010001 g
b01110110110 ^
b01100011101 ]
b000001000001110000001 n
b000000000100010000011 m
b000000000100010000011 l
b000001011011010011101 k
b01101110101 e
b01111010001 f
b01111101011 r
b01111010001 q
b01111111111 i
b01000010000 j
b000110110101100010101 u
b01000010000 t
b01111111111 s
b000011111001011100101 u
#568800
0*
0B
#569200
1*
1B
b00000000000001011001000 2
b0110 N
b01110110110 \
b01100011101 [
b000001000001110000001 U
b0101 T
b0101 V
b01111010001 d
b01101110101 c
b0101 W
b01111010001 h
b01101110101 g
b0100 I
b00101010110 ^
b01001101001 ]
b000000010000111000010 n
b111110110011011010100 m
b111110110011011010100 l
1Z
b000010110001000011000 k
b01100011101 e
b01110110110 f
b01111010001 r
b01101110101 q
b01111010001 i
b01111101011 j
b000010100110111011111 u
b01111101011 t
b01111010001 s
b000000000101001011010 u
#569600
0*
0B
#570000
1*
1B
b00000000000001011001001 2
b0000 N
b00101010110 \
b01001101001 [
b0100 H
b000000010000111000010 U
b0110 T
b0110 V
b01110110110 d
b01100011101 c
b0110 W
b01110110110 h
b01100011101 g
b00000100001 ^
b01101001101 ]
b001001110110001111010 n
b000100110101111000101 m
b000100110101111000101 l
0Z
b000010001000001001111 k
b00000000000000000000000000000110 v
b01110110110 t
b01100011101 s
b01110110110 r
b01100011101 q
b01001101001 e
b00101010110 f
b01101110101 i
b01111010001 j
b000000000000000000000 u
b00101010110 t
b01001101001 s
b000001001100100101100 u
#570400
0*
0B
#570800
1*
1B
b00000000000001011001010 2
b0001 N
b00000100001 \
b01101001101 [
b011111111111111111111 U
b0000 V
b00101010110 d
b01001101001 c
b00001110100 ^
b01110011001 ]
b010111011111000010001 n
b000010010101011011101 m
b000010010101011011101 l
b000001000010000101111 k
b00000000000000000000000000001110 v
b01101001101 e
b00000100001 f
b00000100001 t
b01101001101 s
b00101010110 r
b01001101001 q
b111011001010000111011 u
b0101 I
#571200
0*
0B
#571600
1*
1B
b00000000000001011001011 2
b0000 N
b00101010110 \
b01001101001 [
b0101 H
b00000100001 ^
b01101001101 ]
b001001110110001111010 n
b000100110101111000101 m
b000100110101111000101 l
b000010001000001001111 k
b00000000000000000000000000000110 v
b01111010001 t
b01101110101 s
b01110110110 r
b01100011101 q
b000000000100010000011 u
b0110 I
#572000
0*
0B
#572400
1*
1B
b00000000000001011001100 2
b0110 H
b0000 X
b00000000000000000000000000001110 v
b00000000000000000000000000000110 v
b0111 I
#572800
0*
0B
#573200
1*
1B
b00000000000001011001101 2
b0111 H
b00000 Y
b0001 X
b00000000000000000000000000001110 v
b00000000000000000000000000000110 v
b1001 I
#573600
0*
0B
#574000
1*
1B
b00000000000001011001110 2
b1001 H
b11111 Y
b1000 M
b00000000000000000000000000001101 v
b00000000000000000000000000000110 v
b1000 I
#574400
0*
0B
#574800
1*
1B
b00000000000001011001111 2
b1000 H
b1000 L
b01111010001 h
b01110000101 d
b01110000101 \
b01101110101 g
b01011001110 c
b01011001110 [
1E
1-
b00000000000000000000000000001110 v
b00000000000000000000000000000110 v
b01111010001 r
b01101110101 q
b0001 I
b01111010001 i
b01111101011 j
b00101010110 f
b00101010110 ^
b000000000000000000000 n
b000000000000000000000 m
b000000000000000000000 l
b111111010100000111111 k
1Z
b01001101001 e
b01001101001 ]
b000000000000000000000 u
b01111101011 t
b01111010001 s
b000010101100000110011 k
0Z
b000000000101001011010 u
#575200
0*
0B
#575600
1*
1B
b00000000000001011010000 2
b0001 H
0E
0-
b00000000000000000000000000001110 v
b00000000000000000000000000000110 v
#575700
b00100010 ;
b100 <
b11000 ,
b11000 D
#576000
0*
0B
#576400
1*
1B
b00000000000001011010001 2
b0001 N
b00101010110 \
b01001101001 [
b1100000000 J
b01100000000 a
b00000100001 ^
b01101001101 ]
b001010001110110110010 n
b000101010100000011111 m
b000101010100000011111 l
b000010001000001001111 k
b00000000000000000000000000001110 v
b00000000000000000000000000000110 v
b01100000000 o
b000000000111101101110 u
#576500
b011 <
b11110 ,
b11110 D
#576800
0*
0B
#577200
1*
1B
b00000000000001011010010 2
b0010 N
b00000100001 \
b01101001101 [
b1100011110 J
b01100011110 a
b00001110100 ^
b01110011001 ]
b010111000011110110001 n
b000010001000011101101 m
b000010001000011101101 l
b000001000010000101111 k
b00000000000000000000000000001110 v
b00000000000000000000000000000110 v
b01100011110 o
b000000001001001111010 u
#577300
b010 <
b10011 ,
b10011 D
#577600
0*
0B
#578000
1*
1B
b00000000000001011010011 2
b0011 N
b00001110100 \
b01110011001 [
b1001100000 K
b01001100000 b
b01000010000 ^
b01111111111 ]
b000111110110010101001 n
b000011000100111111100 m
b000011000100111111100 l
b000010100110110010100 k
b00000000000000000000000000001110 v
b00000000000000000000000000000110 v
b01001100000 p
b000000111101111000110 u
#578100
b001 <
b00100 ,
b00100 D
#578400
0*
0B
#578800
1*
1B
b00000000000001011010100 2
b000 <
b0100 N
b01000010000 \
b01111111111 [
b1001100100 K
b01001100100 b
b00000 ,
b00000 D
b0010 I
b01111101011 ^
b01111010001 ]
b000001110000101010001 n
b000011001001001100011 m
b000011001001001100011 l
b000011100100000101001 k
b00000000000000000000000000001110 v
b00000000000000000000000000000110 v
b01001100100 p
b000000111101001010110 u
#579200
0*
0B
#579600
1*
1B
b00000000000001011010101 2
b0000 N
b01110000101 \
b01011001110 [
b0010 H
b00101010110 ^
b01001101001 ]
b000010101111101000001 n
b000010010000010110101 m
b000010010000010110101 l
b000010101100000110011 k
b00000000000000000000000000001110 v
b00000000000000000000000000000110 v
#580000
0*
0B
#580400
1*
1B
b00000000000001011010110 2
b0001 N
b00101010110 \
b01001101001 [
b00000100001 ^
b01101001101 ]
b000011001110010111101 n
b000011100101011110001 m
b000011100101011110001 l
b000010001000001001111 k
#580800
0*
0B
#581200
1*
1B
b00000000000001011010111 2
b0010 N
b00000100001 \
b01101001101 [
b00001110100 ^
b01110011001 ]
b001010010011000101010 n
b000001011101100100001 m
b000001011101100100001 l
b000001000010000101111 k
#581600
0*
0B
#582000
1*
1B
b00000000000001011011000 2
b0011 N
b00001110100 \
b01110011001 [
b01000010000 ^
b01111111111 ]
b000111111110000011001 n
b000011000101110010100 m
b000011000101110010100 l
b000010100110110010100 k
#582400
0*
0B
#582800
1*
1B
b00000000000001011011001 2
b0100 N
b01000010000 \
b01111111111 [
b01111101011 ^
b01111010001 ]
b000001110000101010001 n
b000011001001001100011 m
b000011001001001100011 l
b000011100100000101001 k
#583200
0*
0B
#583600
1*
1B
b00000000000001011011010 2
b0101 N
b01111101011 \
b01111010001 [
b01111010001 ^
b01101110101 ]
b000101101001001011010 n
b000000111101001010110 m
b000000111101001010110 l
b000001011111111000010 k
#584000
0*
0B
#584400
1*
1B
b00000000000001011011011 2
b0110 N
b01111010001 \
b01101110101 [
b01110110110 ^
b01100011101 ]
b000100010010111111010 n
b000000111010001001011 m
b000000111010001001011 l
b000001011011010011101 k
#584800
0*
0B
#585200
1*
1B
b00000000000001011011100 2
b0111 N
b01110110110 \
b01100011101 [
b1011 I
b01110000101 ^
b01011001110 ]
b000011011111001000101 n
b000000110100001111111 m
b000000110100001111111 l
b000001010001100010001 k
#585600
0*
0B
#586000
1*
1B
b00000000000001011011101 2
b0000 N
b01110000101 \
b01011001110 [
b1011 H
b0111 I
b00101010110 ^
b01001101001 ]
b000010101111101000001 n
b000010010000010110101 m
b000010010000010110101 l
b000010101100000110011 k
b00000000000000000000000000001110 v
b00000000000000000000000000000110 v
#586400
0*
0B
#586800
1*
1B
b00000000000001011011110 2
b0111 H
b111 S
b00010 Y
b1100011110 F
b1100011110 .
1G
1/
b00000000000000000000000000001110 v
b00000000000000000000000000000110 v
#587200
0*
0B
#587600
1*
1B
b00000000000001011011111 2
1@
b1100011110 =
b0001 N
b00101010110 \
b01001101001 [
b00001 Y
b00000100001 ^
b01101001101 ]
b000011001110010111101 n
b000011100101011110001 m
b000011100101011110001 l
b000010001000001001111 k
b1001100100 F
b1001100100 .
#588000
0*
0B
#588400
1*
1B
b1001100100 >
b00000000000000000000000000000000 ?
b00000000000000000000000000000001 ?
b00010011 3
b00000000000001011100000 2
0@
b0010 N
b00000100001 \
b01101001101 [
b00000 Y
b1001 I
b00001110100 ^
b01110011001 ]
b001010010011000101010 n
b000001011101100100001 m
b000001011101100100001 l
b000001000010000101111 k
bxxxxxxxxxx F
bxxxxxxxxxx .
0G
0/
#588800
0*
0B
#589200
1*
1B
b0000010000 9
b00000000000001011100001 2
b0000 N
b01110000101 \
b01011001110 [
b1001 H
b11111 Y
b1000 I
b00101010110 ^
b01001101001 ]
b000010101111101000001 n
b000010010000010110101 m
b000010010000010110101 l
b000010101100000110011 k
b00000000000000000000000000001110 v
b00000000000000000000000000000110 v
#589600
0*
0B
#590000
1*
1B
b00000000000001011100010 2
b1000 H
1E
1-
b00000000000000000000000000001110 v
b00000000000000000000000000000110 v
b0001 I
#590400
0*
0B
#590800
1*
1B
b00000000000001011100011 2
b0001 H
b000 S
0E
0-
b00000000000000000000000000001110 v
b00000000000000000000000000000110 v
#590900
b00100011 ;
b100 <
b11110 ,
b11110 D
#591200
0*
0B
#591600
1*
1B
b00000000000001011100100 2
b0001 N
b00101010110 \
b01001101001 [
b1111000000 J
b01111000000 a
b00000100001 ^
b01101001101 ]
b000101110100001010101 n
b000101000111001111011 m
b000101000111001111011 l
b000010001000001001111 k
b00000000000000000000000000001110 v
b00000000000000000000000000000110 v
b01111000000 o
b000001000101011001010 u
#591700
b011 <
b10110 ,
b10110 D
#592000
0*
0B
#592400
1*
1B
b00000000000001011100101 2
b0010 N
b00000100001 \
b01101001101 [
b1111010110 J
b01111010110 a
b00001110100 ^
b01110011001 ]
b001010110011011011010 n
b000000111111101111001 m
b000000111111101111001 l
b000001000010000101111 k
b00000000000000000000000000001110 v
b00000000000000000000000000000110 v
b01111010110 o
b000001000110100000110 u
#592500
b010 <
b01011 ,
b01011 D
#592800
0*
0B
#593200
1*
1B
b00000000000001011100110 2
b0011 N
b00001110100 \
b01110011001 [
b0101100000 K
b00101100000 b
b01000010000 ^
b01111111111 ]
b000001110100000011001 n
b111111111101111011100 m
b111111111101111011100 l
1Z
b000010100110110010100 k
b00000000000000000000000000001110 v
b00000000000000000000000000000110 v
b00101100000 p
b000001110101001110110 u
#593300
b001 <
b10101 ,
b10101 D
#593600
0*
0B
#594000
1*
1B
b00000000000001011100111 2
b000 <
b0100 N
b01000010000 \
b01111111111 [
b0101110101 K
b00101110101 b
b00000 ,
b00000 D
b0010 I
b01111101011 ^
b01111010001 ]
b000000110010001101010 n
b000000110011111101101 m
b000000110011111101101 l
0Z
b000011100100000101001 k
b00000000000000000000000000001110 v
b00000000000000000000000000000110 v
b00101110101 p
b000001110001011101010 u
#594400
0*
0B
#594800
1*
1B
b00000000000001011101000 2
b0000 N
b01110000101 \
b01011001110 [
b0010 H
b00101010110 ^
b01001101001 ]
b001010101000101000000 n
b000110001000011001000 m
b000110001000011001000 l
b000010101100000110011 k
b00000000000000000000000000001110 v
b00000000000000000000000000000110 v
#595200
0*
0B
#595600
1*
1B
b00000000000001011101001 2
b0001 N
b00101010110 \
b01001101001 [
b00000100001 ^
b01101001101 ]
b000100000110000101010 n
b000011101010000101101 m
b000011101010000101101 l
b000010001000001001111 k
#596000
0*
0B
#596400
1*
1B
b00000000000001011101010 2
b0010 N
b00000100001 \
b01101001101 [
b00001110100 ^
b01110011001 ]
b000100000110011100001 n
b000000011100010000101 m
b000000011100010000101 l
b000001000010000101111 k
#596800
0*
0B
#597200
1*
1B
b00000000000001011101011 2
b0011 N
b00001110100 \
b01110011001 [
b01000010000 ^
b01111111111 ]
b000010001000010001010 n
b000000000010000111010 m
b000000000010000111010 l
b000010100110110010100 k
#597600
0*
0B
#598000
1*
1B
b00000000000001011101100 2
b0100 N
b01000010000 \
b01111111111 [
b01111101011 ^
b01111010001 ]
b000000110010001101010 n
b000000110011111101101 m
b000000110011111101101 l
b000011100100000101001 k
#598400
0*
0B
#598800
1*
1B
b00000000000001011101101 2
b0101 N
b01111101011 \
b01111010001 [
b01111010001 ^
b01101110101 ]
b001100000111001111101 n
b000001110001011101010 m
b000001110001011101010 l
b000001011111111000010 k
#599200
0*
0B
#599600
1*
1B
b00000000000001011101110 2
b0110 N
b01111010001 \
b01101110101 [
b01110110110 ^
b01100011101 ]
b001011011010111010001 n
b000001101100111011011 m
b000001101100111011011 l
b000001011011010011101 k
#600000
0*
0B
#600400
1*
1B
b00000000000001011101111 2
b0111 N
b01110110110 \
b01100011101 [
b1011 I
b01110000101 ^
b01011001110 ]
b001011001101000110010 n
b000001101010101111000 m
b000001101010101111000 l
b000001010001100010001 k
#600800
0*
0B
#601200
1*
1B
b00000000000001011110000 2
b0000 N
b01110000101 \
b01011001110 [
b1011 H
b0111 I
b00101010110 ^
b01001101001 ]
b001010101000101000000 n
b000110001000011001000 m
b000110001000011001000 l
b000010101100000110011 k
b00000000000000000000000000001110 v
b00000000000000000000000000000110 v
#601600
0*
0B
#602000
1*
1B
b00000000000001011110001 2
b0111 H
b111 S
b00010 Y
b1111010110 F
b1111010110 .
1G
1/
b00000000000000000000000000001110 v
b00000000000000000000000000000110 v
#602400
0*
0B
#602800
1*
1B
b00000000000001011110010 2
1@
b1111010110 =
b0001 N
b00101010110 \
b01001101001 [
b00001 Y
b00000100001 ^
b01101001101 ]
b000100000110000101010 n
b000011101010000101101 m
b000011101010000101101 l
b000010001000001001111 k
b0101110101 F
b0101110101 .
#603200
0*
0B
#603600
1*
1B
b0101110101 >
b00000000000000000000000000000000 ?
b00000000000000000000000000000001 ?
b00010100 3
b00000000000001011110011 2
0@
b0010 N
b00000100001 \
b01101001101 [
b00000 Y
b1001 I
b00001110100 ^
b01110011001 ]
b000100000110011100001 n
b000000011100010000101 m
b000000011100010000101 l
b000001000010000101111 k
bxxxxxxxxxx F
bxxxxxxxxxx .
0G
0/
#604000
0*
0B
#604400
1*
1B
b0000001111 9
b00000000000001011110100 2
b0000 N
b01110000101 \
b01011001110 [
b1001 H
b11111 Y
b1000 I
b00101010110 ^
b01001101001 ]
b001010101000101000000 n
b000110001000011001000 m
b000110001000011001000 l
b000010101100000110011 k
b00000000000000000000000000001110 v
b00000000000000000000000000000110 v
#604800
0*
0B
#605200
1*
1B
b00000000000001011110101 2
b1000 H
1E
1-
b00000000000000000000000000001110 v
b00000000000000000000000000000110 v
b0001 I
#605600
0*
0B
#606000
1*
1B
b00000000000001011110110 2
b0001 H
b000 S
0E
0-
b00000000000000000000000000001110 v
b00000000000000000000000000000110 v
#606100
b00100100 ;
b100 <
b10101 ,
b10101 D
#606400
0*
0B
#606800
1*
1B
b00000000000001011110111 2
b0001 N
b00101010110 \
b01001101001 [
b1010100000 J
b01010100000 a
b00000100001 ^
b01101001101 ]
b000000000111110010010 n
b000000101110111111111 m
b000000101110111111111 l
b000010001000001001111 k
b00000000000000000000000000001110 v
b00000000000000000000000000000110 v
b01010100000 o
b000001100001101101110 u
#606900
b011 <
b00101 ,
b00101 D
#607200
0*
0B
#607600
1*
1B
b00000000000001011111000 2
b0010 N
b00000100001 \
b01101001101 [
b1010100101 J
b01010100101 a
b00001110100 ^
b01110011001 ]
b000100011000111010000 n
b000001001101101101000 m
b000001001101101101000 l
b000001000010000101111 k
b00000000000000000000000000001110 v
b00000000000000000000000000000110 v
b01010100101 o
b000001100001111110000 u
#607700
b010 <
b11110 ,
b11110 D
#608000
0*
0B
#608400
1*
1B
b00000000000001011111001 2
b0011 N
b00001110100 \
b01110011001 [
b1111000000 K
b01111000000 b
b01000010000 ^
b01111111111 ]
b010111100011100100000 n
b000101101100011111000 m
b000101101100011111000 l
b000010100110110010100 k
b00000000000000000000000000001110 v
b00000000000000000000000000000110 v
b01111000000 p
b111111111000011111100 u
#608500
b001 <
b01101 ,
b01101 D
#608800
0*
0B
#609200
1*
1B
b00000000000001011111010 2
b000 <
b0100 N
b01000010000 \
b01111111111 [
b1111001101 K
b01111001101 b
b00000 ,
b00000 D
b0010 I
b01111101011 ^
b01111010001 ]
b001001101100100101101 n
b000100011001000001000 m
b000100011001000001000 l
b000011100100000101001 k
b00000000000000000000000000001110 v
b00000000000000000000000000000110 v
b01111001101 p
b111111110110001010000 u
#609600
0*
0B
#610000
1*
1B
b00000000000001011111011 2
b0000 N
b01110000101 \
b01011001110 [
b0010 H
b00101010110 ^
b01001101001 ]
b000000001101011010001 n
b111111000101000010001 m
b111111000101000010001 l
1Z
b000010101100000110011 k
b00000000000000000000000000001110 v
b00000000000000000000000000000110 v
b0011 I
#610400
0*
0B
#610800
1*
1B
b00000000000001011111100 2
b0011 H
b00000000000000000000000000001110 v
b00000000000000000000000000000110 v
#611200
0*
0B
#611600
1*
1B
b00000000000001011111101 2
b0001 N
b00101010110 \
b01001101001 [
b000000001101011010001 U
b0000 T
b0000 W
b01110000101 h
b01011001110 g
b00000100001 ^
b01101001101 ]
b001100010000101100001 n
b000100111101001101000 m
b000100111101001101000 l
0Z
b000010001000001001111 k
b01110000101 r
b01011001110 q
b01100011101 i
b01110110110 j
b111111010011011010010 u
b01110110110 t
b01100011101 s
b111111110000111101111 u
#612000
0*
0B
#612400
1*
1B
b00000000000001011111110 2
b0010 N
b00000100001 \
b01101001101 [
b00001110100 ^
b01110011001 ]
b011011110100111010000 n
b000010100110110001000 m
b000010100110110001000 l
b000001000010000101111 k
#612800
0*
0B
#613200
1*
1B
b00000000000001011111111 2
b0011 N
b00001110100 \
b01110011001 [
b01000010000 ^
b01111111111 ]
b011000001110110000001 n
b000101101111000100110 m
b000101101111000100110 l
b000010100110110010100 k
#613600
0*
0B
#614000
1*
1B
b00000000000001100000000 2
b0100 N
b01000010000 \
b01111111111 [
b01111101011 ^
b01111010001 ]
b001001101100100101101 n
b000100011001000001000 m
b000100011001000001000 l
b000011100100000101001 k
#614400
0*
0B
#614800
1*
1B
b00000000000001100000001 2
b0101 N
b01111101011 \
b01111010001 [
b01111010001 ^
b01101110101 ]
b000010110001100010100 n
b111111110110001010000 m
b111111110110001010000 l
1Z
b000001011111111000010 k
#615200
0*
0B
#615600
1*
1B
b00000000000001100000010 2
b0110 N
b01111010001 \
b01101110101 [
b01110110110 ^
b01100011101 ]
b000001010100100010000 n
b111111110101101110000 m
b111111110101101110000 l
b000001011011010011101 k
#616000
0*
0B
#616400
1*
1B
b00000000000001100000011 2
b0111 N
b01110110110 \
b01100011101 [
b0100 I
b01110000101 ^
b01011001110 ]
b000000011101001010001 n
b111111110000111101111 m
b111111110000111101111 l
b000001010001100010001 k
#616800
0*
0B
#617200
1*
1B
b00000000000001100000100 2
b0000 N
b01110000101 \
b01011001110 [
b0100 H
b0101 I
b00101010110 ^
b01001101001 ]
b000000001101011010001 n
b111111000101000010001 m
b111111000101000010001 l
b000010101100000110011 k
b00000000000000000000000000001110 v
b00000000000000000000000000000110 v
b00101010110 t
b01001101001 s
b000000111010111101111 u
b0100 I
#617600
0*
0B
#618000
1*
1B
b00000000000001100000101 2
b0001 N
b00101010110 \
b01001101001 [
b011111111111111111111 U
b0001 V
b00101010110 d
b01001101001 c
b00000100001 ^
b01101001101 ]
b001100010000101100001 n
b000100111101001101000 m
b000100111101001101000 l
0Z
b000010001000001001111 k
b00000000000000000000000000001110 v
b01101001101 e
b00000100001 f
b00000100001 t
b01101001101 s
b00101010110 r
b01001101001 q
b111011000010110011000 u
b0101 I
#618400
0*
0B
#618800
1*
1B
b00000000000001100000110 2
b0000 N
b01110000101 \
b01011001110 [
b0101 H
b00101010110 ^
b01001101001 ]
b000000001101011010001 n
b111111000101000010001 m
b111111000101000010001 l
1Z
b000010101100000110011 k
b00000000000000000000000000000110 v
b01110110110 t
b01100011101 s
b01110000101 r
b01011001110 q
b111111110000111101111 u
#619200
0*
0B
#619600
1*
1B
b00000000000001100000111 2
b0001 N
b00101010110 \
b01001101001 [
b0111 W
b01110110110 h
b01100011101 g
b00000100001 ^
b01101001101 ]
b001100010000101100001 n
b000100111101001101000 m
b000100111101001101000 l
0Z
b000010001000001001111 k
b01110110110 r
b01100011101 q
b01101110101 i
b01111010001 j
b000000000000000000000 u
b01111010001 t
b01101110101 s
b111111110101101110000 u
#620000
0*
0B
#620400
1*
1B
b00000000000001100001000 2
b0010 N
b00000100001 \
b01101001101 [
b0110 W
b01111010001 h
b01101110101 g
b0000 X
b00001110100 ^
b01110011001 ]
b011011110100111010000 n
b000010100110110001000 m
b000010100110110001000 l
b000001000010000101111 k
b01111010001 r
b01101110101 q
b01111010001 i
b01111101011 j
b000000000000000000000 u
b01111101011 t
b01111010001 s
b111111110110001010000 u
#620800
0*
0B
#621200
1*
1B
b00000000000001100001001 2
b0011 N
b00001110100 \
b01110011001 [
b0101 W
b01111101011 h
b01111010001 g
b0111 X
b01000010000 ^
b01111111111 ]
b011000001110110000001 n
b000101101111000100110 m
b000101101111000100110 l
b000010100110110010100 k
b01111101011 r
b01111010001 q
b01111111111 i
b01000010000 j
b000000000000000000000 u
b01000010000 t
b01111111111 s
b000100011001000001000 u
b0110 I
#621600
0*
0B
#622000
1*
1B
b00000000000001100001010 2
b0000 N
b01110000101 \
b01011001110 [
b0110 H
b0110 X
b00101010110 ^
b01001101001 ]
b000000001101011010001 n
b111111000101000010001 m
b111111000101000010001 l
1Z
b000010101100000110011 k
b00000000000000000000000000001110 v
b00000000000000000000000000000110 v
#622400
0*
0B
#622800
1*
1B
b00000000000001100001011 2
b0001 N
b00101010110 \
b01001101001 [
b001 S
b00000 Y
b0111 X
b00000100001 ^
b01101001101 ]
b001100010000101100001 n
b000100111101001101000 m
b000100111101001101000 l
0Z
b000010001000001001111 k
b00000000000000000000000000001110 v
b00000000000000000000000000000110 v
#623200
0*
0B
#623600
1*
1B
b00000000000001100001100 2
b0010 N
b00000100001 \
b01101001101 [
b010 S
b00010 Y
b0000 X
b00001110100 ^
b01110011001 ]
b011011110100111010000 n
b000010100110110001000 m
b000010100110110001000 l
b000001000010000101111 k
b00000000000000000000000000001110 v
b00000000000000000000000000000110 v
b1101110101 F
b1101110101 .
#624000
0*
0B
#624400
1*
1B
b00000000000001100001101 2
b0011 N
b00001110100 \
b01110011001 [
b011 S
b00100 Y
b0001 X
b0111 I
b01000010000 ^
b01111111111 ]
b011000001110110000001 n
b000101101111000100110 m
b000101101111000100110 l
b000010100110110010100 k
b00000000000000000000000000001110 v
b00000000000000000000000000000110 v
b1100011101 F
b1100011101 .
#624800
0*
0B
#625200
1*
1B
b00000000000001100001110 2
b0000 N
b01110000101 \
b01011001110 [
b0111 H
b00110 Y
b0010 X
b00101010110 ^
b01001101001 ]
b000000001101011010001 n
b111111000101000010001 m
b111111000101000010001 l
1Z
b000010101100000110011 k
b1011001110 F
b1011001110 .
1G
1/
b00000000000000000000000000001110 v
b00000000000000000000000000000110 v
#625600
0*
0B
#626000
1*
1B
b00000000000001100001111 2
1@
b1011001110 =
b0001 N
b00101010110 \
b01001101001 [
b00101 Y
b00000100001 ^
b01101001101 ]
b001100010000101100001 n
b000100111101001101000 m
b000100111101001101000 l
0Z
b000010001000001001111 k
b1110000101 F
b1110000101 .
#626400
0*
0B
#626800
1*
1B
b1110000101 >
b00000000000000000000000000000000 ?
b00000000000000000000000000000001 ?
b00000000000001100010000 2
0@
b0010 N
b00000100001 \
b01101001101 [
b00100 Y
b00001110100 ^
b01110011001 ]
b011011110100111010000 n
b000010100110110001000 m
b000010100110110001000 l
b000001000010000101111 k
b1100011101 F
b1100011101 .
#627200
0*
0B
#627600
1*
1B
b00000000000001100010001 2
1@
b1100011101 =
b0011 N
b00001110100 \
b01110011001 [
b00011 Y
b01000010000 ^
b01111111111 ]
b011000001110110000001 n
b000101101111000100110 m
b000101101111000100110 l
b000010100110110010100 k
b1110110110 F
b1110110110 .
#628000
0*
0B
#628400
1*
1B
b1110110110 >
b00000000000000000000000000000000 ?
b00000000000000000000000000000001 ?
b00000000000001100010010 2
0@
b0100 N
b01000010000 \
b01111111111 [
b00010 Y
b01111101011 ^
b01111010001 ]
b001001101100100101101 n
b000100011001000001000 m
b000100011001000001000 l
b000011100100000101001 k
b1101110101 F
b1101110101 .
#628800
0*
0B
#629200
1*
1B
b00000000000001100010011 2
1@
b1101110101 =
b0101 N
b01111101011 \
b01111010001 [
b00001 Y
b01111010001 ^
b01101110101 ]
b000010110001100010100 n
b111111110110001010000 m
b111111110110001010000 l
1Z
b000001011111111000010 k
b1111010001 F
b1111010001 .
#629600
0*
0B
#630000
1*
1B
b1111010001 >
b00000000000000000000000000000000 ?
b00000000000000000000000000000001 ?
b00010101 3
b00000000000001100010100 2
0@
b0110 N
b01111010001 \
b01101110101 [
b00000 Y
b1001 I
b01110110110 ^
b01100011101 ]
b000001010100100010000 n
b111111110101101110000 m
b111111110101101110000 l
b000001011011010011101 k
bxxxxxxxxxx F
bxxxxxxxxxx .
0G
0/
#630400
0*
0B
#630800
1*
1B
b0000001110 9
b00000000000001100010101 2
b0000 N
b01110000101 \
b01011001110 [
b1001 H
b11111 Y
b1000 I
b00101010110 ^
b01001101001 ]
b000000001101011010001 n
b111111000101000010001 m
b111111000101000010001 l
b000010101100000110011 k
b0110 M
b00000000000000000000000000001101 v
b00000000000000000000000000000110 v
#631200
0*
0B
#631600
1*
1B
b00000000000001100010110 2
b1000 H
b0110 L
b01111001101 \
b01010100101 [
1E
1-
b00000000000000000000000000001110 v
b00000000000000000000000000000110 v
b0001 I
b01111111111 i
b01000010000 j
b000000000000000000000 n
b000000000000000000000 m
b000000000000000000000 l
0Z
b000011001010000100101 k
#632000
0*
0B
#632400
1*
1B
b00000000000001100010111 2
b0001 H
b000 S
0E
0-
b00000000000000000000000000001110 v
b00000000000000000000000000000110 v
#632500
b00100101 ;
b100 <
b01100 ,
b01100 D
#632800
0*
0B
#633200
1*
1B
b00000000000001100011000 2
b0001 N
b00101010110 \
b01001101001 [
b0110000000 J
b00110000000 a
b00000100001 ^
b01101001101 ]
b001101110011101100010 n
b000010001100010111111 m
b000010001100010111111 l
b000010001000001001111 k
b00000000000000000000000000001110 v
b00000000000000000000000000000110 v
b00110000000 o
b001000101000110101111 u
#633300
b011 <
b11101 ,
b11101 D
#633600
0*
0B
#634000
1*
1B
b00000000000001100011001 2
b0010 N
b00000100001 \
b01101001101 [
b0110011101 J
b00110011101 a
b00001110100 ^
b01110011001 ]
b100000101010010010000 n
b000011010001100100000 m
b000011010001100100000 l
b000001000010000101111 k
b00000000000000000000000000001110 v
b00000000000000000000000000000110 v
b00110011101 o
b001000001101111100000 u
#634100
b010 <
b01111 ,
b01111 D
#634400
0*
0B
#634800
1*
1B
b00000000000001100011010 2
b0011 N
b00001110100 \
b01110011001 [
b0111100000 K
b00111100000 b
b01000010000 ^
b01111111111 ]
b001011111010110100000 n
b000111100001010011000 m
b000111100001010011000 l
b000010100110110010100 k
b00000000000000000000000000001110 v
b00000000000000000000000000000110 v
b00111100000 p
b001000111010001110110 u
#634900
b001 <
b11101 ,
b11101 D
#635200
0*
0B
#635600
1*
1B
b00000000000001100011011 2
b000 <
b0100 N
b01000010000 \
b01111111111 [
b0111111101 K
b00111111101 b
b00000 ,
b00000 D
b0010 I
b01111101011 ^
b01111010001 ]
b001011010111011101101 n
b001000110111101000000 m
b001000110111101000000 l
b000011100100000101001 k
b00000000000000000000000000001110 v
b00000000000000000000000000000110 v
b00111111101 p
b001000110111101000000 u
#636000
0*
0B
#636400
1*
1B
b00000000000001100011100 2
b0000 N
b01111001101 \
b01010100101 [
b0010 H
b00101010110 ^
b01001101001 ]
b001000101100101000000 n
b111011110001000001000 m
b111011110001000001000 l
1Z
b000011001010000100101 k
b00000000000000000000000000001110 v
b00000000000000000000000000000110 v
b0011 I
#636800
0*
0B
#637200
1*
1B
b00000000000001100011101 2
b0011 H
b00000000000000000000000000001110 v
b00000000000000000000000000000110 v
#637600
0*
0B
#638000
1*
1B
b00000000000001100011110 2
b0001 N
b00101010110 \
b01001101001 [
b001000101100101000000 U
b0000 V
b01111001101 d
b01010100101 c
b0000 W
b01111001101 h
b01010100101 g
b00000100001 ^
b01101001101 ]
b000010000111110000001 n
b111111001111010000000 m
b111111001111010000000 l
b000010001000001001111 k
b00000000000000000000000000001110 v
b01001101001 e
b00101010110 f
b01111001101 r
b01010100101 q
b01111010001 i
b01111101011 j
b001000011111000001000 u
b01111101011 t
b01111010001 s
b000100000000011010000 u
#638400
0*
0B
#638800
1*
1B
b00000000000001100011111 2
b0010 N
b00000100001 \
b01101001101 [
b000010000111110000001 U
b0001 T
b0001 V
b00101010110 d
b01001101001 c
b0001 W
b00101010110 h
b01001101001 g
b00001110100 ^
b01110011001 ]
b001100100111000010000 n
b000010001100101100000 m
b000010001100101100000 l
0Z
b000001000010000101111 k
b01101001101 e
b00000100001 f
b00101010110 r
b01001101001 q
b01010100101 i
b01111001101 j
b111010000011001101100 u
b01111001101 t
b01010100101 s
b111011110001000001000 u
#639200
0*
0B
#639600
1*
1B
b00000000000001100100000 2
b0011 N
b00001110100 \
b01110011001 [
b01000010000 ^
b01111111111 ]
b001100100101101100001 n
b000111100111000100110 m
b000111100111000100110 l
b000010100110110010100 k
#640000
0*
0B
#640400
1*
1B
b00000000000001100100001 2
b0100 N
b01000010000 \
b01111111111 [
b01111101011 ^
b01111010001 ]
b001011010111011101101 n
b001000110111101000000 m
b001000110111101000000 l
b000011100100000101001 k
#640800
0*
0B
#641200
1*
1B
b00000000000001100100010 2
b0101 N
b01111101011 \
b01111010001 [
b0100 I
b01111001101 ^
b01010100101 ]
b010001001001111010100 n
b000100000000011010000 m
b000100000000011010000 l
b000101001100110111110 k
#641600
0*
0B
#642000
1*
1B
b00000000000001100100011 2
b0000 N
b01111001101 \
b01010100101 [
b0100 H
b0101 I
b00101010110 ^
b01001101001 ]
b001000101100101000000 n
b111011110001000001000 m
b111011110001000001000 l
1Z
b000011001010000100101 k
b00000000000000000000000000000110 v
b00000100001 t
b01101001101 s
b000000110000110000000 u
b0100 I
#642400
0*
0B
#642800
1*
1B
b00000000000001100100100 2
b0001 N
b00101010110 \
b01001101001 [
b011111111111111111111 U
b0010 V
b00000100001 d
b01101001101 c
b00000100001 ^
b01101001101 ]
b000010000111110000001 n
b111111001111010000000 m
b111111001111010000000 l
b000010001000001001111 k
b00000000000000000000000000001110 v
b01110011001 e
b00001110100 f
b00001110100 t
b01110011001 s
b00000100001 r
b01101001101 q
b111101110011010100000 u
b0101 I
#643200
0*
0B
#643600
1*
1B
b00000000000001100100101 2
b0000 N
b01111001101 \
b01010100101 [
b0101 H
b00101010110 ^
b01001101001 ]
b001000101100101000000 n
b111011110001000001000 m
b111011110001000001000 l
b000011001010000100101 k
b00000000000000000000000000000110 v
b01111001101 t
b01010100101 s
b00101010110 r
b01001101001 q
b111011110001000001000 u
#644000
0*
0B
#644400
1*
1B
b00000000000001100100110 2
b0001 N
b00101010110 \
b01001101001 [
b0000 W
b01111001101 h
b01010100101 g
b00000100001 ^
b01101001101 ]
b000010000111110000001 n
b111111001111010000000 m
b111111001111010000000 l
b000010001000001001111 k
b01111001101 r
b01010100101 q
b01111010001 i
b01111101011 j
b000000000000000000000 u
b01111101011 t
b01111010001 s
b000100000000011010000 u
b0110 I
#644800
0*
0B
#645200
1*
1B
b00000000000001100100111 2
b0000 N
b01111001101 \
b01010100101 [
b0110 H
b0001 X
b00101010110 ^
b01001101001 ]
b001000101100101000000 n
b111011110001000001000 m
b111011110001000001000 l
b000011001010000100101 k
b00000000000000000000000000001110 v
b00000000000000000000000000000110 v
#645600
0*
0B
#646000
1*
1B
b00000000000001100101000 2
b0001 N
b00101010110 \
b01001101001 [
b001 S
b00000 Y
b0010 X
b0111 I
b00000100001 ^
b01101001101 ]
b000010000111110000001 n
b111111001111010000000 m
b111111001111010000000 l
b000010001000001001111 k
b00000000000000000000000000001110 v
b00000000000000000000000000000110 v
#646400
0*
0B
#646800
1*
1B
b00000000000001100101001 2
b0000 N
b01111001101 \
b01010100101 [
b0111 H
b00010 Y
b0011 X
b00101010110 ^
b01001101001 ]
b001000101100101000000 n
b111011110001000001000 m
b111011110001000001000 l
b000011001010000100101 k
b1001101001 F
b1001101001 .
1G
1/
b00000000000000000000000000001110 v
b00000000000000000000000000000110 v
#647200
0*
0B
#647600
1*
1B
b00000000000001100101010 2
1@
b1001101001 =
b0001 N
b00101010110 \
b01001101001 [
b00001 Y
b00000100001 ^
b01101001101 ]
b000010000111110000001 n
b111111001111010000000 m
b111111001111010000000 l
b000010001000001001111 k
b0101010110 F
b0101010110 .
#648000
0*
0B
#648400
1*
1B
b0101010110 >
b00000000000000000000000000000000 ?
b00000000000000000000000000000001 ?
b00010110 3
b00000000000001100101011 2
0@
b0010 N
b00000100001 \
b01101001101 [
b00000 Y
b1001 I
b00001110100 ^
b01110011001 ]
b001100100111000010000 n
b000010001100101100000 m
b000010001100101100000 l
0Z
b000001000010000101111 k
bxxxxxxxxxx F
bxxxxxxxxxx .
0G
0/
#648800
0*
0B
#649200
1*
1B
b0000001101 9
b00000000000001100101100 2
b0000 N
b01111001101 \
b01010100101 [
b1001 H
b11111 Y
b1000 I
b00101010110 ^
b01001101001 ]
b001000101100101000000 n
b111011110001000001000 m
b111011110001000001000 l
1Z
b000011001010000100101 k
b00000000000000000000000000001101 v
b00000000000000000000000000000110 v
#649600
0*
0B
#650000
1*
1B
b00000000000001100101101 2
b1000 H
b00111111101 h
b00001110100 d
b00111111101 \
b00110011101 g
b01110011001 c
b00110011101 [
1E
1-
b00000000000000000000000000001110 v
b00000000000000000000000000000110 v
b00111111101 r
b00110011101 q
b0001 I
b01111001101 j
b01000010000 f
b00000100001 ^
b000000000000000000000 n
b000000000000000000000 m
b000000000000000000000 l
0Z
b000100110111100101000 k
b01010100101 i
b01111111111 e
b01101001101 ]
b000000000000000000000 u
b01111001101 t
b01010100101 s
b000100001110001010100 k
#650400
0*
0B
#650800
1*
1B
b00000000000001100101110 2
b0001 H
b000 S
0E
0-
b00000000000000000000000000001110 v
b00000000000000000000000000000110 v
#650900
b00100110 ;
b100 <
b10100 ,
b10100 D
#651200
0*
0B
#651600
1*
1B
b00000000000001100101111 2
b0001 N
b00000100001 \
b01101001101 [
b1010000000 J
b01010000000 a
b00001110100 ^
b01110011001 ]
b001000001100100111001 n
b000001100111111000111 m
b000001100111111000111 l
b000001000010000101111 k
b00000000000000000000000000001110 v
b00000000000000000000000000000110 v
b01010000000 o
b000011001101101110000 u
#651700
b011 <
b00001 ,
b00001 D
#652000
0*
0B
#652400
1*
1B
b00000000000001100110000 2
b0010 N
b00001110100 \
b01110011001 [
b1010000001 J
b01010000001 a
b01000010000 ^
b01111111111 ]
b000111000110110010001 n
b000100101111100110110 m
b000100101111100110110 l
b000010100110110010100 k
b00000000000000000000000000001110 v
b00000000000000000000000000000110 v
b01010000001 o
b000011001110101000000 u
#652500
b010 <
b11001 ,
b11001 D
#652800
0*
0B
#653200
1*
1B
b00000000000001100110001 2
b0011 N
b01000010000 \
b01111111111 [
b1100100000 K
b01100100000 b
b01111101011 ^
b01111010001 ]
b000110101101100000100 n
b000101001001111101010 m
b000101001001111101010 l
b000011100100000101001 k
b00000000000000000000000000001110 v
b00000000000000000000000000000110 v
b01100100000 p
b000000111000100101000 u
#653300
b001 <
b01010 ,
b01010 D
#653600
0*
0B
#654000
1*
1B
b00000000000001100110010 2
b000 <
b0100 N
b01111101011 \
b01111010001 [
b1100101010 K
b01100101010 b
b00000 ,
b00000 D
b0010 I
b01111001101 ^
b01010100101 ]
b000100100101010000001 n
b000001011101011001100 m
b000001011101011001100 l
b000101001100110111110 k
b00000000000000000000000000001110 v
b00000000000000000000000000000110 v
b01100101010 p
b000000110011011011000 u
#654400
0*
0B
#654800
1*
1B
b00000000000001100110011 2
b0000 N
b00111111101 \
b00110011101 [
b0010 H
b00000100001 ^
b01101001101 ]
b000100010110011111001 n
b000111010001111100000 m
b000111010001111100000 l
b000100001110001010100 k
b00000000000000000000000000001110 v
b00000000000000000000000000000110 v
#655200
0*
0B
#655600
1*
1B
b00000000000001100110100 2
b0001 N
b00000100001 \
b01101001101 [
b00001110100 ^
b01110011001 ]
b010011101100011100001 n
b000010010100011010000 m
b000010010100011010000 l
b000001000010000101111 k
#656000
0*
0B
#656400
1*
1B
b00000000000001100110101 2
b0010 N
b00001110100 \
b01110011001 [
b01000010000 ^
b01111111111 ]
b010001000101110100100 n
b000101101011100100100 m
b000101101011100100100 l
b000010100110110010100 k
#656800
0*
0B
#657200
1*
1B
b00000000000001100110110 2
b0011 N
b01000010000 \
b01111111111 [
b01111101011 ^
b01111010001 ]
b000110111000010101000 n
b000101001001000011110 m
b000101001001000011110 l
b000011100100000101001 k
#657600
0*
0B
#658000
1*
1B
b00000000000001100110111 2
b0100 N
b01111101011 \
b01111010001 [
b01111001101 ^
b01010100101 ]
b000100100101010000001 n
b000001011101011001100 m
b000001011101011001100 l
b000101001100110111110 k
#658400
0*
0B
#658800
1*
1B
b00000000000001100111000 2
b0101 N
b01111001101 \
b01010100101 [
b1011 I
b00111111101 ^
b00110011101 ]
b000000110110011011001 n
b000000110011011011000 m
b000000110011011011000 l
b000110000011110011000 k
#659200
0*
0B
#659600
1*
1B
b00000000000001100111001 2
b0000 N
b00111111101 \
b00110011101 [
b1011 H
b0111 I
b00000100001 ^
b01101001101 ]
b000100010110011111001 n
b000111010001111100000 m
b000111010001111100000 l
b000100001110001010100 k
b00000000000000000000000000001110 v
b00000000000000000000000000000110 v
#660000
0*
0B
#660400
1*
1B
b00000000000001100111010 2
b0111 H
b111 S
b00010 Y
b1010000001 F
b1010000001 .
1G
1/
b00000000000000000000000000001110 v
b00000000000000000000000000000110 v
#660800
0*
0B
#661200
1*
1B
b00000000000001100111011 2
1@
b1010000001 =
b0001 N
b00000100001 \
b01101001101 [
b00001 Y
b00001110100 ^
b01110011001 ]
b010011101100011100001 n
b000010010100011010000 m
b000010010100011010000 l
b000001000010000101111 k
b1100101010 F
b1100101010 .
#661600
0*
0B
#662000
1*
1B
b1100101010 >
b00000000000000000000000000000000 ?
b00000000000000000000000000000001 ?
b00010111 3
b00000000000001100111100 2
0@
b0010 N
b00001110100 \
b01110011001 [
b00000 Y
b1001 I
b01000010000 ^
b01111111111 ]
b010001000101110100100 n
b000101101011100100100 m
b000101101011100100100 l
b000010100110110010100 k
bxxxxxxxxxx F
bxxxxxxxxxx .
0G
0/
#662400
0*
0B
#662800
1*
1B
b0000001011 9
b00000000000001100111101 2
b0000 N
b00111111101 \
b00110011101 [
b1001 H
b11111 Y
b1000 I
b00000100001 ^
b01101001101 ]
b000100010110011111001 n
b000111010001111100000 m
b000111010001111100000 l
b000100001110001010100 k
b00000000000000000000000000001110 v
b00000000000000000000000000000110 v
#663200
0*
0B
#663600
1*
1B
b00000000000001100111110 2
b1000 H
1E
1-
b00000000000000000000000000001110 v
b00000000000000000000000000000110 v
b0001 I
#664000
0*
0B
#664400
1*
1B
b00000000000001100111111 2
b0001 H
b000 S
0E
0-
b00000000000000000000000000001110 v
b00000000000000000000000000000110 v
#664500
b00100111 ;
b100 <
b11111 ,
b11111 D
#664800
0*
0B
#665200
1*
1B
b00000000000001101000000 2
b0001 N
b00000100001 \
b01101001101 [
b1111100000 J
b01111100000 a
b00001110100 ^
b01110011001 ]
b010011000101010111010 n
b000001011011100000011 m
b000001011011100000011 l
b000001000010000101111 k
b00000000000000000000000000001110 v
b00000000000000000000000000000110 v
b01111100000 o
b000101110001100001000 u
#665300
b011 <
#665600
0*
0B
#666000
1*
1B
b00000000000001101000001 2
b0010 N
b00001110100 \
b01110011001 [
b1111111111 J
b01111111111 a
b01000010000 ^
b01111111111 ]
b001111000001000001000 n
b000000111000001011100 m
b000000111000001011100 l
b000010100110110010100 k
b00000000000000000000000000001110 v
b00000000000000000000000000000110 v
b01111111111 o
b000110001101100111000 u
#666100
b010 <
b01100 ,
b01100 D
#666400
0*
0B
#666800
1*
1B
b00000000000001101000010 2
b0011 N
b01000010000 \
b01111111111 [
b0110000000 K
b00110000000 b
b01111101011 ^
b01111010001 ]
b000000101000100000000 n
b000000001100111100000 m
b000000001100111100000 l
b000011100100000101001 k
b00000000000000000000000000001110 v
b00000000000000000000000000000110 v
b00110000000 p
b001001101001010001000 u
#666900
b001 <
b01101 ,
b01101 D
#667200
0*
0B
#667600
1*
1B
b00000000000001101000011 2
b000 <
b0100 N
b01111101011 \
b01111010001 [
b0110001101 K
b00110001101 b
b00000 ,
b00000 D
b0010 I
b01111001101 ^
b01010100101 ]
b001011010001011001000 n
b000101100101110001100 m
b000101100101110001100 l
b000101001100110111110 k
b00000000000000000000000000001110 v
b00000000000000000000000000000110 v
b00110001101 p
b001001100010100100000 u
#668000
0*
0B
#668400
1*
1B
b00000000000001101000100 2
b0000 N
b00111111101 \
b00110011101 [
b0010 H
b00000100001 ^
b01101001101 ]
b001011101111010000100 n
b000111011000100111000 m
b000111011000100111000 l
b000100001110001010100 k
b00000000000000000000000000001110 v
b00000000000000000000000000000110 v
#668800
0*
0B
#669200
1*
1B
b00000000000001101000101 2
b0001 N
b00000100001 \
b01101001101 [
b00001110100 ^
b01110011001 ]
b000101000000101010100 n
b000000011001001011010 m
b000000011001001011010 l
b000001000010000101111 k
#669600
0*
0B
#670000
1*
1B
b00000000000001101000110 2
b0010 N
b00001110100 \
b01110011001 [
b01000010000 ^
b01111111111 ]
b000010101110100010101 n
b111111100101111001110 m
b111111100101111001110 l
1Z
b000010100110110010100 k
b0011 I
#670400
0*
0B
#670800
1*
1B
b00000000000001101000111 2
b0000 N
b00111111101 \
b00110011101 [
b0011 H
b00000100001 ^
b01101001101 ]
b001011101111010000100 n
b000111011000100111000 m
b000111011000100111000 l
0Z
b000100001110001010100 k
b00000000000000000000000000001110 v
b00000000000000000000000000000110 v
#671200
0*
0B
#671600
1*
1B
b00000000000001101001000 2
b0001 N
b00000100001 \
b01101001101 [
b001011101111010000100 U
b0000 T
b0000 V
b00111111101 d
b00110011101 c
b00001110100 ^
b01110011001 ]
b000101000000101010100 n
b000000011001001011010 m
b000000011001001011010 l
b000001000010000101111 k
b00000000000000000000000000001110 v
b01101001101 e
b00000100001 f
#672000
0*
0B
#672400
1*
1B
b00000000000001101001001 2
b0010 N
b00001110100 \
b01110011001 [
b000101000000101010100 U
b0001 T
b0001 V
b00000100001 d
b01101001101 c
b0001 W
b00000100001 h
b01101001101 g
b01000010000 ^
b01111111111 ]
b000010101110100010101 n
b111111100101111001110 m
b111111100101111001110 l
1Z
b000010100110110010100 k
b01110011001 e
b00001110100 f
b00000100001 r
b01101001101 q
b00110011101 i
b00111111101 j
b000110111110001111000 u
b00111111101 t
b00110011101 s
b000111011000100111000 u
#672800
0*
0B
#673200
1*
1B
b00000000000001101001010 2
b0011 N
b01000010000 \
b01111111111 [
b000010101110100010101 U
b0010 T
b0010 V
b00001110100 d
b01110011001 c
b0010 W
b00001110100 h
b01110011001 g
b01111101011 ^
b01111010001 ]
b000000100001100001001 n
b000000001011110001010 m
b000000001011110001010 l
0Z
b000011100100000101001 k
b01111111111 e
b01000010000 f
b00001110100 r
b01110011001 q
b01101001101 i
b00000100001 j
b000101100101000110010 u
b00000100001 t
b01101001101 s
b000000011001001011010 u
#673600
0*
0B
#674000
1*
1B
b00000000000001101001011 2
b0100 N
b01111101011 \
b01111010001 [
b000000100001100001001 U
b0011 T
b0011 V
b01000010000 d
b01111111111 c
b0011 W
b01000010000 h
b01111111111 g
b01111001101 ^
b01010100101 ]
b001011010001011001000 n
b000101100101110001100 m
b000101100101110001100 l
b000101001100110111110 k
b01111010001 e
b01111101011 f
b01000010000 r
b01111111111 q
b01110011001 i
b00001110100 j
b111111010010011101010 u
b00001110100 t
b01110011001 s
b111111100101111001110 u
#674400
0*
0B
#674800
1*
1B
b00000000000001101001100 2
b0101 N
b01111001101 \
b01010100101 [
b0100 I
b00111111101 ^
b00110011101 ]
b001101110001110100100 n
b001001100010100100000 m
b001001100010100100000 l
b000110000011110011000 k
#675200
0*
0B
#675600
1*
1B
b00000000000001101001101 2
b0000 N
b00111111101 \
b00110011101 [
b0100 H
b0101 I
b00000100001 ^
b01101001101 ]
b001011101111010000100 n
b000111011000100111000 m
b000111011000100111000 l
b000100001110001010100 k
b00000000000000000000000000000110 v
b01111101011 t
b01111010001 s
b111111110100001110110 u
#676000
0*
0B
#676400
1*
1B
b00000000000001101001110 2
b0101 H
b011111111111111111111 U
b00000000000000000000000000001110 v
b00000000000000000000000000000110 v
b00001110100 t
b01110011001 s
b111111100101111001110 u
#676800
0*
0B
#677200
1*
1B
b00000000000001101001111 2
b0001 N
b00000100001 \
b01101001101 [
b0010 W
b00001110100 h
b01110011001 g
b0100 X
b00001110100 ^
b01110011001 ]
b000101000000101010100 n
b000000011001001011010 m
b000000011001001011010 l
b000001000010000101111 k
b00001110100 r
b01110011001 q
b01101001101 i
b00000100001 j
b000000000000000000000 u
b00000100001 t
b01101001101 s
b000000011001001011010 u
b0110 I
#677600
0*
0B
#678000
1*
1B
b00000000000001101010000 2
b0000 N
b00111111101 \
b00110011101 [
b0110 H
b0011 X
b0111 I
b00000100001 ^
b01101001101 ]
b001011101111010000100 n
b000111011000100111000 m
b000111011000100111000 l
b000100001110001010100 k
b00000000000000000000000000001110 v
b00000000000000000000000000000110 v
#678400
0*
0B
#678800
1*
1B
b00000000000001101010001 2
b0111 H
b00000 Y
b0100 X
b00000000000000000000000000001110 v
b00000000000000000000000000000110 v
b1001 I
#679200
0*
0B
#679600
1*
1B
b00000000000001101010010 2
b1001 H
b11111 Y
b0111 M
b00000000000000000000000000001101 v
b00000000000000000000000000000110 v
b1000 I
#680000
0*
0B
#680400
1*
1B
b00000000000001101010011 2
b1000 H
b0111 L
b01111101011 h
b01111001101 d
b00110001101 \
b01111010001 g
b01010100101 c
b01111111111 [
1E
1-
b00000000000000000000000000001110 v
b00000000000000000000000000000110 v
b01111101011 r
b01111010001 q
b0001 I
b01111111111 i
b01000010000 j
b00111111101 f
b01000010000 ^
b000000000000000000000 n
b000000000000000000000 m
b000000000000000000000 l
b000000110101100001011 k
b00110011101 e
b01111111111 ]
b111100001100100111100 u
b01000010000 t
b01111111111 s
b000000111100001000001 k
b000000001011110001010 u
#680800
0*
0B
#681200
1*
1B
b00000000000001101010100 2
b0001 H
0E
0-
b00000000000000000000000000001110 v
b00000000000000000000000000000110 v
#681300
b00101000 ;
b100 <
b01111 ,
b01111 D
#681600
0*
0B
#682000
1*
1B
b00000000000001101010101 2
b0001 N
b01000010000 \
b0111100000 J
b00111100000 a
b01111101011 ^
b01111010001 ]
b001001100001011001010 n
b000011100100000101001 k
b00000000000000000000000000001110 v
b00000000000000000000000000000110 v
b00111100000 o
b001000000011100001111 m
b001000000011100001111 l
b001000000011100001111 u
#682100
b011 <
b11011 ,
b11011 D
#682400
0*
0B
#682800
1*
1B
b00000000000001101010110 2
b0010 N
b01111101011 \
b01111010001 [
b0111111011 J
b00111111011 a
b01111001101 ^
b01010100101 ]
b010001111100101101000 n
b000101000111100010100 m
b000101000111100010100 l
b000101001100110111110 k
b00000000000000000000000000001110 v
b00000000000000000000000000000110 v
b00111111011 o
b000111101010011110110 u
#682900
b010 <
b11101 ,
b11101 D
#683200
0*
0B
#683600
1*
1B
b00000000000001101010111 2
b0011 N
b01111001101 \
b01010100101 [
b1110100000 K
b01110100000 b
b00111111101 ^
b00110011101 ]
b000000111100011001101 n
b111101111101001001000 m
b111101111101001001000 l
1Z
b000110000011110011000 k
b00000000000000000000000000001110 v
b00000000000000000000000000000110 v
b01110100000 p
b000110111010110001100 u
#683700
b001 <
b11100 ,
b11100 D
#684000
0*
0B
#684400
1*
1B
b00000000000001101011000 2
b000 <
b0100 N
b00111111101 \
b00110011101 [
b1110111100 K
b01110111100 b
b00000 ,
b00000 D
b0010 I
b00000100001 ^
b01101001101 ]
b000110010111100000101 n
b000111010000100011000 m
b000111010000100011000 l
0Z
b000100001110001010100 k
b00000000000000000000000000001110 v
b00000000000000000000000000000110 v
b01110111100 p
b000110111000010000100 u
#684800
0*
0B
#685200
1*
1B
b00000000000001101011001 2
b0000 N
b00110001101 \
b01111111111 [
b0010 H
b01000010000 ^
b01111111111 ]
b010001101010010110001 n
b000010000100000001100 m
b000010000100000001100 l
b000000111100001000001 k
b00000000000000000000000000001110 v
b00000000000000000000000000000110 v
#685600
0*
0B
#686000
1*
1B
b00000000000001101011010 2
b0001 N
b01000010000 \
b01111101011 ^
b01111010001 ]
b001101101101110100000 n
b000110111000010000100 m
b000110111000010000100 l
b000011100100000101001 k
#686400
0*
0B
#686800
1*
1B
b00000000000001101011011 2
b0010 N
b01111101011 \
b01111010001 [
b01111001101 ^
b01010100101 ]
b000110110011110000101 n
b000000000000000000000 m
b000000000000000000000 l
b000101001100110111110 k
#687200
0*
0B
#687600
1*
1B
b00000000000001101011100 2
b0011 N
b01111001101 \
b01010100101 [
b00111111101 ^
b00110011101 ]
b000000111001000000101 n
b111101101110101101000 m
b111101101110101101000 l
1Z
b000110000011110011000 k
b0011 I
#688000
0*
0B
#688400
1*
1B
b00000000000001101011101 2
b0000 N
b00110001101 \
b01111111111 [
b0011 H
b01000010000 ^
b01111111111 ]
b010001101010010110001 n
b000010000100000001100 m
b000010000100000001100 l
0Z
b000000111100001000001 k
b00000000000000000000000000001110 v
b00000000000000000000000000000110 v
#688800
0*
0B
#689200
1*
1B
b00000000000001101011110 2
b0001 N
b01000010000 \
b010001101010010110001 U
b0000 T
b0000 V
b00110001101 d
b01111111111 c
b0000 W
b00110001101 h
b01111111111 g
b01111101011 ^
b01111010001 ]
b001101101101110100000 n
b000110111000010000100 m
b000110111000010000100 l
b000011100100000101001 k
b00000000000000000000000000001110 v
b01111111111 e
b01000010000 f
b00110001101 r
b01111111111 q
b01110011001 i
b00001110100 j
b111101111011111110100 u
b00001110100 t
b01110011001 s
b000110001010100011110 u
#689600
0*
0B
#690000
1*
1B
b00000000000001101011111 2
b0010 N
b01111101011 \
b01111010001 [
b001101101101110100000 U
b0001 T
b0001 V
b01000010000 d
b0001 W
b01000010000 h
b01111001101 ^
b01010100101 ]
b000110110011110000101 n
b000000000000000000000 m
b000000000000000000000 l
b000101001100110111110 k
b01111010001 e
b01111101011 f
b01000010000 r
b01111111111 i
b00110001101 j
b000111110100011111000 u
b00110001101 t
b01111111111 s
b000010000100000001100 u
#690400
0*
0B
#690800
1*
1B
b00000000000001101100000 2
b0011 N
b01111001101 \
b01010100101 [
b000110110011110000101 U
b0010 T
b0010 V
b01111101011 d
b01111010001 c
b0010 W
b01111101011 h
b01111010001 g
b00111111101 ^
b00110011101 ]
b000000111001000000101 n
b111101101110101101000 m
b111101101110101101000 l
1Z
b000110000011110011000 k
b01010100101 e
b01111001101 f
b01111101011 r
b01111010001 q
b01000010000 j
b001000110000100000110 u
b01000010000 t
b000110111000010000100 u
#691200
0*
0B
#691600
1*
1B
b00000000000001101100001 2
b0100 N
b00111111101 \
b00110011101 [
b000000111001000000101 U
b0011 T
b0011 V
b01111001101 d
b01010100101 c
b0011 W
b01111001101 h
b01010100101 g
b00000100001 ^
b01101001101 ]
b000110010111100000101 n
b000111010000100011000 m
b000111010000100011000 l
0Z
b000100001110001010100 k
b00110011101 e
b00111111101 f
b01111001101 r
b01010100101 q
b01111010001 i
b01111101011 j
b000010011111001111100 u
b01111101011 t
b01111010001 s
b000000000000000000000 u
#692000
0*
0B
#692400
1*
1B
b00000000000001101100010 2
b0101 N
b00000100001 \
b01101001101 [
b00001110100 ^
b01110011001 ]
b011101011111000011101 n
b000010111111110011010 m
b000010111111110011010 l
b000001000010000101111 k
#692800
0*
0B
#693200
1*
1B
b00000000000001101100011 2
b0110 N
b00001110100 \
b01110011001 [
b0100 I
b00110001101 ^
b01111111111 ]
b011010110000111000100 n
b000110001010100011110 m
b000110001010100011110 l
b000010000100110000101 k
#693600
0*
0B
#694000
1*
1B
b00000000000001101100100 2
b0000 N
b00110001101 \
b01111111111 [
b0100 H
b01000010000 ^
b010001101010010110001 n
b000010000100000001100 m
b000010000100000001100 l
b000000111100001000001 k
b00000000000000000000000000000110 v
b00111111101 t
b00110011101 s
b000010010001010011000 u
#694400
0*
0B
#694800
1*
1B
b00000000000001101100101 2
b0001 N
b01000010000 \
b011111111111111111111 U
b0100 V
b00111111101 d
b00110011101 c
b01111101011 ^
b01111010001 ]
b001101101101110100000 n
b000110111000010000100 m
b000110111000010000100 l
b000011100100000101001 k
b00000000000000000000000000001110 v
b01101001101 e
b00000100001 f
b00000100001 t
b01101001101 s
b00111111101 r
b00110011101 q
b111000101111011101000 u
b0101 I
#695200
0*
0B
#695600
1*
1B
b00000000000001101100110 2
b0000 N
b00110001101 \
b0101 H
b01000010000 ^
b01111111111 ]
b010001101010010110001 n
b000010000100000001100 m
b000010000100000001100 l
b000000111100001000001 k
b00000000000000000000000000000110 v
b01111101011 t
b01111010001 s
b01111001101 r
b01010100101 q
b000000000000000000000 u
#696000
0*
0B
#696400
1*
1B
b00000000000001101100111 2
b0001 N
b01000010000 \
b0010 W
b01111101011 h
b01111010001 g
b01111101011 ^
b01111010001 ]
b001101101101110100000 n
b000110111000010000100 m
b000110111000010000100 l
b000011100100000101001 k
b01111101011 r
b01111010001 q
b01111111111 i
b01000010000 j
b000000000000000000000 u
b01000010000 t
b01111111111 s
b000110111000010000100 u
b0110 I
#696800
0*
0B
#697200
1*
1B
b00000000000001101101000 2
b0000 N
b00110001101 \
b0110 H
b0011 X
b01000010000 ^
b01111111111 ]
b010001101010010110001 n
b000010000100000001100 m
b000010000100000001100 l
b000000111100001000001 k
b00000000000000000000000000001110 v
b00000000000000000000000000000110 v
#697600
0*
0B
#698000
1*
1B
b00000000000001101101001 2
b0001 N
b01000010000 \
b001 S
b00000 Y
b0100 X
b0111 I
b01111101011 ^
b01111010001 ]
b001101101101110100000 n
b000110111000010000100 m
b000110111000010000100 l
b000011100100000101001 k
b00000000000000000000000000001110 v
b00000000000000000000000000000110 v
#698400
0*
0B
#698800
1*
1B
b00000000000001101101010 2
b0000 N
b00110001101 \
b0111 H
b00010 Y
b0101 X
b01000010000 ^
b01111111111 ]
b010001101010010110001 n
b000010000100000001100 m
b000010000100000001100 l
b000000111100001000001 k
b1010100101 F
b1010100101 .
1G
1/
b00000000000000000000000000001110 v
b00000000000000000000000000000110 v
#699200
0*
0B
#699600
1*
1B
b00000000000001101101011 2
1@
b1010100101 =
b0001 N
b01000010000 \
b00001 Y
b01111101011 ^
b01111010001 ]
b001101101101110100000 n
b000110111000010000100 m
b000110111000010000100 l
b000011100100000101001 k
b1111001101 F
b1111001101 .
#700000
0*
0B
#700400
1*
1B
b1111001101 >
b00000000000000000000000000000000 ?
b00000000000000000000000000000001 ?
b00011000 3
b00000000000001101101100 2
0@
b0010 N
b01111101011 \
b01111010001 [
b00000 Y
b1001 I
b01111001101 ^
b01010100101 ]
b000110110011110000101 n
b000000000000000000000 m
b000000000000000000000 l
b000101001100110111110 k
bxxxxxxxxxx F
bxxxxxxxxxx .
0G
0/
#700800
0*
0B
#701200
1*
1B
b0000001010 9
b00000000000001101101101 2
b0000 N
b00110001101 \
b01111111111 [
b1001 H
b11111 Y
b1000 I
b01000010000 ^
b01111111111 ]
b010001101010010110001 n
b000010000100000001100 m
b000010000100000001100 l
b000000111100001000001 k
b00000000000000000000000000001101 v
b00000000000000000000000000000110 v
#701600
0*
0B
#702000
1*
1B
b00000000000001101101110 2
b1000 H
b00000100001 h
b00110001101 d
b01110111100 \
b01101001101 g
b01111111111 c
b00111111011 [
1E
1-
b00000000000000000000000000001110 v
b00000000000000000000000000000110 v
b00000100001 r
b01101001101 q
b0001 I
b00111111101 j
b01000010000 f
b00111111101 ^
b000000000000000000000 n
b000000000000000000000 m
b000000000000000000000 l
b111011010101000110111 k
1Z
b00110011101 i
b01111111111 e
b00110011101 ]
b110101111000010101100 u
b00111111101 t
b00110011101 s
b000101011000011101111 k
0Z
b000111010000100011000 u
#702400
0*
0B
#702800
1*
1B
b00000000000001101101111 2
b0001 H
b000 S
0E
0-
b00000000000000000000000000001110 v
b00000000000000000000000000000110 v
#702900
b00101001 ;
b100 <
b10000 ,
b10000 D
#703200
0*
0B
#703600
1*
1B
b00000000000001101110000 2
b0001 N
b00111111101 \
b00110011101 [
b1000000000 J
b01000000000 a
b00000100001 ^
b01101001101 ]
b000110011001011001010 n
b000111010101001100100 m
b000111010101001100100 l
b000100001110001010100 k
b00000000000000000000000000001110 v
b00000000000000000000000000000110 v
b01000000000 o
b000111010101001100100 u
#703700
b011 <
b00000 ,
b00000 D
#704000
0*
0B
#704400
1*
1B
b00000000000001101110001 2
b0010 N
b00000100001 \
b01101001101 [
b00001110100 ^
b01110011001 ]
b011101011000100000010 n
b000010111110111111011 m
b000010111110111111011 l
b000001000010000101111 k
#704500
b010 <
b11100 ,
b11100 D
#704800
0*
0B
#705200
1*
1B
b00000000000001101110010 2
b0011 N
b00001110100 \
b01110011001 [
b1110000000 K
b01110000000 b
b00110001101 ^
b01111111111 ]
b010111101011000000001 n
b000101111011110111001 m
b000101111011110111001 l
b000010000100110000101 k
b00000000000000000000000000001110 v
b00000000000000000000000000000110 v
b01110000000 p
b000110100010100100100 u
#705300
b001 <
b11110 ,
b11110 D
#705600
0*
0B
#706000
1*
1B
b00000000000001101110011 2
b000 <
b0100 N
b00110001101 \
b01111111111 [
b1110011110 K
b01110011110 b
b00000 ,
b00000 D
b0010 I
b01000010000 ^
b010000100000100100010 n
b000010000010101111101 m
b000010000010101111101 l
b000000111100001000001 k
b00000000000000000000000000001110 v
b00000000000000000000000000000110 v
b01110011110 p
b000110111011111000100 u
#706400
0*
0B
#706800
1*
1B
b00000000000001101110100 2
b0000 N
b01110111100 \
b00111111011 [
b0010 H
b00111111101 ^
b00110011101 ]
b000000000001110011101 n
b000000001001110111111 m
b000000001001110111111 l
b000101011000011101111 k
b00000000000000000000000000001110 v
b00000000000000000000000000000110 v
#707200
0*
0B
#707600
1*
1B
b00000000000001101110101 2
b0001 N
b00111111101 \
b00110011101 [
b00000100001 ^
b01101001101 ]
b000101100110110001010 n
b000110111011111000100 m
b000110111011111000100 l
b000100001110001010100 k
#708000
0*
0B
#708400
1*
1B
b00000000000001101110110 2
b0010 N
b00000100001 \
b01101001101 [
b00001110100 ^
b01110011001 ]
b011011101110000110010 n
b000010111010100010011 m
b000010111010100010011 l
b000001000010000101111 k
#708800
0*
0B
#709200
1*
1B
b00000000000001101110111 2
b0011 N
b00001110100 \
b01110011001 [
b00110001101 ^
b01111111111 ]
b011001001000001010101 n
b000110000001110101101 m
b000110000001110101101 l
b000010000100110000101 k
#709600
0*
0B
#710000
1*
1B
b00000000000001101111000 2
b0100 N
b00110001101 \
b01111111111 [
b01000010000 ^
b010000100000100100010 n
b000010000010101111101 m
b000010000010101111101 l
b000000111100001000001 k
#710400
0*
0B
#710800
1*
1B
b00000000000001101111001 2
b0101 N
b01000010000 \
b01111101011 ^
b01111010001 ]
b001100110011011000101 n
b000110110110010100001 m
b000110110110010100001 l
b000011100100000101001 k
#711200
0*
0B
#711600
1*
1B
b00000000000001101111010 2
b0110 N
b01111101011 \
b01111010001 [
b1011 I
b01110111100 ^
b00111111011 ]
b000110110001111001010 n
b000000011011111111111 m
b000000011011111111111 l
b001000001001011111111 k
#712000
0*
0B
#712400
1*
1B
b00000000000001101111011 2
b0000 N
b01110111100 \
b00111111011 [
b1011 H
b0111 I
b00111111101 ^
b00110011101 ]
b000000000001110011101 n
b000000001001110111111 m
b000000001001110111111 l
b000101011000011101111 k
b00000000000000000000000000001110 v
b00000000000000000000000000000110 v
#712800
0*
0B
#713200
1*
1B
b00000000000001101111100 2
b0111 H
b111 S
b00010 Y
b1000000000 F
b1000000000 .
1G
1/
b00000000000000000000000000001110 v
b00000000000000000000000000000110 v
#713600
0*
0B
#714000
1*
1B
b00000000000001101111101 2
1@
b1000000000 =
b0001 N
b00111111101 \
b00110011101 [
b00001 Y
b00000100001 ^
b01101001101 ]
b000101100110110001010 n
b000110111011111000100 m
b000110111011111000100 l
b000100001110001010100 k
b1110011110 F
b1110011110 .
#714400
0*
0B
#714800
1*
1B
b1110011110 >
b00000000000000000000000000000000 ?
b00000000000000000000000000000001 ?
b00011001 3
b00000000000001101111110 2
0@
b0010 N
b00000100001 \
b01101001101 [
b00000 Y
b1001 I
b00001110100 ^
b01110011001 ]
b011011101110000110010 n
b000010111010100010011 m
b000010111010100010011 l
b000001000010000101111 k
bxxxxxxxxxx F
bxxxxxxxxxx .
0G
0/
#715200
0*
0B
#715600
1*
1B
b0000001001 9
b00000000000001101111111 2
b0000 N
b01110111100 \
b00111111011 [
b1001 H
b11111 Y
b1000 I
b00111111101 ^
b00110011101 ]
b000000000001110011101 n
b000000001001110111111 m
b000000001001110111111 l
b000101011000011101111 k
b00000000000000000000000000001110 v
b00000000000000000000000000000110 v
#716000
0*
0B
#716400
1*
1B
b00000000000001110000000 2
b1000 H
1E
1-
b00000000000000000000000000001110 v
b00000000000000000000000000000110 v
b0001 I
#716800
0*
0B
#717200
1*
1B
b00000000000001110000001 2
b0001 H
b000 S
0E
0-
b00000000000000000000000000001110 v
b00000000000000000000000000000110 v
#717300
b00101010 ;
b100 <
b10010 ,
b10010 D
#717600
0*
0B
#718000
1*
1B
b00000000000001110000010 2
b0001 N
b00111111101 \
b00110011101 [
b1001000000 J
b01001000000 a
b00000100001 ^
b01101001101 ]
b000110000111100001010 n
b000111110111011000100 m
b000111110111011000100 l
b000100001110001010100 k
b00000000000000000000000000001110 v
b00000000000000000000000000000110 v
b01001000000 o
b000111110111011000100 u
#718100
b011 <
b00001 ,
b00001 D
#718400
0*
0B
#718800
1*
1B
b00000000000001110000011 2
b0010 N
b00000100001 \
b01101001101 [
b1001000001 J
b01001000001 a
b00001110100 ^
b01110011001 ]
b011010100001110011001 n
b000010110000000000000 m
b000010110000000000000 l
b000001000010000101111 k
b00000000000000000000000000001110 v
b00000000000000000000000000000110 v
b01001000001 o
b000111111000010100000 u
#718900
b010 <
b10001 ,
b10001 D
#719200
0*
0B
#719600
1*
1B
b00000000000001110000100 2
b0011 N
b00001110100 \
b01110011001 [
b1000100000 K
b01000100000 b
b00110001101 ^
b01111111111 ]
b001001001100111010000 n
b000100010010000100000 m
b000100010010000100000 l
b000010000100110000101 k
b00000000000000000000000000001110 v
b00000000000000000000000000000110 v
b01000100000 p
b000010110110000000000 u
#719700
b001 <
b11101 ,
b11101 D
#720000
0*
0B
#720400
1*
1B
b00000000000001110000101 2
b000 <
b0100 N
b00110001101 \
b01111111111 [
b1000111101 K
b01000111101 b
b00000 ,
b00000 D
b0010 I
b01000010000 ^
b000111000001000000100 n
b000001110010000111010 m
b000001110010000111010 l
b000000111100001000001 k
b00000000000000000000000000001110 v
b00000000000000000000000000000110 v
b01000111101 p
b000011001110011110000 u
#720800
0*
0B
#721200
1*
1B
b00000000000001110000110 2
b0000 N
b01110111100 \
b00111111011 [
b0010 H
b00111111101 ^
b00110011101 ]
b000100101000000100101 n
b000010000011011011100 m
b000010000011011011100 l
b000101011000011101111 k
b00000000000000000000000000001110 v
b00000000000000000000000000000110 v
#721600
0*
0B
#722000
1*
1B
b00000000000001110000111 2
b0001 N
b00111111101 \
b00110011101 [
b00000100001 ^
b01101001101 ]
b000000111100100010000 n
b000011001110011110000 m
b000011001110011110000 l
b000100001110001010100 k
#722400
0*
0B
#722800
1*
1B
b00000000000001110001000 2
b0010 N
b00000100001 \
b01101001101 [
b00001110100 ^
b01110011001 ]
b001011000101110100000 n
b000001111011100110100 m
b000001111011100110100 l
b000001000010000101111 k
#723200
0*
0B
#723600
1*
1B
b00000000000001110001001 2
b0011 N
b00001110100 \
b01110011001 [
b00110001101 ^
b01111111111 ]
b001001111111000010001 n
b000100010111110101110 m
b000100010111110101110 l
b000010000100110000101 k
#724000
0*
0B
#724400
1*
1B
b00000000000001110001010 2
b0100 N
b00110001101 \
b01111111111 [
b01000010000 ^
b000111000001000000100 n
b000001110010000111010 m
b000001110010000111010 l
b000000111100001000001 k
#724800
0*
0B
#725200
1*
1B
b00000000000001110001011 2
b0101 N
b01000010000 \
b01111101011 ^
b01111010001 ]
b000110001000011101101 n
b000110011001101110100 m
b000110011001101110100 l
b000011100100000101001 k
#725600
0*
0B
#726000
1*
1B
b00000000000001110001100 2
b0110 N
b01111101011 \
b01111010001 [
b1011 I
b01110111100 ^
b00111111011 ]
b001010100001101000100 n
b000101100110000000100 m
b000101100110000000100 l
b001000001001011111111 k
#726400
0*
0B
#726800
1*
1B
b00000000000001110001101 2
b0000 N
b01110111100 \
b00111111011 [
b1011 H
b0111 I
b00111111101 ^
b00110011101 ]
b000100101000000100101 n
b000010000011011011100 m
b000010000011011011100 l
b000101011000011101111 k
b00000000000000000000000000001110 v
b00000000000000000000000000000110 v
#727200
0*
0B
#727600
1*
1B
b00000000000001110001110 2
b0111 H
b111 S
b00010 Y
b1001000001 F
b1001000001 .
1G
1/
b00000000000000000000000000001110 v
b00000000000000000000000000000110 v
#728000
0*
0B
#728400
1*
1B
b00000000000001110001111 2
1@
b1001000001 =
b0001 N
b00111111101 \
b00110011101 [
b00001 Y
b00000100001 ^
b01101001101 ]
b000000111100100010000 n
b000011001110011110000 m
b000011001110011110000 l
b000100001110001010100 k
b1000111101 F
b1000111101 .
#728800
0*
0B
#729200
1*
1B
b1000111101 >
b00000000000000000000000000000000 ?
b00000000000000000000000000000001 ?
b00011010 3
b00000000000001110010000 2
0@
b0010 N
b00000100001 \
b01101001101 [
b00000 Y
b1001 I
b00001110100 ^
b01110011001 ]
b001011000101110100000 n
b000001111011100110100 m
b000001111011100110100 l
b000001000010000101111 k
bxxxxxxxxxx F
bxxxxxxxxxx .
0G
0/
#729600
0*
0B
#730000
1*
1B
b0000001000 9
b00000000000001110010001 2
b0000 N
b01110111100 \
b00111111011 [
b1001 H
b11111 Y
b1000 I
b00111111101 ^
b00110011101 ]
b000100101000000100101 n
b000010000011011011100 m
b000010000011011011100 l
b000101011000011101111 k
b00000000000000000000000000001110 v
b00000000000000000000000000000110 v
#730400
0*
0B
#730800
1*
1B
b00000000000001110010010 2
b1000 H
1E
1-
b00000000000000000000000000001110 v
b00000000000000000000000000000110 v
b0001 I
#731200
0*
0B
#731600
1*
1B
b00000000000001110010011 2
b0001 H
b000 S
0E
0-
b00000000000000000000000000001110 v
b00000000000000000000000000000110 v
#731700
b00101011 ;
b100 <
b10000 ,
b10000 D
#732000
0*
0B
#732400
1*
1B
b00000000000001110010100 2
b0001 N
b00111111101 \
b00110011101 [
b1000000000 J
b01000000000 a
b00000100001 ^
b01101001101 ]
b000000011011001001001 n
b000010010010000010100 m
b000010010010000010100 l
b000100001110001010100 k
b00000000000000000000000000001110 v
b00000000000000000000000000000110 v
b01000000000 o
b000010010010000010100 u
#732500
b011 <
b01001 ,
b01001 D
#732800
0*
0B
#733200
1*
1B
b00000000000001110010101 2
b0010 N
b00000100001 \
b01101001101 [
b1000001001 J
b01000001001 a
b00001110100 ^
b01110011001 ]
b001100000110100100000 n
b000010000100101011100 m
b000010000100101011100 l
b000001000010000101111 k
b00000000000000000000000000001110 v
b00000000000000000000000000000110 v
b01000001001 o
b000010011010011010000 u
#733300
b010 <
b01100 ,
b01100 D
#733600
0*
0B
#734000
1*
1B
b00000000000001110010110 2
b0011 N
b00001110100 \
b01110011001 [
b0110000000 K
b00110000000 b
b00110001101 ^
b01111111111 ]
b000111000100110010000 n
b000100010000111011000 m
b000100010000111011000 l
b000010000100110000101 k
b00000000000000000000000000001110 v
b00000000000000000000000000000110 v
b00110000000 p
b111111111010111100000 u
#734100
b001 <
b00110 ,
b00110 D
#734400
0*
0B
#734800
1*
1B
b00000000000001110010111 2
b000 <
b0100 N
b00110001101 \
b01111111111 [
b0110000110 K
b00110000110 b
b00000 ,
b00000 D
b0010 I
b01000010000 ^
b000111101100010010101 n
b000010000000011100010 m
b000010000000011100010 l
b000000111100001000001 k
b00000000000000000000000000001110 v
b00000000000000000000000000000110 v
b00110000110 p
b000000000000000000000 u
#735200
0*
0B
#735600
1*
1B
b00000000000001110011000 2
b0000 N
b01110111100 \
b00111111011 [
b0010 H
b00111111101 ^
b00110011101 ]
b001001110010000101000 n
b000001110100001000110 m
b000001110100001000110 l
b000101011000011101111 k
b00000000000000000000000000001110 v
b00000000000000000000000000000110 v
#736000
0*
0B
#736400
1*
1B
b00000000000001110011001 2
b0001 N
b00111111101 \
b00110011101 [
b00000100001 ^
b01101001101 ]
b000000110010011100001 n
b000000000000000000000 m
b000000000000000000000 l
b000100001110001010100 k
#736800
0*
0B
#737200
1*
1B
b00000000000001110011010 2
b0010 N
b00000100001 \
b01101001101 [
b00001110100 ^
b01110011001 ]
b000111000101111101001 n
b000001101001100001000 m
b000001101001100001000 l
b000001000010000101111 k
#737600
0*
0B
#738000
1*
1B
b00000000000001110011011 2
b0011 N
b00001110100 \
b01110011001 [
b00110001101 ^
b01111111111 ]
b000111001011001000100 n
b000100010010000111100 m
b000100010010000111100 l
b000010000100110000101 k
#738400
0*
0B
#738800
1*
1B
b00000000000001110011100 2
b0100 N
b00110001101 \
b01111111111 [
b01000010000 ^
b000111101100010010101 n
b000010000000011100010 m
b000010000000011100010 l
b000000111100001000001 k
#739200
0*
0B
#739600
1*
1B
b00000000000001110011101 2
b0101 N
b01000010000 \
b01111101011 ^
b01111010001 ]
b001000010001011001000 n
b000111011110000111110 m
b000111011110000111110 l
b000011100100000101001 k
#740000
0*
0B
#740400
1*
1B
b00000000000001110011110 2
b0110 N
b01111101011 \
b01111010001 [
b1011 I
b01110111100 ^
b00111111011 ]
b010001110100000011001 n
b001000001000110110110 m
b001000001000110110110 l
b001000001001011111111 k
#740800
0*
0B
#741200
1*
1B
b00000000000001110011111 2
b0000 N
b01110111100 \
b00111111011 [
b1011 H
b0111 I
b00111111101 ^
b00110011101 ]
b001001110010000101000 n
b000001110100001000110 m
b000001110100001000110 l
b000101011000011101111 k
b00000000000000000000000000001110 v
b00000000000000000000000000000110 v
#741600
0*
0B
#742000
1*
1B
b00000000000001110100000 2
b0111 H
b111 S
b00010 Y
b1000001001 F
b1000001001 .
1G
1/
b00000000000000000000000000001110 v
b00000000000000000000000000000110 v
#742400
0*
0B
#742800
1*
1B
b00000000000001110100001 2
1@
b1000001001 =
b0001 N
b00111111101 \
b00110011101 [
b00001 Y
b00000100001 ^
b01101001101 ]
b000000110010011100001 n
b000000000000000000000 m
b000000000000000000000 l
b000100001110001010100 k
b0110000110 F
b0110000110 .
#743200
0*
0B
#743600
1*
1B
b0110000110 >
b00000000000000000000000000000000 ?
b00000000000000000000000000000001 ?
b00011011 3
b00000000000001110100010 2
0@
b0010 N
b00000100001 \
b01101001101 [
b00000 Y
b1001 I
b00001110100 ^
b01110011001 ]
b000111000101111101001 n
b000001101001100001000 m
b000001101001100001000 l
b000001000010000101111 k
bxxxxxxxxxx F
bxxxxxxxxxx .
0G
0/
#744000
0*
0B
#744400
1*
1B
b0000000111 9
b00000000000001110100011 2
b0000 N
b01110111100 \
b00111111011 [
b1001 H
b11111 Y
b1000 I
b00111111101 ^
b00110011101 ]
b001001110010000101000 n
b000001110100001000110 m
b000001110100001000110 l
b000101011000011101111 k
b00000000000000000000000000001110 v
b00000000000000000000000000000110 v
#744800
0*
0B
#745200
1*
1B
b00000000000001110100100 2
b1000 H
1E
1-
b00000000000000000000000000001110 v
b00000000000000000000000000000110 v
b0001 I
#745600
0*
0B
#746000
1*
1B
b00000000000001110100101 2
b0001 H
b000 S
0E
0-
b00000000000000000000000000001110 v
b00000000000000000000000000000110 v
#746100
b00101100 ;
b100 <
b01100 ,
b01100 D
#746400
0*
0B
#746800
1*
1B
b00000000000001110100110 2
b0001 N
b00111111101 \
b00110011101 [
b0110000000 J
b00110000000 a
b00000100001 ^
b01101001101 ]
b000000011101010011010 n
b111110000000101000100 m
b111110000000101000100 l
1Z
b000100001110001010100 k
b00000000000000000000000000001110 v
b00000000000000000000000000000110 v
b00110000000 o
b111110000000101000100 u
#746900
b011 <
b11101 ,
b11101 D
#747200
0*
0B
#747600
1*
1B
b00000000000001110100111 2
b0010 N
b00000100001 \
b01101001101 [
b0110011101 J
b00110011101 a
b00001110100 ^
b01110011001 ]
b001001100101011011001 n
b000001111011000001100 m
b000001111011000001100 l
0Z
b000001000010000101111 k
b00000000000000000000000000001110 v
b00000000000000000000000000000110 v
b00110011101 o
b111110011011100110000 u
#747700
b010 <
b01111 ,
b01111 D
#748000
0*
0B
#748400
1*
1B
b00000000000001110101000 2
b0011 N
b00001110100 \
b01110011001 [
b0111100000 K
b00111100000 b
b00110001101 ^
b01111111111 ]
b001011111010110100000 n
b000101011111010100100 m
b000101011111010100100 l
b000010000100110000101 k
b00000000000000000000000000001110 v
b00000000000000000000000000000110 v
b00111100000 p
b111111100111100010000 u
#748500
b001 <
b11101 ,
b11101 D
#748800
0*
0B
#749200
1*
1B
b00000000000001110101001 2
b000 <
b0100 N
b00110001101 \
b01111111111 [
b0111111101 K
b00111111101 b
b00000 ,
b00000 D
b0010 I
b01000010000 ^
b001011101111010000100 n
b000010011100000100110 m
b000010011100000100110 l
b000000111100001000001 k
b00000000000000000000000000001110 v
b00000000000000000000000000000110 v
b00111111101 p
b000000000000000000000 u
#749600
0*
0B
#750000
1*
1B
b00000000000001110101010 2
b0000 N
b01110111100 \
b00111111011 [
b0010 H
b00111111101 ^
b00110011101 ]
b000110010111100000101 n
b000000000000000000000 m
b000000000000000000000 l
b000101011000011101111 k
b00000000000000000000000000001110 v
b00000000000000000000000000000110 v
#750400
0*
0B
#750800
1*
1B
b00000000000001110101011 2
b0001 N
b00111111101 \
b00110011101 [
b00000100001 ^
b01101001101 ]
b000000000000000000000 n
b000000000000000000000 m
b000000000000000000000 l
b000100001110001010100 k
#751200
0*
0B
#751600
1*
1B
b00000000000001110101100 2
b0010 N
b00000100001 \
b01101001101 [
b00001110100 ^
b01110011001 ]
b001100100111000010000 n
b000010001100101100000 m
b000010001100101100000 l
b000001000010000101111 k
#752000
0*
0B
#752400
1*
1B
b00000000000001110101101 2
b0011 N
b00001110100 \
b01110011001 [
b00110001101 ^
b01111111111 ]
b001100100101101100001 n
b000101100101000110010 m
b000101100101000110010 l
b000010000100110000101 k
#752800
0*
0B
#753200
1*
1B
b00000000000001110101110 2
b0100 N
b00110001101 \
b01111111111 [
b01000010000 ^
b001011101111010000100 n
b000010011100000100110 m
b000010011100000100110 l
b000000111100001000001 k
#753600
0*
0B
#754000
1*
1B
b00000000000001110101111 2
b0101 N
b01000010000 \
b01111101011 ^
b01111010001 ]
b001011010111011101101 n
b001000110111101000000 m
b001000110111101000000 l
b000011100100000101001 k
#754400
0*
0B
#754800
1*
1B
b00000000000001110110000 2
b0110 N
b01111101011 \
b01111010001 [
b1011 I
b01110111100 ^
b00111111011 ]
b010001001001111010100 n
b000110010001101101000 m
b000110010001101101000 l
b001000001001011111111 k
#755200
0*
0B
#755600
1*
1B
b00000000000001110110001 2
b0000 N
b01110111100 \
b00111111011 [
b1011 H
b0111 I
b00111111101 ^
b00110011101 ]
b000110010111100000101 n
b000000000000000000000 m
b000000000000000000000 l
b000101011000011101111 k
b00000000000000000000000000001110 v
b00000000000000000000000000000110 v
#756000
0*
0B
#756400
1*
1B
b00000000000001110110010 2
b0111 H
b111 S
b00010 Y
b0110011101 F
b0110011101 .
1G
1/
b00000000000000000000000000001110 v
b00000000000000000000000000000110 v
#756800
0*
0B
#757200
1*
1B
b00000000000001110110011 2
1@
b0110011101 =
b0001 N
b00111111101 \
b00110011101 [
b00001 Y
b00000100001 ^
b01101001101 ]
b000000000000000000000 n
b000000000000000000000 m
b000000000000000000000 l
b000100001110001010100 k
b0111111101 F
b0111111101 .
#757600
0*
0B
#758000
1*
1B
b0111111101 >
b00000000000000000000000000000000 ?
b00000000000000000000000000000001 ?
b00011100 3
b00000000000001110110100 2
0@
b0010 N
b00000100001 \
b01101001101 [
b00000 Y
b1001 I
b00001110100 ^
b01110011001 ]
b001100100111000010000 n
b000010001100101100000 m
b000010001100101100000 l
b000001000010000101111 k
bxxxxxxxxxx F
bxxxxxxxxxx .
0G
0/
#758400
0*
0B
#758800
1*
1B
b0000000110 9
b00000000000001110110101 2
b0000 N
b01110111100 \
b00111111011 [
b1001 H
b11111 Y
b1000 I
b00111111101 ^
b00110011101 ]
b000110010111100000101 n
b000000000000000000000 m
b000000000000000000000 l
b000101011000011101111 k
b00000000000000000000000000001110 v
b00000000000000000000000000000110 v
#759200
0*
0B
#759600
1*
1B
b00000000000001110110110 2
b1000 H
1E
1-
b00000000000000000000000000001110 v
b00000000000000000000000000000110 v
b0001 I
#760000
0*
0B
#760400
1*
1B
b00000000000001110110111 2
b0001 H
b000 S
0E
0-
b00000000000000000000000000001110 v
b00000000000000000000000000000110 v
#760500
b00101101 ;
b100 <
b01110 ,
b01110 D
#760800
0*
0B
#761200
1*
1B
b00000000000001110111000 2
b0001 N
b00111111101 \
b00110011101 [
b0111000000 J
b00111000000 a
b00000100001 ^
b01101001101 ]
b000000000010011001001 n
b000000100000100010100 m
b000000100000100010100 l
b000100001110001010100 k
b00000000000000000000000000001110 v
b00000000000000000000000000000110 v
b00111000000 o
b000000100000100010100 u
#761300
b011 <
b11101 ,
b11101 D
#761600
0*
0B
#762000
1*
1B
b00000000000001110111001 2
b0010 N
b00000100001 \
b01101001101 [
b0111011101 J
b00111011101 a
b00001110100 ^
b01110011001 ]
b001011000011000010000 n
b000010000010010100000 m
b000010000010010100000 l
b000001000010000101111 k
b00000000000000000000000000001110 v
b00000000000000000000000000000110 v
b00111011101 o
b000000111011100000000 u
#762100
b010 <
b10011 ,
b10011 D
#762400
0*
0B
#762800
1*
1B
b00000000000001110111010 2
b0011 N
b00001110100 \
b01110011001 [
b1001100000 K
b01001100000 b
b00110001101 ^
b01111111111 ]
b001101011001110100000 n
b000101010101101100100 m
b000101010101101100100 l
b000010000100110000101 k
b00000000000000000000000000001110 v
b00000000000000000000000000000110 v
b01001100000 p
b000010001111000010000 u
#762900
b001 <
b10100 ,
b10100 D
#763200
0*
0B
#763600
1*
1B
b00000000000001110111011 2
b000 <
b0100 N
b00110001101 \
b01111111111 [
b1001110100 K
b01001110100 b
b00000 ,
b00000 D
b0010 I
b01000010000 ^
b001010101110011110101 n
b000010001011101100110 m
b000010001011101100110 l
b000000111100001000001 k
b00000000000000000000000000001110 v
b00000000000000000000000000000110 v
b01001110100 p
b000010011111111010000 u
#764000
0*
0B
#764400
1*
1B
b00000000000001110111100 2
b0000 N
b01110111100 \
b00111111011 [
b0010 H
b00111111101 ^
b00110011101 ]
b000011010011111000100 n
b000000100010000001110 m
b000000100010000001110 l
b000101011000011101111 k
b00000000000000000000000000001110 v
b00000000000000000000000000000110 v
#764800
0*
0B
#765200
1*
1B
b00000000000001110111101 2
b0001 N
b00111111101 \
b00110011101 [
b00000100001 ^
b01101001101 ]
b000000100011101010001 n
b000010011111111010000 m
b000010011111111010000 l
b000100001110001010100 k
#765600
0*
0B
#766000
1*
1B
b00000000000001110111110 2
b0010 N
b00000100001 \
b01101001101 [
b00001110100 ^
b01110011001 ]
b001110111011111101001 n
b000010010011111110100 m
b000010010011111110100 l
b000001000010000101111 k
#766400
0*
0B
#766800
1*
1B
b00000000000001110111111 2
b0011 N
b00001110100 \
b01110011001 [
b00110001101 ^
b01111111111 ]
b001110000001000010000 n
b000101011001101011100 m
b000101011001101011100 l
b000010000100110000101 k
#767200
0*
0B
#767600
1*
1B
b00000000000001111000000 2
b0100 N
b00110001101 \
b01111111111 [
b01000010000 ^
b001010101110011110101 n
b000010001011101100110 m
b000010001011101100110 l
b000000111100001000001 k
#768000
0*
0B
#768400
1*
1B
b00000000000001111000001 2
b0101 N
b01000010000 \
b01111101011 ^
b01111010001 ]
b001001011001110010100 n
b000111110001100011110 m
b000111110001100011110 l
b000011100100000101001 k
#768800
0*
0B
#769200
1*
1B
b00000000000001111000010 2
b0110 N
b01111101011 \
b01111010001 [
b1011 I
b01110111100 ^
b00111111011 ]
b001011111010111100001 n
b000100101010010101110 m
b000100101010010101110 l
b001000001001011111111 k
#769600
0*
0B
#770000
1*
1B
b00000000000001111000011 2
b0000 N
b01110111100 \
b00111111011 [
b1011 H
b0111 I
b00111111101 ^
b00110011101 ]
b000011010011111000100 n
b000000100010000001110 m
b000000100010000001110 l
b000101011000011101111 k
b00000000000000000000000000001110 v
b00000000000000000000000000000110 v
#770400
0*
0B
#770800
1*
1B
b00000000000001111000100 2
b0111 H
b111 S
b00010 Y
b0111011101 F
b0111011101 .
1G
1/
b00000000000000000000000000001110 v
b00000000000000000000000000000110 v
#771200
0*
0B
#771600
1*
1B
b00000000000001111000101 2
1@
b0111011101 =
b0001 N
b00111111101 \
b00110011101 [
b00001 Y
b00000100001 ^
b01101001101 ]
b000000100011101010001 n
b000010011111111010000 m
b000010011111111010000 l
b000100001110001010100 k
b1001110100 F
b1001110100 .
#772000
0*
0B
#772400
1*
1B
b1001110100 >
b00000000000000000000000000000000 ?
b00000000000000000000000000000001 ?
b00011101 3
b00000000000001111000110 2
0@
b0010 N
b00000100001 \
b01101001101 [
b00000 Y
b1001 I
b00001110100 ^
b01110011001 ]
b001110111011111101001 n
b000010010011111110100 m
b000010010011111110100 l
b000001000010000101111 k
bxxxxxxxxxx F
bxxxxxxxxxx .
0G
0/
#772800
0*
0B
#773200
1*
1B
b0000000011 9
b00000000000001111000111 2
b0000 N
b01110111100 \
b00111111011 [
b1001 H
b11111 Y
b1000 I
b00111111101 ^
b00110011101 ]
b000011010011111000100 n
b000000100010000001110 m
b000000100010000001110 l
b000101011000011101111 k
b00000000000000000000000000001110 v
b00000000000000000000000000000110 v
#773600
0*
0B
#774000
1*
1B
b00000000000001111001000 2
b1000 H
1E
1-
b00000000000000000000000000001110 v
b00000000000000000000000000000110 v
b0001 I
#774400
0*
0B
#774800
1*
1B
b00000000000001111001001 2
b0001 H
b000 S
0E
0-
b00000000000000000000000000001110 v
b00000000000000000000000000000110 v
#774900
b00101110 ;
b100 <
b10011 ,
b10011 D
#775200
0*
0B
#775600
1*
1B
b00000000000001111001010 2
b0001 N
b00111111101 \
b00110011101 [
b1001100000 J
b01001100000 a
b00000100001 ^
b01101001101 ]
b000001100101111011010 n
b000100011001101100100 m
b000100011001101100100 l
b000100001110001010100 k
b00000000000000000000000000001110 v
b00000000000000000000000000000110 v
b01001100000 o
b000100011001101100100 u
#775700
b011 <
#776000
0*
0B
#776400
1*
1B
b00000000000001111001011 2
b0010 N
b00000100001 \
b01101001101 [
b1001110011 J
b01001110011 a
b00001110100 ^
b01110011001 ]
b001100010000010001101 n
b000001111011101010010 m
b000001111011101010010 l
b000001000010000101111 k
b00000000000000000000000000001110 v
b00000000000000000000000000000110 v
b01001110011 o
b000100101011010111000 u
#776500
b010 <
b00100 ,
b00100 D
#776800
0*
0B
#777200
1*
1B
b00000000000001111001100 2
b0011 N
b00001110100 \
b01110011001 [
b0010000000 K
b00010000000 b
b00110001101 ^
b01111111111 ]
b000010101001000110100 n
b000010100011101111110 m
b000010100011101111110 l
b000010000100110000101 k
b00000000000000000000000000001110 v
b00000000000000000000000000000110 v
b00010000000 p
b111110000101011111000 u
#777300
b001 <
b11010 ,
b11010 D
#777600
0*
0B
#778000
1*
1B
b00000000000001111001101 2
b000 <
b0100 N
b00110001101 \
b01111111111 [
b0010011010 K
b00010011010 b
b00000 ,
b00000 D
b0010 I
b01000010000 ^
b000110100101100111001 n
b000001100101010100100 m
b000001100101010100100 l
b000000111100001000001 k
b00000000000000000000000000001110 v
b00000000000000000000000000000110 v
b00010011010 p
b111110011011011011000 u
#778400
0*
0B
#778800
1*
1B
b00000000000001111001110 2
b0000 N
b01110111100 \
b00111111011 [
b0010 H
b00111111101 ^
b00110011101 ]
b010100000100011000100 n
b000011111100000000100 m
b000011111100000000100 l
b000101011000011101111 k
b00000000000000000000000000001110 v
b00000000000000000000000000000110 v
#779200
0*
0B
#779600
1*
1B
b00000000000001111001111 2
b0001 N
b00111111101 \
b00110011101 [
b00000100001 ^
b01101001101 ]
b000101001111100101101 n
b111110011011011011000 m
b111110011011011011000 l
1Z
b000100001110001010100 k
b0011 I
#780000
0*
0B
#780400
1*
1B
b00000000000001111010000 2
b0000 N
b01110111100 \
b00111111011 [
b0011 H
b00111111101 ^
b00110011101 ]
b010100000100011000100 n
b000011111100000000100 m
b000011111100000000100 l
0Z
b000101011000011101111 k
b00000000000000000000000000001110 v
b00000000000000000000000000000110 v
#780800
0*
0B
#781200
1*
1B
b00000000000001111010001 2
b0001 N
b00111111101 \
b00110011101 [
b010100000100011000100 U
b0000 T
b0000 V
b01110111100 d
b00111111011 c
b0000 W
b01110111100 h
b00111111011 g
b00000100001 ^
b01101001101 ]
b000101001111100101101 n
b111110011011011011000 m
b111110011011011011000 l
1Z
b000100001110001010100 k
b00000000000000000000000000001110 v
b00110011101 e
b00111111101 f
b01110111100 r
b00111111011 q
b01111010001 i
b01111101011 j
b111100000011111111100 u
b01111101011 t
b01111010001 s
b001011101011001110100 u
#781600
0*
0B
#782000
1*
1B
b00000000000001111010010 2
b0010 N
b00000100001 \
b01101001101 [
b000101001111100101101 U
b0001 T
b0001 V
b00111111101 d
b00110011101 c
b0001 W
b00111111101 h
b00110011101 g
b00001110100 ^
b01110011001 ]
b000001111001011010101 n
b000000110101010011010 m
b000000110101010011010 l
0Z
b000001000010000101111 k
b01101001101 e
b00000100001 f
b00111111101 r
b00110011101 q
b00111111011 i
b01110111100 j
b001001010101100010000 u
b01110111100 t
b00111111011 s
b000011111100000000100 u
#782400
0*
0B
#782800
1*
1B
b00000000000001111010011 2
b0011 N
b00001110100 \
b01110011001 [
b000001111001011010101 U
b0010 T
b0010 V
b00000100001 d
b01101001101 c
b0010 W
b00000100001 h
b01101001101 g
b00110001101 ^
b01111111111 ]
b000010101011101001000 n
b000010101000111011010 m
b000010101000111011010 l
b000010000100110000101 k
b01110011001 e
b00001110100 f
b00000100001 r
b01101001101 q
b00110011101 i
b00111111101 j
b111011000110111000100 u
b00111111101 t
b00110011101 s
b111110011011011011000 u
#783200
0*
0B
#783600
1*
1B
b00000000000001111010100 2
b0100 N
b00110001101 \
b01111111111 [
b01000010000 ^
b000110100101100111001 n
b000001100101010100100 m
b000001100101010100100 l
b000000111100001000001 k
#784000
0*
0B
#784400
1*
1B
b00000000000001111010101 2
b0101 N
b01000010000 \
b01111101011 ^
b01111010001 ]
b001001000011011110100 n
b000110010000111111000 m
b000110010000111111000 l
b000011100100000101001 k
#784800
0*
0B
#785200
1*
1B
b00000000000001111010110 2
b0110 N
b01111101011 \
b01111010001 [
b0100 I
b01110111100 ^
b00111111011 ]
b011001101111000100101 n
b001011101011001110100 m
b001011101011001110100 l
b001000001001011111111 k
#785600
0*
0B
#786000
1*
1B
b00000000000001111010111 2
b0000 N
b01110111100 \
b00111111011 [
b0100 H
b0101 I
b00111111101 ^
b00110011101 ]
b010100000100011000100 n
b000011111100000000100 m
b000011111100000000100 l
b000101011000011101111 k
b00000000000000000000000000000110 v
b00001110100 t
b01110011001 s
b111111001010101100110 u
#786400
0*
0B
#786800
1*
1B
b00000000000001111011000 2
b0101 H
b011111111111111111111 U
b00000000000000000000000000001110 v
b00000000000000000000000000000110 v
b00111111101 t
b00110011101 s
b111110011011011011000 u
#787200
0*
0B
#787600
1*
1B
b00000000000001111011001 2
b0001 N
b00111111101 \
b00110011101 [
b0001 W
b00111111101 h
b00110011101 g
b0011 X
b00000100001 ^
b01101001101 ]
b000101001111100101101 n
b111110011011011011000 m
b111110011011011011000 l
1Z
b000100001110001010100 k
b00111111101 r
b00110011101 q
b00111111011 i
b01110111100 j
b000000000000000000000 u
b01110111100 t
b00111111011 s
b000011111100000000100 u
b0110 I
#788000
0*
0B
#788400
1*
1B
b00000000000001111011010 2
b0000 N
b01110111100 \
b00111111011 [
b0110 H
b0010 X
b0111 I
b00111111101 ^
b00110011101 ]
b010100000100011000100 n
b000011111100000000100 m
b000011111100000000100 l
0Z
b000101011000011101111 k
b00000000000000000000000000001110 v
b00000000000000000000000000000110 v
#788800
0*
0B
#789200
1*
1B
b00000000000001111011011 2
b0111 H
b00000 Y
b0011 X
b00000000000000000000000000001110 v
b00000000000000000000000000000110 v
b1001 I
#789600
0*
0B
#790000
1*
1B
b00000000000001111011100 2
b1001 H
b11111 Y
b1000 M
b00000000000000000000000000001101 v
b00000000000000000000000000000110 v
b1000 I
#790400
0*
0B
#790800
1*
1B
b00000000000001111011101 2
b1000 H
b1000 L
b00000100001 h
b00001110100 d
b00010011010 \
b01101001101 g
b01110011001 c
b01001110011 [
1E
1-
b00000000000000000000000000001110 v
b00000000000000000000000000000110 v
b00000100001 r
b01101001101 q
b0001 I
b01001110011 i
b00010011010 j
b00110001101 f
b00000100001 ^
b000000000000000000000 n
b000000000000000000000 m
b000000000000000000000 l
b111110111000100010101 k
1Z
b01111111111 e
b01101001101 ]
b111011000110111000100 u
b00010011010 t
b01001110011 s
b000010010101100110101 k
0Z
b000000000000000000000 u
#791200
0*
0B
#791600
1*
1B
b00000000000001111011110 2
b0001 H
0E
0-
b00000000000000000000000000001110 v
b00000000000000000000000000000110 v
#791700
b00101111 ;
b100 <
b10000 ,
b10000 D
#792000
0*
0B
#792400
1*
1B
b00000000000001111011111 2
b0001 N
b00000100001 \
b01101001101 [
b1000000000 J
b01000000000 a
b00001110100 ^
b01110011001 ]
b000011110101001011010 n
b000001000111111100011 m
b000001000111111100011 l
b000001000010000101111 k
b00000000000000000000000000001110 v
b00000000000000000000000000000110 v
b01000000000 o
b111111100100110100101 u
#792500
b011 <
#792800
0*
0B
#793200
1*
1B
b00000000000001111100000 2
b0010 N
b00001110100 \
b01110011001 [
b1000010000 J
b01000010000 a
b00110001101 ^
b01111111111 ]
b000100110000011110101 n
b000011011111010000101 m
b000011011111010000101 l
b000010000100110000101 k
b00000000000000000000000000001110 v
b00000000000000000000000000000110 v
b01000010000 o
b111111101000100110101 u
#793300
b010 <
b00111 ,
b00111 D
#793600
0*
0B
#794000
1*
1B
b00000000000001111100001 2
b0011 N
b00110001101 \
b01111111111 [
b0011100000 K
b00011100000 b
b01000010000 ^
b001000011001000001010 n
b000001111110101001101 m
b000001111110101001101 l
b000000111100001000001 k
b00000000000000000000000000001110 v
b00000000000000000000000000000110 v
b00011100000 p
b000000000110011010001 u
#794100
b001 <
b00101 ,
b00101 D
#794400
0*
0B
#794800
1*
1B
b00000000000001111100010 2
b000 <
b0100 N
b01000010000 \
b0011100101 K
b00011100101 b
b00000 ,
b00000 D
b0010 I
b01111101011 ^
b01111010001 ]
b001010001101001011010 n
b000111100110000101111 m
b000111100110000101111 l
b000011100100000101001 k
b00000000000000000000000000001110 v
b00000000000000000000000000000110 v
b00011100101 p
b000000001000100010011 u
#795200
0*
0B
#795600
1*
1B
b00000000000001111100011 2
b0000 N
b00010011010 \
b01001110011 [
b0010 H
b00000100001 ^
b01101001101 ]
b000000011110001000010 n
b000000001000100010011 m
b000000001000100010011 l
b000010010101100110101 k
b00000000000000000000000000001110 v
b00000000000000000000000000000110 v
#796000
0*
0B
#796400
1*
1B
b00000000000001111100100 2
b0001 N
b00000100001 \
b01101001101 [
b00001110100 ^
b01110011001 ]
b000100001111010011001 n
b000001010000011110111 m
b000001010000011110111 l
b000001000010000101111 k
#796800
0*
0B
#797200
1*
1B
b00000000000001111100101 2
b0010 N
b00001110100 \
b01110011001 [
b00110001101 ^
b01111111111 ]
b000101000110100110010 n
b000011101110001100111 m
b000011101110001100111 l
b000010000100110000101 k
#797600
0*
0B
#798000
1*
1B
b00000000000001111100110 2
b0011 N
b00110001101 \
b01111111111 [
b01000010000 ^
b001000010101101100001 n
b000001111110101001101 m
b000001111110101001101 l
b000000111100001000001 k
#798400
0*
0B
#798800
1*
1B
b00000000000001111100111 2
b0100 N
b01000010000 \
b01111101011 ^
b01111010001 ]
b001010001101001011010 n
b000111100110000101111 m
b000111100110000101111 l
b000011100100000101001 k
#799200
0*
0B
#799600
1*
1B
b00000000000001111101000 2
b0101 N
b01111101011 \
b01111010001 [
b01110111100 ^
b00111111011 ]
b011000011011110100101 n
b001010011101010010101 m
b001010011101010010101 l
b001000001001011111111 k
#800000
0*
0B
#800400
1*
1B
b00000000000001111101001 2
b0110 N
b01110111100 \
b00111111011 [
b00111111101 ^
b00110011101 ]
b010000001001001001010 n
b000010010111110011101 m
b000010010111110011101 l
b000101011000011101111 k
#800800
0*
0B
#801200
1*
1B
b00000000000001111101010 2
b0111 N
b00111111101 \
b00110011101 [
b1011 I
b00010011010 ^
b01001110011 ]
b000010110010111101001 n
b111111011010101101001 m
b111111011010101101001 l
1Z
b000011011101001000111 k
b0011 I
#801600
0*
0B
#802000
1*
1B
b00000000000001111101011 2
b0000 N
b00010011010 \
b01001110011 [
b0011 H
b00000100001 ^
b01101001101 ]
b000000011110001000010 n
b000000001000100010011 m
b000000001000100010011 l
0Z
b000010010101100110101 k
b00000000000000000000000000001110 v
b00000000000000000000000000000110 v
#802400
0*
0B
#802800
1*
1B
b00000000000001111101100 2
b0001 N
b00000100001 \
b01101001101 [
b000000011110001000010 U
b0000 T
b0000 V
b00010011010 d
b01001110011 c
b0000 W
b00010011010 h
b01001110011 g
b00001110100 ^
b01110011001 ]
b000100001111010011001 n
b000001010000011110111 m
b000001010000011110111 l
b000001000010000101111 k
b00000000000000000000000000001110 v
b01101001101 e
b00000100001 f
b00010011010 r
b01001110011 q
b00110011101 i
b00111111101 j
b000000000000000000000 u
b00111111101 t
b00110011101 s
b111111011010101101001 u
#803200
0*
0B
#803600
1*
1B
b00000000000001111101101 2
b0010 N
b00001110100 \
b01110011001 [
b00110001101 ^
b01111111111 ]
b000101000110100110010 n
b000011101110001100111 m
b000011101110001100111 l
b000010000100110000101 k
#804000
0*
0B
#804400
1*
1B
b00000000000001111101110 2
b0011 N
b00110001101 \
b01111111111 [
b01000010000 ^
b001000010101101100001 n
b000001111110101001101 m
b000001111110101001101 l
b000000111100001000001 k
#804800
0*
0B
#805200
1*
1B
b00000000000001111101111 2
b0100 N
b01000010000 \
b01111101011 ^
b01111010001 ]
b001010001101001011010 n
b000111100110000101111 m
b000111100110000101111 l
b000011100100000101001 k
#805600
0*
0B
#806000
1*
1B
b00000000000001111110000 2
b0101 N
b01111101011 \
b01111010001 [
b01110111100 ^
b00111111011 ]
b011000011011110100101 n
b001010011101010010101 m
b001010011101010010101 l
b001000001001011111111 k
#806400
0*
0B
#806800
1*
1B
b00000000000001111110001 2
b0110 N
b01110111100 \
b00111111011 [
b00111111101 ^
b00110011101 ]
b010000001001001001010 n
b000010010111110011101 m
b000010010111110011101 l
b000101011000011101111 k
#807200
0*
0B
#807600
1*
1B
b00000000000001111110010 2
b0111 N
b00111111101 \
b00110011101 [
b0100 I
b00010011010 ^
b01001110011 ]
b000010110010111101001 n
b111111011010101101001 m
b111111011010101101001 l
1Z
b000011011101001000111 k
#808000
0*
0B
#808400
1*
1B
b00000000000001111110011 2
b0000 N
b00010011010 \
b01001110011 [
b0100 H
b0101 I
b00000100001 ^
b01101001101 ]
b000000011110001000010 n
b000000001000100010011 m
b000000001000100010011 l
0Z
b000010010101100110101 k
b00000000000000000000000000000110 v
b00000100001 t
b01101001101 s
b111111110111011101101 u
#808800
0*
0B
#809200
1*
1B
b00000000000001111110100 2
b0101 H
b011111111111111111111 U
b00000000000000000000000000001110 v
b00000000000000000000000000000110 v
b00111111101 t
b00110011101 s
b111111011010101101001 u
#809600
0*
0B
#810000
1*
1B
b00000000000001111110101 2
b0001 N
b00000100001 \
b01101001101 [
b0111 W
b00111111101 h
b00110011101 g
b0001 X
b00001110100 ^
b01110011001 ]
b000100001111010011001 n
b000001010000011110111 m
b000001010000011110111 l
b000001000010000101111 k
b00111111101 r
b00110011101 q
b00111111011 i
b01110111100 j
b000000000000000000000 u
b01110111100 t
b00111111011 s
b000010010111110011101 u
b0110 I
#810400
0*
0B
#810800
1*
1B
b00000000000001111110110 2
b0000 N
b00010011010 \
b01001110011 [
b0110 H
b0000 X
b0111 I
b00000100001 ^
b01101001101 ]
b000000011110001000010 n
b000000001000100010011 m
b000000001000100010011 l
b000010010101100110101 k
b00000000000000000000000000001110 v
b00000000000000000000000000000110 v
#811200
0*
0B
#811600
1*
1B
b00000000000001111110111 2
b0111 H
b00000 Y
b0001 X
b00000000000000000000000000001110 v
b00000000000000000000000000000110 v
b1001 I
#812000
0*
0B
#812400
1*
1B
b00000000000001111111000 2
b1001 H
b11111 Y
b1001 M
b00000000000000000000000000001101 v
b00000000000000000000000000000110 v
b1000 I
#812800
0*
0B
#813200
1*
1B
b00000000000001111111001 2
b1000 H
b1001 L
b01110111100 h
b00011100101 d
b00011100101 \
b00111111011 g
b01000010000 c
b01000010000 [
1E
1-
b00000000000000000000000000001110 v
b00000000000000000000000000000110 v
b01110111100 r
b00111111011 q
b0001 I
b01111010001 i
b01111101011 j
b00010011010 f
b00010011010 ^
b000000000000000000000 n
b000000000000000000000 m
b000000000000000000000 l
b000010011001110111011 k
b01001110011 e
b01001110011 ]
b000000000000000000000 u
b01111101011 t
b01111010001 s
b000001001010001111101 k
b001010011101010010101 u
#813600
0*
0B
#814000
1*
1B
b00000000000001111111010 2
b0001 H
0E
0-
b00000000000000000000000000001110 v
b00000000000000000000000000000110 v
#814100
b00110000 ;
b100 <
b10000 ,
b10000 D
#814400
0*
0B
#814800
1*
1B
b00000000000001111111011 2
b0001 N
b00010011010 \
b01001110011 [
b1000000000 J
b01000000000 a
b00000100001 ^
b01101001101 ]
b000000100100110100010 n
b000000000100110000011 m
b000000000100110000011 l
b000010010101100110101 k
b00000000000000000000000000001110 v
b00000000000000000000000000000110 v
b01000000000 o
b001010011011110100101 u
#814900
b011 <
#815200
0*
0B
#815600
1*
1B
b00000000000001111111100 2
b0010 N
b00000100001 \
b01101001101 [
b1000010000 J
b01000010000 a
b00001110100 ^
b01110011001 ]
b000100001111010011001 n
b000001010000011110111 m
b000001010000011110111 l
b000001000010000101111 k
b00000000000000000000000000001110 v
b00000000000000000000000000000110 v
b01000010000 o
b001010011101010010101 u
#815700
b010 <
b10110 ,
b10110 D
#816000
0*
0B
#816400
1*
1B
b00000000000001111111101 2
b0011 N
b00001110100 \
b01110011001 [
b1011000000 K
b01011000000 b
b00110001101 ^
b01111111111 ]
b001111010000111100001 n
b000101001100110101001 m
b000101001100110101001 l
b000010000100110000101 k
b00000000000000000000000000001110 v
b00000000000000000000000000000110 v
b01011000000 p
b000011101001010000011 u
#816500
b001 <
b01010 ,
b01010 D
#816800
0*
0B
#817200
1*
1B
b00000000000001111111110 2
b000 <
b0100 N
b00110001101 \
b01111111111 [
b1011001010 K
b01011001010 b
b00000 ,
b00000 D
b0010 I
b01000010000 ^
b001010100010110101010 n
b000001111110101001101 m
b000001111110101001101 l
b000000111100001000001 k
b00000000000000000000000000001110 v
b00000000000000000000000000000110 v
b01011001010 p
b000011100000000100111 u
#817600
0*
0B
#818000
1*
1B
b00000000000001111111111 2
b0000 N
b00011100101 \
b01000010000 [
b0010 H
b00010011010 ^
b01001110011 ]
b000111001011011011001 n
b000001011101110001111 m
b000001011101110001111 l
b000001001010001111101 k
b00000000000000000000000000001110 v
b00000000000000000000000000000110 v
#818400
0*
0B
#818800
1*
1B
b00000000000010000000000 2
b0001 N
b00010011010 \
b01001110011 [
b00000100001 ^
b01101001101 ]
b001001110111101001001 n
b000011010111000010101 m
b000011010111000010101 l
b000010010101100110101 k
#819200
0*
0B
#819600
1*
1B
b00000000000010000000001 2
b0010 N
b00000100001 \
b01101001101 [
b00001110100 ^
b01110011001 ]
b010001001110000011010 n
b000010011000011110011 m
b000010011000011110011 l
b000001000010000101111 k
#820000
0*
0B
#820400
1*
1B
b00000000000010000000010 2
b0011 N
b00001110100 \
b01110011001 [
b00110001101 ^
b01111111111 ]
b001111101000000110101 n
b000101001110110100101 m
b000101001110110100101 l
b000010000100110000101 k
#820800
0*
0B
#821200
1*
1B
b00000000000010000000011 2
b0100 N
b00110001101 \
b01111111111 [
b01000010000 ^
b001010100010110101010 n
b000001111110101001101 m
b000001111110101001101 l
b000000111100001000001 k
#821600
0*
0B
#822000
1*
1B
b00000000000010000000100 2
b0101 N
b01000010000 \
b01111101011 ^
b01111010001 ]
b001000100010001000101 n
b000110111010100001001 m
b000110111010100001001 l
b000011100100000101001 k
#822400
0*
0B
#822800
1*
1B
b00000000000010000000101 2
b0110 N
b01111101011 \
b01111010001 [
b01110111100 ^
b00111111011 ]
b001000101100111000010 n
b000011100000000100111 m
b000011100000000100111 l
b001000001001011111111 k
#823200
0*
0B
#823600
1*
1B
b00000000000010000000110 2
b0111 N
b01110111100 \
b00111111011 [
b00111111101 ^
b00110011101 ]
b000001110011001111101 n
b000000111110110000111 m
b000000111110110000111 l
b000101011000011101111 k
#824000
0*
0B
#824400
1*
1B
b00000000000010000000111 2
b1000 N
b00111111101 \
b00110011101 [
b1011 I
b00011100101 ^
b01000010000 ]
b000001101011111010010 n
b000001101100111011111 m
b000001101100111011111 l
b000010111000001100001 k
#824800
0*
0B
#825200
1*
1B
b00000000000010000001000 2
b0000 N
b00011100101 \
b01000010000 [
b1011 H
b0111 I
b00010011010 ^
b01001110011 ]
b000111001011011011001 n
b000001011101110001111 m
b000001011101110001111 l
b000001001010001111101 k
b00000000000000000000000000001110 v
b00000000000000000000000000000110 v
#825600
0*
0B
#826000
1*
1B
b00000000000010000001001 2
b0111 H
b111 S
b00010 Y
b1000010000 F
b1000010000 .
1G
1/
b00000000000000000000000000001110 v
b00000000000000000000000000000110 v
#826400
0*
0B
#826800
1*
1B
b00000000000010000001010 2
1@
b1000010000 =
b0001 N
b00010011010 \
b01001110011 [
b00001 Y
b00000100001 ^
b01101001101 ]
b001001110111101001001 n
b000011010111000010101 m
b000011010111000010101 l
b000010010101100110101 k
b1011001010 F
b1011001010 .
#827200
0*
0B
#827600
1*
1B
b1011001010 >
b00000000000000000000000000000000 ?
b00000000000000000000000000000001 ?
b00011110 3
b00000000000010000001011 2
0@
b0010 N
b00000100001 \
b01101001101 [
b00000 Y
b1001 I
b00001110100 ^
b01110011001 ]
b010001001110000011010 n
b000010011000011110011 m
b000010011000011110011 l
b000001000010000101111 k
bxxxxxxxxxx F
bxxxxxxxxxx .
0G
0/
#828000
0*
0B
#828400
1*
1B
b0000000010 9
b00000000000010000001100 2
b0000 N
b00011100101 \
b01000010000 [
b1001 H
b11111 Y
b1000 I
b00010011010 ^
b01001110011 ]
b000111001011011011001 n
b000001011101110001111 m
b000001011101110001111 l
b000001001010001111101 k
b00000000000000000000000000001110 v
b00000000000000000000000000000110 v
#828800
0*
0B
#829200
1*
1B
b00000000000010000001101 2
b1000 H
1E
1-
b00000000000000000000000000001110 v
b00000000000000000000000000000110 v
b0001 I
#829600
0*
0B
#830000
1*
1B
b00000000000010000001110 2
b0001 H
b000 S
0E
0-
b00000000000000000000000000001110 v
b00000000000000000000000000000110 v
#830100
b00110001 ;
b100 <
b01111 ,
b01111 D
#830400
0*
0B
#830800
1*
1B
b00000000000010000001111 2
b0001 N
b00010011010 \
b01001110011 [
b0111100000 J
b00111100000 a
b00000100001 ^
b01101001101 ]
b001010001110101101001 n
b000011001011101100101 m
b000011001011101100101 l
b000010010101100110101 k
b00000000000000000000000000001110 v
b00000000000000000000000000000110 v
b00111100000 o
b000011011011101010111 u
#830900
b011 <
b10100 ,
b10100 D
#831200
0*
0B
#831600
1*
1B
b00000000000010000010000 2
b0010 N
b00000100001 \
b01101001101 [
b0111110100 J
b00111110100 a
b00001110100 ^
b01110011001 ]
b010001110010010000010 n
b000010011101000000111 m
b000010011101000000111 l
b000001000010000101111 k
b00000000000000000000000000001110 v
b00000000000000000000000000000110 v
b00111110100 o
b000011011101100000011 u
#831700
b010 <
b00011 ,
b00011 D
#832000
0*
0B
#832400
1*
1B
b00000000000010000010001 2
b0011 N
b00001110100 \
b01110011001 [
b0001100000 K
b00001100000 b
b00110001101 ^
b01111111111 ]
b000101011010111101001 n
b000011100011000100101 m
b000011100011000100101 l
b000010000100110000101 k
b00000000000000000000000000001110 v
b00000000000000000000000000000110 v
b00001100000 p
b001100010100110011111 u
#832500
b001 <
b11011 ,
b11011 D
#832800
0*
0B
#833200
1*
1B
b00000000000010000010010 2
b000 <
b0100 N
b00110001101 \
b01111111111 [
b0001111011 K
b00001111011 b
b00000 ,
b00000 D
b0010 I
b01000010000 ^
b001010101000110111101 n
b000010000101110100001 m
b000010000101110100001 l
b000000111100001000001 k
b00000000000000000000000000001110 v
b00000000000000000000000000000110 v
b00001111011 p
b001011111100000001101 u
#833600
0*
0B
#834000
1*
1B
b00000000000010000010011 2
b0000 N
b00011100101 \
b01000010000 [
b0010 H
b00010011010 ^
b01001110011 ]
b000000010111011110100 n
b111111100111011001110 m
b111111100111011001110 l
1Z
b000001001010001111101 k
b00000000000000000000000000001110 v
b00000000000000000000000000000110 v
b0011 I
#834400
0*
0B
#834800
1*
1B
b00000000000010000010100 2
b0011 H
b00000000000000000000000000001110 v
b00000000000000000000000000000110 v
#835200
0*
0B
#835600
1*
1B
b00000000000010000010101 2
b0001 N
b00010011010 \
b01001110011 [
b000000010111011110100 U
b0000 W
b00011100101 h
b01000010000 g
b00000100001 ^
b01101001101 ]
b000000100001011000010 n
b111111010100110010011 m
b111111010100110010011 l
b000010010101100110101 k
b00011100101 r
b01000010000 q
b00110011101 i
b00111111101 j
b000000110010101000010 u
b00111111101 t
b00110011101 s
b111111011000111000010 u
#836000
0*
0B
#836400
1*
1B
b00000000000010000010110 2
b0010 N
b00000100001 \
b01101001101 [
b00001110100 ^
b01110011001 ]
b000011111000010010101 n
b000001000101010010011 m
b000001000101010010011 l
0Z
b000001000010000101111 k
#836800
0*
0B
#837200
1*
1B
b00000000000010000010111 2
b0011 N
b00001110100 \
b01110011001 [
b00110001101 ^
b01111111111 ]
b000101011010010001010 n
b000011101000011100111 m
b000011101000011100111 l
b000010000100110000101 k
#837600
0*
0B
#838000
1*
1B
b00000000000010000011000 2
b0100 N
b00110001101 \
b01111111111 [
b01000010000 ^
b001010101000110111101 n
b000010000101110100001 m
b000010000101110100001 l
b000000111100001000001 k
#838400
0*
0B
#838800
1*
1B
b00000000000010000011001 2
b0101 N
b01000010000 \
b01111101011 ^
b01111010001 ]
b001101010110100110010 n
b001000001001100101111 m
b001000001001100101111 l
b000011100100000101001 k
#839200
0*
0B
#839600
1*
1B
b00000000000010000011010 2
b0110 N
b01111101011 \
b01111010001 [
b01110111100 ^
b00111111011 ]
b011110100100111001001 n
b001011111100000001101 m
b001011111100000001101 l
b001000001001011111111 k
#840000
0*
0B
#840400
1*
1B
b00000000000010000011011 2
b0111 N
b01110111100 \
b00111111011 [
b00111111101 ^
b00110011101 ]
b010101001011010110010 n
b000010010010110100101 m
b000010010010110100101 l
b000101011000011101111 k
#840800
0*
0B
#841200
1*
1B
b00000000000010000011100 2
b1000 N
b00111111101 \
b00110011101 [
b0100 I
b00011100101 ^
b01000010000 ]
b000100110001110010101 n
b111111011000111000010 m
b111111011000111000010 l
1Z
b000010111000001100001 k
#841600
0*
0B
#842000
1*
1B
b00000000000010000011101 2
b0000 N
b00011100101 \
b01000010000 [
b0100 H
b0101 I
b00010011010 ^
b01001110011 ]
b000000010111011110100 n
b111111100111011001110 m
b111111100111011001110 l
b000001001010001111101 k
b00000000000000000000000000001110 v
b00000000000000000000000000000110 v
b00010011010 t
b01001110011 s
b000000011000100110010 u
b0100 I
#842400
0*
0B
#842800
1*
1B
b00000000000010000011110 2
b0001 N
b00010011010 \
b01001110011 [
b011111111111111111111 U
b0001 V
b00010011010 d
b01001110011 c
b00000100001 ^
b01101001101 ]
b000000100001011000010 n
b111111010100110010011 m
b111111010100110010011 l
b000010010101100110101 k
b00000000000000000000000000001110 v
b01101001101 e
b00000100001 f
b00000100001 t
b01101001101 s
b00010011010 r
b01001110011 q
b000000101011001101101 u
#843200
0*
0B
#843600
1*
1B
b00000000000010000011111 2
b0010 N
b00000100001 \
b01101001101 [
b0010 V
b00000100001 d
b01101001101 c
b00001110100 ^
b01110011001 ]
b000011111000010010101 n
b000001000101010010011 m
b000001000101010010011 l
0Z
b000001000010000101111 k
b01110011001 e
b00001110100 f
b00001110100 t
b01110011001 s
b00000100001 r
b01101001101 q
b111110111010101101101 u
b0101 I
#844000
0*
0B
#844400
1*
1B
b00000000000010000100000 2
b0000 N
b00011100101 \
b01000010000 [
b0101 H
b00010011010 ^
b01001110011 ]
b000000010111011110100 n
b111111100111011001110 m
b111111100111011001110 l
1Z
b000001001010001111101 k
b00000000000000000000000000000110 v
b00111111101 t
b00110011101 s
b00011100101 r
b01000010000 q
b111111011000111000010 u
#844800
0*
0B
#845200
1*
1B
b00000000000010000100001 2
b0001 N
b00010011010 \
b01001110011 [
b1000 W
b00111111101 h
b00110011101 g
b00000100001 ^
b01101001101 ]
b000000100001011000010 n
b111111010100110010011 m
b111111010100110010011 l
b000010010101100110101 k
b00111111101 r
b00110011101 q
b00111111011 i
b01110111100 j
b000000000000000000000 u
b01110111100 t
b00111111011 s
b000010010010110100101 u
b0110 I
#845600
0*
0B
#846000
1*
1B
b00000000000010000100010 2
b0000 N
b00011100101 \
b01000010000 [
b0110 H
b0000 X
b00010011010 ^
b01001110011 ]
b000000010111011110100 n
b111111100111011001110 m
b111111100111011001110 l
b000001001010001111101 k
b00000000000000000000000000001110 v
b00000000000000000000000000000110 v
#846400
0*
0B
#846800
1*
1B
b00000000000010000100011 2
b0001 N
b00010011010 \
b01001110011 [
b001 S
b00000 Y
b0001 X
b00000100001 ^
b01101001101 ]
b000000100001011000010 n
b111111010100110010011 m
b111111010100110010011 l
b000010010101100110101 k
b00000000000000000000000000001110 v
b00000000000000000000000000000110 v
#847200
0*
0B
#847600
1*
1B
b00000000000010000100100 2
b0010 N
b00000100001 \
b01101001101 [
b010 S
b00010 Y
b0010 X
b0111 I
b00001110100 ^
b01110011001 ]
b000011111000010010101 n
b000001000101010010011 m
b000001000101010010011 l
0Z
b000001000010000101111 k
b00000000000000000000000000001110 v
b00000000000000000000000000000110 v
b1000010000 F
b1000010000 .
#848000
0*
0B
#848400
1*
1B
b00000000000010000100101 2
b0000 N
b00011100101 \
b01000010000 [
b0111 H
b00100 Y
b0011 X
b00010011010 ^
b01001110011 ]
b000000010111011110100 n
b111111100111011001110 m
b111111100111011001110 l
1Z
b000001001010001111101 k
b1001110011 F
b1001110011 .
1G
1/
b00000000000000000000000000001110 v
b00000000000000000000000000000110 v
#848800
0*
0B
#849200
1*
1B
b00000000000010000100110 2
1@
b1001110011 =
b0001 N
b00010011010 \
b01001110011 [
b00011 Y
b00000100001 ^
b01101001101 ]
b000000100001011000010 n
b111111010100110010011 m
b111111010100110010011 l
b000010010101100110101 k
b0010011010 F
b0010011010 .
#849600
0*
0B
#850000
1*
1B
b0010011010 >
b00000000000000000000000000000000 ?
b00000000000000000000000000000001 ?
b00000000000010000100111 2
0@
b0010 N
b00000100001 \
b01101001101 [
b00010 Y
b00001110100 ^
b01110011001 ]
b000011111000010010101 n
b000001000101010010011 m
b000001000101010010011 l
0Z
b000001000010000101111 k
b1000010000 F
b1000010000 .
#850400
0*
0B
#850800
1*
1B
b00000000000010000101000 2
1@
b1000010000 =
b0011 N
b00001110100 \
b01110011001 [
b00001 Y
b00110001101 ^
b01111111111 ]
b000101011010010001010 n
b000011101000011100111 m
b000011101000011100111 l
b000010000100110000101 k
b0011100101 F
b0011100101 .
#851200
0*
0B
#851600
1*
1B
b0011100101 >
b00000000000000000000000000000000 ?
b00000000000000000000000000000001 ?
b00011111 3
b00000000000010000101001 2
0@
b0100 N
b00110001101 \
b01111111111 [
b00000 Y
b1001 I
b01000010000 ^
b001010101000110111101 n
b000010000101110100001 m
b000010000101110100001 l
b000000111100001000001 k
bxxxxxxxxxx F
bxxxxxxxxxx .
0G
0/
#852000
0*
0B
#852400
1*
1B
b0000000001 9
b00000000000010000101010 2
b0000 N
b00011100101 \
b01000010000 [
b1001 H
b11111 Y
b1000 I
b00010011010 ^
b01001110011 ]
b000000010111011110100 n
b111111100111011001110 m
b111111100111011001110 l
1Z
b000001001010001111101 k
b1000 M
b00000000000000000000000000001101 v
b00000000000000000000000000000110 v
#852800
0*
0B
#853200
1*
1B
b00000000000010000101011 2
b1000 H
b1000 L
b00011100101 h
b00001110100 d
b00001111011 \
b01000010000 g
b01110011001 c
b00111110100 [
1E
1-
b00000000000000000000000000001110 v
b00000000000000000000000000000110 v
b00011100101 r
b01000010000 q
b0001 I
b00110011101 i
b00111111101 j
b00110001101 f
b00000100001 ^
b000000000000000000000 n
b000000000000000000000 m
b000000000000000000000 l
0Z
b000001111011010011011 k
b01111111111 e
b01101001101 ]
b111111010011111001010 u
b00111111101 t
b00110011101 s
b000011111000000011101 k
b111111011000111000010 u
#853600
0*
0B
#854000
1*
1B
b00000000000010000101100 2
b0001 H
b000 S
0E
0-
b00000000000000000000000000001110 v
b00000000000000000000000000000110 v
#854100
b00110010 ;
b100 <
b01111 ,
b01111 D
#854400
0*
0B
#854800
1*
1B
b00000000000010000101101 2
b0001 N
b00000100001 \
b01101001101 [
b0111100000 J
b00111100000 a
b00001110100 ^
b01110011001 ]
b000100010100000001101 n
b000001001000100001111 m
b000001001000100001111 l
b000001000010000101111 k
b00000000000000000000000000001110 v
b00000000000000000000000000000110 v
b00111100000 o
b111111001101111100010 u
#854900
b011 <
b10100 ,
b10100 D
#855200
0*
0B
#855600
1*
1B
b00000000000010000101110 2
b0010 N
b00001110100 \
b01110011001 [
b0111110100 J
b00111110100 a
b00110001101 ^
b01111111111 ]
b000101011010010001010 n
b000011101000011100111 m
b000011101000011100111 l
b000010000100110000101 k
b00000000000000000000000000001110 v
b00000000000000000000000000000110 v
b00111110100 o
b111111011000111000010 u
#855700
b010 <
b11000 ,
b11000 D
#856000
0*
0B
#856400
1*
1B
b00000000000010000101111 2
b0011 N
b00110001101 \
b01111111111 [
b1100000000 K
b01100000000 b
b01000010000 ^
b001100100011000100010 n
b000010000101110100001 m
b000010000101110100001 l
b000000111100001000001 k
b00000000000000000000000000001110 v
b00000000000000000000000000000110 v
b01100000000 p
b000001101001110000001 u
#856500
b001 <
b00000 ,
b00000 D
#856800
0*
0B
#857200
1*
1B
b00000000000010000110000 2
b000 <
b0100 N
b01000010000 \
b0010 I
b01111101011 ^
b01111010001 ]
b001010000110101111001 n
b000111001111101001001 m
b000111001111101001001 l
b000011100100000101001 k
#857600
0*
0B
#858000
1*
1B
b00000000000010000110001 2
b0000 N
b00001111011 \
b00111110100 [
b0010 H
b00000100001 ^
b01101001101 ]
b001100101100100011001 n
b000110110010100111101 m
b000110110010100111101 l
b000011111000000011101 k
b00000000000000000000000000001110 v
b00000000000000000000000000000110 v
#858400
0*
0B
#858800
1*
1B
b00000000000010000110010 2
b0001 N
b00000100001 \
b01101001101 [
b00001110100 ^
b01110011001 ]
b010100000111100110010 n
b000010100101000001111 m
b000010100101000001111 l
b000001000010000101111 k
#859200
0*
0B
#859600
1*
1B
b00000000000010000110011 2
b0010 N
b00001110100 \
b01110011001 [
b00110001101 ^
b01111111111 ]
b010010011000011101001 n
b000101101000111100101 m
b000101101000111100101 l
b000010000100110000101 k
#860000
0*
0B
#860400
1*
1B
b00000000000010000110100 2
b0011 N
b00110001101 \
b01111111111 [
b01000010000 ^
b001100100011000100010 n
b000010000101110100001 m
b000010000101110100001 l
b000000111100001000001 k
#860800
0*
0B
#861200
1*
1B
b00000000000010000110101 2
b0100 N
b01000010000 \
b01111101011 ^
b01111010001 ]
b001010000110101111001 n
b000111001111101001001 m
b000111001111101001001 l
b000011100100000101001 k
#861600
0*
0B
#862000
1*
1B
b00000000000010000110110 2
b0101 N
b01111101011 \
b01111010001 [
b01110111100 ^
b00111111011 ]
b001000101000010000010 n
b000010101011111011111 m
b000010101011111011111 l
b001000001001011111111 k
#862400
0*
0B
#862800
1*
1B
b00000000000010000110111 2
b0110 N
b01110111100 \
b00111111011 [
b00111111101 ^
b00110011101 ]
b000001000101001000001 n
b000000011100011001111 m
b000000011100011001111 l
b000101011000011101111 k
#863200
0*
0B
#863600
1*
1B
b00000000000010000111000 2
b0111 N
b00111111101 \
b00110011101 [
b1011 I
b00001111011 ^
b00111110100 ]
b000010010001110011010 n
b000001101101100110011 m
b000001101101100110011 l
b000100001010111010011 k
#864000
0*
0B
#864400
1*
1B
b00000000000010000111001 2
b0000 N
b00001111011 \
b00111110100 [
b1011 H
b0111 I
b00000100001 ^
b01101001101 ]
b001100101100100011001 n
b000110110010100111101 m
b000110110010100111101 l
b000011111000000011101 k
b00000000000000000000000000001110 v
b00000000000000000000000000000110 v
#864800
0*
0B
#865200
1*
1B
b00000000000010000111010 2
b0111 H
b111 S
b00010 Y
b0111110100 F
b0111110100 .
1G
1/
b00000000000000000000000000001110 v
b00000000000000000000000000000110 v
#865600
0*
0B
#866000
1*
1B
b00000000000010000111011 2
1@
b0111110100 =
b0001 N
b00000100001 \
b01101001101 [
b00001 Y
b00001110100 ^
b01110011001 ]
b010100000111100110010 n
b000010100101000001111 m
b000010100101000001111 l
b000001000010000101111 k
b1100000000 F
b1100000000 .
#866400
0*
0B
#866800
1*
1B
b1100000000 >
b00000000000000000000000000000000 ?
b00000000000000000000000000000001 ?
b00100000 3
